product_id,brand,product_name,pack_size,pack_size_value,pack_size_unit,mrp,selling_price,discount_pct,rating,rating_count,product_url,product_image_url,source,collection_date,pack_size_ml,pack_size_g,price_per_100ml_calculated,price_per_100g_calculated,brand_standardized,company_group,discount_pct_calculated,product_category,price_per_100ml,data_quality_score,data_quality_category,is_duplicate
B0D6MY6FMR,Ariel,Ariel Power Gel Liquid Detergent for Top Load & Semi Auto – 6kg | Removes 100 Dried Stains in 1 Wash | Faster Dissolving | Long-Lasting Fragrance | Color Protection | At the price of Powders,6 kg,6.0,kg,1009.0,810.0,19.72,4.4,5,,https://m.media-amazon.com/images/I/71X1Jt6RcWL._AC_UL320_.jpg,Amazon India,2026-08-18,6000.0,6000.0,,13.5,Ariel,Competitor,19.722497522299307,Liquid Detergent,13.5,100.0,Excellent,False
B0CH9SJVBP,Beco,Beco Natural Liquid Detergent Top Load - 2L Refill Pack | Tough Stain Removal | Lavender & Vanilla Freshness | Retains Brightness & Shine | Chemical Free | Top Load Washing Machine Detergent Liquid,2 l,2.0,l,399.0,225.0,43.61,4.2,5,,https://m.media-amazon.com/images/I/614wytJZHXL._AC_UL320_.jpg,Amazon India,2026-08-18,2000.0,,11.25,,Beco,Competitor,43.609022556390975,Liquid Detergent,11.25,100.0,Excellent,False
B0H6K3BZGB,Enzo,"ENZO | All-in-One Liquid Laundry Detergent | Tough Stain Remover | Front Load, Top Load & Hand Wash | Fresh Fragrance | 2L",2 l,2.0,l,199.0,195.0,2.01,5.0,2,,https://m.media-amazon.com/images/I/71XKKh7WfOL._AC_UL320_.jpg,Amazon India,2026-08-18,2000.0,,9.75,,Enzo,Competitor,2.0100502512562812,Liquid Detergent,9.75,100.0,Excellent,False
B0F5MZJBPP,Vooki,"Vooki Biosense Top And Front Load Liquid Detergent With Double Concentrated Formula for Tough Stain Remover, Enhances Fabric Life & Softness - 801 ml (Pack of 2)",801 ml,801.0,ml,,738.0,,4.1,356,,https://m.media-amazon.com/images/I/71oHPT-NNmL._AC_UL320_.jpg,Amazon India,2026-08-18,801.0,,92.13483146067416,,Vooki,Competitor,,Liquid Detergent,92.13483146067416,100.0,Excellent,False
B0D6RKR54N,Safewash,Safewash Front Load Matic Premium Liquid Detergent Refill Pouch | Colour Protect Technology | 2X Stain Removal | Suitable for All Fabrics | 3L or above,3 l,3.0,l,715.0,355.0,50.35,4.4,534,,https://m.media-amazon.com/images/I/619Yj-RaAiL._AC_UL320_.jpg,Amazon India,2026-08-18,3000.0,,11.833333333333334,,Safewash,Competitor,50.349650349650354,Liquid Detergent,11.833333333333334,100.0,Excellent,False
B0DPX93PJ9,Surf Excel,"Surf Excel Matic Top Load Liquid Detergent 5Kg Refill Pouch, Specially designed to remove Tough Dried Stains, 1st time in Washing Machine",5 kg,5.0,kg,740.0,651.0,12.03,4.4,6,https://www.amazon.in/Surf-Excel-Detergent-Specially-designed/dp/B0DPX93PJ9/ref=sr_1_6,https://m.media-amazon.com/images/I/61ShrCBCKrL._AC_UL320_.jpg,Amazon India,2026-08-18,5000.0,5000.0,,13.02,Surf Excel,Competitor,12.027027027027028,Liquid Detergent,13.020000000000001,100.0,Excellent,False
B0GPRPQF23,Godrej Fab,Godrej Fab Liquid Detergent Refill Pouch for Machine & Hand Wash - 5L/5kg,5 l,5.0,l,599.0,525.0,12.35,4.3,13,https://www.amazon.in/Godrej-Fab-Liquid-Detergent-Machine/dp/B0GPRPQF23/ref=sr_1_7,https://m.media-amazon.com/images/I/81j4fQTBsYL._AC_UL320_.jpg,Amazon India,2026-08-18,5000.0,,10.5,,Godrej Fab,Competitor,12.353923205342237,Liquid Detergent,10.5,100.0,Excellent,False
B0CTH85SN6,Tide,Tide Power Gel Liquid Detergent for Top Load & Front Load - 3.2kg | 2x Deep Clean Power | Removes Stains & Dirt | Freshness Boost | Fresh Fragrance,3.2 kg,3.2,kg,405.0,368.0,9.14,4.3,4,https://www.amazon.in/Tide-Liquid-Detergent-Washing-Machine/dp/B0CTH85SN6/ref=sr_1_8,https://m.media-amazon.com/images/I/71d3DWhL10L._AC_UL320_.jpg,Amazon India,2026-08-18,3200.0,3200.0,,11.5,Tide,Competitor,9.135802469135802,Liquid Detergent,11.5,100.0,Excellent,False
B0D2F7NS75,More,"More Light Extra Power Liquid Detergent 5 Litre Pouch with Enzymatic Action Removes Tough Stain | Laundry Liquid Detergent with Refreshing Fragrance for Bucket Wash, Top Load & Front Load Machines",5 l,5.0,l,525.0,399.0,24.0,4.2,4,https://www.amazon.in/Detergent-Enzymatic-Refreshing-Fragrance-Machines/dp/B0D2F7NS75/ref=sr_1_9,https://m.media-amazon.com/images/I/71MmsLIiu5L._AC_UL320_.jpg,Amazon India,2026-08-18,5000.0,,7.979999999999999,,More,Competitor,24.0,Liquid Detergent,7.9799999999999995,100.0,Excellent,False
B0B6J1GM93,Tide,Tide Power Gel Liquid Detergent for Top Load & Front Load - 1kg | 2x Deep Clean Power | Removes Stains & Dirt | Freshness Boost | Fresh Fragrance,1 kg,1.0,kg,217.0,188.0,13.36,4.3,4,,https://m.media-amazon.com/images/I/71CJTz45L4L._AC_UL320_.jpg,Amazon India,2026-08-18,1000.0,1000.0,,18.8,Tide,Competitor,13.36405529953917,Liquid Detergent,18.8,100.0,Excellent,True
B0D6Y9ZTQN,Presto,Amazon Brand - Presto! Active Wash Detergent Liquid | Tough on Stains| Gentle on Fabrics | Colour-Safe (5L),5 l,5.0,l,1000.0,445.0,55.5,4.0,1,,https://m.media-amazon.com/images/I/61PHn1lxiUL._AC_UL320_.jpg,Amazon India,2026-08-18,5000.0,,8.9,,Presto,Competitor,55.50000000000001,Liquid Detergent,8.9,100.0,Excellent,False
B0DLGXX585,Presto,Amazon Brand - Presto! Active Wash Detergent Liquid | 10 Litre | Tough On Stains | Gentle On Fabrics | Machine And Hand Wash,10 l,10.0,l,2000.0,835.0,58.25,4.2,1,,https://m.media-amazon.com/images/I/61vFMCJxqmL._AC_UL320_.jpg,Amazon India,2026-08-18,10000.0,,8.35,,Presto,Competitor,58.25,Liquid Detergent,8.35,100.0,Excellent,False
B0GX79GK44,Presto,Amazon Brand - Presto! Matic Top Load Liquid Detergent Refill Pack 5L | Floral Scent | Intense Cleaning for Top Load Washing Machines,5 l,5.0,l,1000.0,549.0,45.1,4.2,7,,https://m.media-amazon.com/images/I/71QPBQ21-wL._AC_UL320_.jpg,Amazon India,2026-08-18,5000.0,,10.98,,Presto,Competitor,45.1,Liquid Detergent,10.979999999999999,100.0,Excellent,False
B0CSPG8D76,Ariel,Ariel Power Gel Liquid Detergent for Top Load & Semi Auto – 4kg | Removes 100 Dried Stains in 1 Wash | Faster Dissolving | Long-Lasting Fragrance | Color Protection | At the price of Powders,4 kg,4.0,kg,765.0,612.0,20.0,4.4,9,https://www.amazon.in/Ariel-Detergent-Removes-Specially-designed/dp/B0CSPG8D76/ref=sr_1_16,https://m.media-amazon.com/images/I/611TjgxRCSL._AC_UL320_.jpg,Amazon India,2026-08-18,4000.0,4000.0,,15.3,Ariel,Competitor,20.0,Liquid Detergent,15.299999999999999,100.0,Excellent,False
B0F9F3G6TS,Active White,Active White Liquid Detergent - 5L Mega Pack | Lavender Fragrance | Front Load & Top Load Machine Wash & Bucket Wash Expert | Powerful Stain Removal | Gentle on Clothes | Value Family Refill Pack,5 l,5.0,l,450.0,249.0,44.67,3.2,948,https://www.amazon.in/Active-White-Liquid-Detergent-Fragrance/dp/B0F9F3G6TS/ref=sr_1_17,https://m.media-amazon.com/images/I/71sovrWPMDL._AC_UL320_.jpg,Amazon India,2026-08-18,5000.0,,4.98,,Active White,Competitor,44.666666666666664,Liquid Detergent,4.9799999999999995,100.0,Excellent,False
B0DP4K4B5W,Ujala,Ujala Top Load Liquid Detergent Mega Saver 4L Refill Pack | Designed For Tough Dirt Removal | Superior Colour Care with Refreshing Fragrance | Ideal for Bucket Wash and Top Load Washing Machines,4 l,4.0,l,700.0,396.0,43.43,4.4,1,https://www.amazon.in/Detergent-Designed-Superior-Refreshing-Fragrance/dp/B0DP4K4B5W/ref=sr_1_18,https://m.media-amazon.com/images/I/61ZVWRVFYvL._AC_UL320_.jpg,Amazon India,2026-08-18,4000.0,,9.9,,Ujala,Competitor,43.42857142857143,Liquid Detergent,9.9,100.0,Excellent,False
B0BHHZBXV5,Rin,"RIN Matic Liquid Detergent, 2Kg, for Dazzling Brightness, with Bright Lock Technology, Long-Lasting Fragrance, for Top Load Washing Machines",2 kg,2.0,kg,249.0,218.0,12.45,4.4,8,https://www.amazon.in/RIN-Detergent-Brightness-Technology-Long-Lasting/dp/B0BHHZBXV5/ref=sr_1_19,https://m.media-amazon.com/images/I/61X2H9gIOjL._AC_UL320_.jpg,Amazon India,2026-08-18,2000.0,2000.0,,10.9,Rin,Competitor,12.449799196787147,Liquid Detergent,10.9,100.0,Excellent,False
B0CBKKG7TJ,Surf Excel,"Surf Excel Matic Top Load Liquid Detergent 3.2 L Refill, Designed for Tough Stain Removal on Laundry in Washing Machines - Mega Pack (Pack of 2)",3.2 l,3.2,l,1270.0,699.0,44.96,4.4,6,https://www.amazon.in/Surf-Excel-Detergent-Designed-Machines/dp/B0CBKKG7TJ/ref=sr_1_20,https://m.media-amazon.com/images/I/61Ji1jas9oL._AC_UL320_.jpg,Amazon India,2026-08-18,3200.0,,21.84375,,Surf Excel,Competitor,44.960629921259844,Liquid Detergent,21.84375,100.0,Excellent,False
B07VS1YTY2,Safewash,Safewash Front Load Matic Premium Liquid Detergent 1.8L Refill Pouch with Colour-Protect Technology | 2x Stain Removal | For All Types of Fabrics,1.8 l,1.8,l,400.0,225.0,43.75,4.3,3,,https://m.media-amazon.com/images/I/61yIkGm6oDL._AC_UL320_.jpg,Amazon India,2026-08-18,1800.0,,12.5,,Safewash,Competitor,43.75,Liquid Detergent,12.5,100.0,Excellent,False
B0FM49B2LL,Ghadi,"Ghadi Smart Liquid Detergent Lavender Fragrance 2L | For Front Load & Top Load Washing Machines | Deep Cleaning, Long-Lasting Freshness.",2 l,2.0,l,220.0,183.0,16.82,4.3,463,,https://m.media-amazon.com/images/I/71k-IbtbkQL._AC_UL320_.jpg,Amazon India,2026-08-18,2000.0,,9.15,,Ghadi,Competitor,16.818181818181817,Liquid Detergent,9.15,100.0,Excellent,False
B0G4WFR1G2,Henko,"Henko Matic Top Load Liquid Detergent - 5L Jumbo Pack with Nano Fiber Lock Technology, 99.9% Germ Protection, Bio Stain Power & Ultra Color Care which maintains the Newness, Color & Shine",5 l,5.0,l,700.0,574.0,18.0,4.4,500,https://www.amazon.in/Henko-Matic-Load-Liquid-Detergent/dp/B0G4WFR1G2/ref=sr_1_23,https://m.media-amazon.com/images/I/71oV7bNsXGL._AC_UL320_.jpg,Amazon India,2026-08-18,5000.0,,11.48,,Henko,Competitor,18.0,Liquid Detergent,11.48,100.0,Excellent,False
B07F8D6QLL,Surf Excel,"Surf Excel Matic Top Load Liquid Detergent 2 kg Refill|| Specially Designed To Remove Tough Dried Stains, 1st Time In Washing Machine",2 kg,2.0,kg,338.0,322.0,4.73,4.5,52,https://www.amazon.in/Surf-Excel-Matic-Liquid-Detergent/dp/B07F8D6QLL/ref=sr_1_25,https://m.media-amazon.com/images/I/61KIujQIfgL._AC_UL320_.jpg,Amazon India,2026-08-18,2000.0,2000.0,,16.1,Surf Excel,Competitor,4.733727810650888,Liquid Detergent,16.1,100.0,Excellent,False
B0BV2ZJQ59,Moon & Mount,"Moon & Mount Lavender Liquid Detergent 6L for Washing Machine | Enzyme-powered stain removal, color-safe, gentle on sensitive skin, 100+ washes, paraben-free, Top & Front Load ready",6 l,6.0,l,999.0,579.0,42.04,4.0,5,https://www.amazon.in/Moon-Mount-detergent-washing-machine/dp/B0BV2ZJQ59/ref=sr_1_26,https://m.media-amazon.com/images/I/619VPHd9aHL._AC_UL320_.jpg,Amazon India,2026-08-18,6000.0,,9.65,,Moon & Mount,Competitor,42.04204204204204,Liquid Detergent,9.65,100.0,Excellent,False
B07VQYDWWF,Safewash,Safewash Top Load Matic Premium Liquid Detergent 1.8 L Refill Pouch with Colour-Protect Technology | 2x Stain Removal | For All Types of Fabrics,1.8 l,1.8,l,430.0,185.0,56.98,4.3,4,https://www.amazon.in/Safewash-Matic-Liquid-Detergent-Load/dp/B07VQYDWWF/ref=sr_1_27,https://m.media-amazon.com/images/I/61Qtgdw-+3L._AC_UL320_.jpg,Amazon India,2026-08-18,1800.0,,10.277777777777777,,Safewash,Competitor,56.97674418604651,Liquid Detergent,10.277777777777777,100.0,Excellent,False
B0DN9VHZ14,Qssiy,Qssiy Liquid Detergent Suitable For Top Load & Front Load Washing Machine 5L (Fresh),5 l,5.0,l,849.0,349.0,58.89,3.8,1,https://www.amazon.in/Qssiy-Detergent-Suitable-Washing-5L/dp/B0DN9VHZ14/ref=sr_1_28,https://m.media-amazon.com/images/I/512zfGP87PL._AC_UL320_.jpg,Amazon India,2026-08-18,5000.0,,6.98,,Qssiy,Competitor,58.89281507656066,Liquid Detergent,6.98,100.0,Excellent,False
B0DN9Y55H1,Qssiy,Qssiy Liquid Detergent Suitable For Top Load & Front Load Washing Machine 5kg (Lily),5 kg,5.0,kg,849.0,349.0,58.89,3.8,2,https://www.amazon.in/Qssiy-Detergent-Suitable-Washing-5L/dp/B0DN9Y55H1/ref=sr_1_29,https://m.media-amazon.com/images/I/51-Fu5-eOnL._AC_UL320_.jpg,Amazon India,2026-08-18,5000.0,5000.0,,6.98,Qssiy,Competitor,58.89281507656066,Liquid Detergent,6.98,100.0,Excellent,False
B0D6LHT1J6,Detergent,Detergent Liquid 10 L Concentrated Laundry Liquid Detergent Top Load/Bucket Wash,10 l,10.0,l,449.0,399.0,11.14,5.0,16,https://www.amazon.in/Detergent-Liquid-Concentrated-Laundry-Bucket/dp/B0D6LHT1J6/ref=sr_1_30,https://m.media-amazon.com/images/I/61NK4D0RShL._AC_UL320_.jpg,Amazon India,2026-08-18,10000.0,,3.99,,Detergent,Competitor,11.1358574610245,Liquid Detergent,3.9899999999999998,100.0,Excellent,False
B0GDQL1YS9,Beco,Beco Power Up Laundry Detergent Liquid - 5 Ltr Refill Pack | Tough Stain Removal | Retains Brightness and Shine | Chemical Free | Suitable for both Machine and Bucket Wash,Unknown,,,479.0,399.0,16.7,4.2,647,https://www.amazon.in/Beco-Power-Laundry-Detergent-Liquid/dp/B0GDQL1YS9/ref=sr_1_31,https://m.media-amazon.com/images/I/51p4hOz0v5L._AC_UL320_.jpg,Amazon India,2026-08-18,,,,,Beco,Competitor,16.701461377870565,Liquid Detergent,,90.0,Excellent,False
B0D6RJ9VW7,Safewash,Safewash Top Load Matic Premium Liquid Detergent Refill Pouch | Colour Protect Technology | 2X Stain Removal | Suitable for All Fabrics | 3L or above,3 l,3.0,l,635.0,315.0,50.39,4.4,887,https://www.amazon.in/Safewash-Premium-Detergent-Colour-Protect-Technology/dp/B0D6RJ9VW7/ref=sr_1_32,https://m.media-amazon.com/images/I/61xlp+XKDJL._AC_UL320_.jpg,Amazon India,2026-08-18,3000.0,,10.5,,Safewash,Competitor,50.39370078740157,Liquid Detergent,10.5,100.0,Excellent,False
B0D2XQQQ96,Godrej Fab,Godrej Fab Liquid Detergent Refill Pouch for Machine Wash - 2L,2 l,2.0,l,250.0,215.0,14.0,4.3,13,https://www.amazon.in/Godrej-Fab-Liquid-Detergent-Machine/dp/B0D2XQQQ96/ref=sr_1_33,https://m.media-amazon.com/images/I/71fvaQTBSML._AC_UL320_.jpg,Amazon India,2026-08-18,2000.0,,10.75,,Godrej Fab,Competitor,14.000000000000002,Liquid Detergent,10.75,100.0,Excellent,False
B0D3FBVVXP,Henko,"Henko Matic Top Load Liquid Detergent - 3.2L Refill Pouch with Nano Fiber Lock Technology, 99.9% Germ Protection, Bio Stain Power & Ultra Color Care which maintains the Newness, Color & Shine",3.2 l,3.2,l,480.0,386.0,19.58,4.4,2,https://www.amazon.in/Henko-Matic-Load-Liquid-Detergent/dp/B0D3FBVVXP/ref=sr_1_34,https://m.media-amazon.com/images/I/71-XegujEHL._AC_UL320_.jpg,Amazon India,2026-08-18,3200.0,,12.0625,,Henko,Competitor,19.583333333333332,Liquid Detergent,12.0625,100.0,Excellent,False
B089DSWYXQ,Ariel,Ariel Power Gel Liquid Detergent for Top Load & Semi Auto – 2kg | Removes 100 Dried Stains in 1 Wash | Faster Dissolving | Long-Lasting Fragrance | Color Protection | At the price of Powders,2 kg,2.0,kg,430.0,344.0,20.0,4.4,23,https://www.amazon.in/Ariel-Matic-Liquid-Detergent-Litre/dp/B089DSWYXQ/ref=sr_1_35,https://m.media-amazon.com/images/I/715OEG-SCYL._AC_UL320_.jpg,Amazon India,2026-08-18,2000.0,2000.0,,17.2,Ariel,Competitor,20.0,Liquid Detergent,17.2,100.0,Excellent,False
B0CBBTPQT3,Ariel,Ariel Power Gel Liquid Detergent for Top Load & Semi Auto – 3.2kg | Removes 100 Dried Stains in 1 Wash | Faster Dissolving | Long-Lasting Fragrance | Color Protection | At the price of Powders,3.2 kg,3.2,kg,599.0,509.0,15.03,4.5,7,https://www.amazon.in/Ariel-Load-Matic-Liquid-Detergent/dp/B0CBBTPQT3/ref=sr_1_36,https://m.media-amazon.com/images/I/71C+iQxI2nL._AC_UL320_.jpg,Amazon India,2026-08-18,3200.0,3200.0,,15.90625,Ariel,Competitor,15.025041736227045,Liquid Detergent,15.90625,100.0,Excellent,False
B072QRVVDS,Surf Excel,"Surf Excel Matic Top Load Liquid Detergent 1L|| Specially designed to remove Tough Dried Stains, 1st time in Washing Machine",1 l,1.0,l,,220.0,,4.5,15,https://www.amazon.in/Surf-Excel-Matic-Liquid-Detergent/dp/B072QRVVDS/ref=sr_1_37,https://m.media-amazon.com/images/I/518YYVPFCnL._AC_UL320_.jpg,Amazon India,2026-08-18,1000.0,,22.0,,Surf Excel,Competitor,,Liquid Detergent,22.0,100.0,Excellent,False
B0DXK3D16L,Genteel,Genteel Matic Liquid Detergent Refill Pouch for Top load Washing - 4kg | No Soda Formula | with Added Fabric Conditioner,4 kg,4.0,kg,660.0,535.0,18.94,4.3,24,https://www.amazon.in/Genteel-Liquid-Detergent-Refill-Washing/dp/B0DXK3D16L/ref=sr_1_38,https://m.media-amazon.com/images/I/71Oy0Ud+ydL._AC_UL320_.jpg,Amazon India,2026-08-18,4000.0,4000.0,,13.375,Genteel,Competitor,18.939393939393938,Liquid Detergent,13.375,100.0,Excellent,False
B0DYDTRW5X,Ariel,Ariel Power Gel Liquid Detergent for Top Load & Semi Auto – 3.6kg with Lavender Fragrance | Removes 100 Dried Stains in 1 Wash | Faster Dissolving | Color Protection | At the price of Powders,3.6 kg,3.6,kg,765.0,612.0,20.0,4.4,702,https://www.amazon.in/Ariel-Liquid-Detergent-Load-dried/dp/B0DYDTRW5X/ref=sr_1_39,https://m.media-amazon.com/images/I/717kcy0LijL._AC_UL320_.jpg,Amazon India,2026-08-18,3600.0,3600.0,,17.0,Ariel,Competitor,20.0,Liquid Detergent,17.0,100.0,Excellent,False
B0937J8HZ6,Purela,Purela Liquid Detergent 6kg | Fresh | Hard Water | All Machines | 100+ washes at 50ml. fresh 8 hours. Consistent thickness every use. Colour-safe. & laundry service bulk.,6 kg,6.0,kg,1499.0,529.0,64.71,4.0,5,https://www.amazon.in/Purela-Detergent-Laundry-Suitable-Top-Load/dp/B0937J8HZ6/ref=sr_1_40,https://m.media-amazon.com/images/I/615m7mwT2QL._AC_UL320_.jpg,Amazon India,2026-08-18,6000.0,6000.0,,8.816666666666666,Purela,Competitor,64.70980653769179,Liquid Detergent,8.816666666666666,100.0,Excellent,False
B0CBX8JXMH,Shatras,"Shatras Lavender Liquid Detergent 10L (2x5L) | Natural & Eco-Friendly Laundry Care Formula | Gentle Fabric Cleaning | For Top-Load, Front-Load Washing Machines & Hand Wash | Fresh Lavender Fragrance",2 x 5 l,10.0,l,1999.0,799.0,60.03,4.0,3,https://www.amazon.in/Shatras-Eco-friendly-Lavender-Detergent-Ingredients/dp/B0CBX8JXMH/ref=sr_1_41,https://m.media-amazon.com/images/I/51lh1aX4yqL._AC_UL320_.jpg,Amazon India,2026-08-18,5000.0,,7.99,,Shatras,Competitor,60.030015007503756,Liquid Detergent,15.98,100.0,Excellent,False
B0B6J23HDT,Tide,Tide Power Gel Liquid Detergent for Top Load & Front Load - 1kg | 2x Deep Clean Power | Removes Stains & Dirt | Freshness Boost | Fresh Fragrance,1 kg,1.0,kg,187.06,159.0,15.0,4.4,5,https://www.amazon.in/Tide-Matic-Liquid-Detergent-850/dp/B0B6J23HDT/ref=sr_1_42,https://m.media-amazon.com/images/I/61MeajkwtxL._AC_UL320_.jpg,Amazon India,2026-08-18,1000.0,1000.0,,15.9,Tide,Competitor,15.000534587832782,Liquid Detergent,15.9,100.0,Excellent,True
B0CBRKX44K,Shatras,Shatras Laundry Liquid Detergent 5 Liter|Eco-Friendly Natural Laundry Care | Suitable for Top & Front Load Washing Machines|Ideal for Machine Wash & Hand Wash|Gentle Cleaning for All Types of Clothes,5 l,5.0,l,999.0,329.0,67.07,3.8,662,https://www.amazon.in/Shatras-Detergent-Suitable-friendly-detergent/dp/B0CBRKX44K/ref=sr_1_43,https://m.media-amazon.com/images/I/71pnskhHmUL._AC_UL320_.jpg,Amazon India,2026-08-18,5000.0,,6.58,,Shatras,Competitor,67.06706706706707,Liquid Detergent,6.58,100.0,Excellent,False
B0FP2R4HPP,Ghadi,"Ghadi Smart Liquid Detergent Lavender Fragrance 4.5L | For Front Load & Top Load Machines | Deep Cleaning, Long-Lasting Freshness, Gentle on Clothes",4.5 l,4.5,l,480.0,449.0,6.46,4.3,463,https://www.amazon.in/Ghadi-Smart-Detergent-Fragrance-Long-Lasting/dp/B0FP2R4HPP/ref=sr_1_44,https://m.media-amazon.com/images/I/71pBANJbH4L._AC_UL320_.jpg,Amazon India,2026-08-18,4500.0,,9.977777777777778,,Ghadi,Competitor,6.458333333333334,Liquid Detergent,9.977777777777778,100.0,Excellent,False
B0B8YKDCNN,Ujala,Ujala Top Load Liquid Detergent Super Saver 2L Refill Pack | Designed For Tough Dirt Removal | Superior Colour Care with Refreshing Fragrance | Ideal for Bucket Wash and Top Load Washing Machines,2 l,2.0,l,275.0,254.0,7.64,4.3,1,https://www.amazon.in/Ujala-Liquid-Detergent-Refill-machine/dp/B0B8YKDCNN/ref=sr_1_45,https://m.media-amazon.com/images/I/61vnpPgeEfL._AC_UL320_.jpg,Amazon India,2026-08-18,2000.0,,12.7,,Ujala,Competitor,7.636363636363637,Liquid Detergent,12.7,100.0,Excellent,False
B0G2LLRV4B,Shimmer,"Shimmer Liquid Detergent - 5L Pack | Non Toxic & Eco Friendly | Top Load & Front Load Expert | Removes Tough Stains | French Lavender Fragrance | Upgrade from Detergent Powder, No Residue on Clothes",5 l,5.0,l,,650.0,,3.1,603,https://www.amazon.in/Shimmer-Liquid-Detergent-Friendly-Fragrance/dp/B0G2LLRV4B/ref=sr_1_46,https://m.media-amazon.com/images/I/71Bu6kmO4BL._AC_UL320_.jpg,Amazon India,2026-08-18,5000.0,,13.0,,Shimmer,Competitor,,Liquid Detergent,13.0,100.0,Excellent,False
B0DNX2PXZ3,Mr White,"Mr White Liquid Detergent 2L Super Saver Pack | Whiteness Boosters Gives Ultimate Whiteness | No Bleach Formula Keeps Clothes Bright & Safe | Ideal for Front Load, Top Load Machines and Bucket Wash",2 l,2.0,l,,189.0,,4.2,1,https://www.amazon.in/Mr-White-Detergent-Whiteness-Boosters/dp/B0DNX2PXZ3/ref=sr_1_47,https://m.media-amazon.com/images/I/712tIU-eFIL._AC_UL320_.jpg,Amazon India,2026-08-18,2000.0,,9.45,,Mr White,Competitor,,Liquid Detergent,9.45,100.0,Excellent,False
B0CV79KRMG,Presto,Amazon Brand - Presto! Total Wash Matic Detergent Liquid | 5 Litre | Removes Tough Stains | Gentle On Clothes | Refreshing Fragrance | Liquid Detergent For Washing Machine And Hand Wash,5 l,5.0,l,800.0,599.0,25.12,4.2,4,https://www.amazon.in/Amazon-Brand-Detergent-Refreshing-Fragrance/dp/B0CV79KRMG/ref=sr_1_48,https://m.media-amazon.com/images/I/61E6dXdSRlL._AC_UL320_.jpg,Amazon India,2026-08-18,5000.0,,11.98,,Presto,Competitor,25.124999999999996,Liquid Detergent,11.98,100.0,Excellent,False
B0DPX9FBC8,Surf Excel,"Surf Excel Matic Front Load Liquid Detergent 5Kg Refill Pouch, Specially designed to remove Tough Dried Stains, 1st time in Washing Machine",5 kg,5.0,kg,858.0,777.0,9.44,4.4,5,https://www.amazon.in/Surf-Excel-Detergent-Specially-designed/dp/B0DPX9FBC8/ref=sr_1_49,https://m.media-amazon.com/images/I/616R3X-B5cL._AC_UL320_.jpg,Amazon India,2026-08-18,5000.0,5000.0,,15.54,Surf Excel,Competitor,9.44055944055944,Liquid Detergent,15.540000000000001,100.0,Excellent,False
B0BP65M3WY,Presto,Amazon Brand - Presto! Matic Top Load Liquid Detergent | 5 Litre | Removes Tough Stains | Gentle On Clothes | Protects Fabric Color | Bleach-Free & Phosphate-Free,5 l,5.0,l,1000.0,689.0,31.1,4.2,7,https://www.amazon.in/Amazon-Brand-Presto-Detergent-Liquid/dp/B0BP65M3WY/ref=sr_1_50,https://m.media-amazon.com/images/I/61nxDDUicUL._AC_UL320_.jpg,Amazon India,2026-08-18,5000.0,,13.78,,Presto,Competitor,31.1,Liquid Detergent,13.780000000000001,100.0,Excellent,False
B0BV6CVXS1,Moon & Mount,"Moon & Mount Garden Valley Liquid Detergent 6kg for Washing Machine | Enzyme-powered stain removal, color-safe, gentle on sensitive skin, 100+ washes, paraben-free, Top & Front Load ready",6 kg,6.0,kg,1298.0,530.88,59.1,4.1,2,https://www.amazon.in/Moon-Mount-detergent-washing-machine/dp/B0BV6CVXS1/ref=sr_1_52,https://m.media-amazon.com/images/I/61ByolfYKeL._AC_UL320_.jpg,Amazon India,2026-08-18,6000.0,6000.0,,8.848,Moon & Mount,Competitor,59.10015408320493,Liquid Detergent,8.848,100.0,Excellent,False
B0HDPVWVXL,Liquid,"Liquid Detergent 10L, Lavender Fresh & Rose Fresh Fragrance, Powerful Stain Cleaning, Long Lasting Freshness, Suitable for Top Load & Front Load Washing Machines",10 l,10.0,l,,,,,1,https://www.amazon.in/Flexfive-Detergent-Lavender-Fragrance-Freshness/dp/B0HDPVWVXL/ref=sr_1_53,https://m.media-amazon.com/images/I/610dLVANovL._AC_UL320_.jpg,Amazon India,2026-08-18,10000.0,,,,Liquid,Competitor,,Liquid Detergent,,90.0,Excellent,False
B089DTNXQH,Ariel,"Ariel Matic Liquid Detergent, Top Load, 1 Litre",1 l,1.0,l,,215.0,,4.5,5,https://www.amazon.in/Ariel-Matic-Liquid-Detergent-Litre/dp/B089DTNXQH/ref=sr_1_54,https://m.media-amazon.com/images/I/61EV2o+eA9L._AC_UL320_.jpg,Amazon India,2026-08-18,1000.0,,21.5,,Ariel,Competitor,,Liquid Detergent,21.5,100.0,Excellent,False
B083RHLS2B,Ifb,IFB essentials Top Load Liquid Detergent - 880 ml (Pack of 2),880 ml,880.0,ml,640.0,605.0,5.47,4.4,2,https://www.amazon.in/IFB-Liquid-Detergent-Washing-Machine/dp/B083RHLS2B/ref=sr_1_55,https://m.media-amazon.com/images/I/61QSpnjUDHL._AC_UL320_.jpg,Amazon India,2026-08-18,880.0,,68.75,,IFB,Competitor,5.46875,Liquid Detergent,68.75,100.0,Excellent,False
B0DN9YBZSB,Qssiy,"Qssiy Liquid Laundry Detergent Can, Lavender, Concentrated Stain Remover for Hand & Machine Wash",Unknown,,,749.0,349.0,53.4,3.8,3,https://www.amazon.in/Qssiy-Detergent-Suitable-Washing-Lavender/dp/B0DN9YBZSB/ref=sr_1_56,https://m.media-amazon.com/images/I/41gdpWo6VhL._AC_UL320_.jpg,Amazon India,2026-08-18,,,,,Qssiy,Competitor,53.40453938584779,Liquid Detergent,,90.0,Excellent,False
B0DYDQV2P4,Ariel,Ariel Power Gel Liquid Detergent for Top Load & Semi Auto – 900g with Lavender Fragrance | Removes 100 Dried Stains in 1 Wash | Faster Dissolving |Color Protection | At the price of Powders,900 g,900.0,g,250.0,225.0,10.0,4.4,504,https://www.amazon.in/Ariel-Liquid-Detergent-Load-dried/dp/B0DYDQV2P4/ref=sr_1_57,https://m.media-amazon.com/images/I/616OsaCL-dL._AC_UL320_.jpg,Amazon India,2026-08-18,900.0,900.0,,25.0,Ariel,Competitor,10.0,Liquid Detergent,25.0,100.0,Excellent,False
B0BD8V1NRY,Koparo,"Koparo Liquid Detergent | 2 Litre | Top Load & Front Load Washing Machine Liquid Detergent | Organic Bio-Enzymes Laundry Detergent | Tough on Stains, Safe for Kids & Sensitive Skin | Lavender",2 l,2.0,l,585.0,266.0,54.53,4.3,1,https://www.amazon.in/Koparo-Natural-Laundry-Liquid-Detergent/dp/B0BD8V1NRY/ref=sr_1_58,https://m.media-amazon.com/images/I/71wn9OSxgUL._AC_UL320_.jpg,Amazon India,2026-08-18,2000.0,,13.3,,Koparo,Competitor,54.52991452991453,Liquid Detergent,13.3,100.0,Excellent,False
B08JM14DR1,Shatras,"Shatras Liquid Detergent 5 L – Laundry Liquid for Fabric Care, Suitable for Top Load & Front Load Washing Machines and Hand Wash, Concentrated Laundry Detergent",5 l,5.0,l,1499.0,332.0,77.85,3.9,5,https://www.amazon.in/Shatras-Detergent-Suitable-Top-Load-Concentrated/dp/B08JM14DR1/ref=sr_1_59,https://m.media-amazon.com/images/I/61ru2PNHntL._AC_UL320_.jpg,Amazon India,2026-08-18,5000.0,,6.64,,Shatras,Competitor,77.85190126751166,Liquid Detergent,6.64,100.0,Excellent,False
B0GX756Q6V,Presto,Amazon Brand - Presto! Active Wash Liquid Detergent Refill Pack 5L | Floral Scent | Powerful Stain Removal for Machine Wash,5 l,5.0,l,859.0,439.0,48.89,4.2,1,https://www.amazon.in/Amazon-Brand-Detergent-Powerful-Removal/dp/B0GX756Q6V/ref=sr_1_60,https://m.media-amazon.com/images/I/71dO4TPa63L._AC_UL320_.jpg,Amazon India,2026-08-18,5000.0,,8.780000000000001,,Presto,Competitor,48.894062863795114,Liquid Detergent,8.780000000000001,100.0,Excellent,False
FLIP_0001,Ariel,"Ariel Topload Stain Fresh Liquid Detergent 4 kg 4.4(23,044) ₹865₹99913% off Lowest price since launch",4 kg,4.0,kg,999.0,865.0,13.0,4.4,23044,https://www.flipkart.com/ariel-topload-stain-fresh-liquid-detergent/p/itm63dd807891d0f?pid=LDGGXAU7RW9P3HHT&lid=LSTLDGGXAU7RW9P3HHTFCZFG4&marketplace=FLIPKART&q=liquid+detergent&store=rja%2Fplv%2Fxdq&srno=s_1_4&otracker=search&fm=organic&iid=31403ccf-c8b1-4fd8-bf35-8b00e2324dcf.LDGGXAU7RW9P3HHT.SEARCH&ppt=None&ppn=None&ssid=hvq3bdkw400000001786987994324&qH=3797422074e1f609&ov_redirect=true&ov_redirect=true,https://rukminim2.flixcart.com/image/612/612/xif0q/liquid-detergent/y/p/l/-enriched-transparent-original-imahjhtyhjur2zej.png?q=70,Flipkart,17-08-26,4000.0,4000.0,,21.625,Ariel,Competitor,13.413413413413414,Liquid Detergent,21.625,100.0,Excellent,False
FLIP_0002,Aliance,aliance Liquid Ditergent Classic Liquid Detergent 4 L ₹377₹99962% off,4 L,4.0,l,999.0,377.0,62.0,0.0,0,https://www.flipkart.com/aliance-liquid-ditergent-classic-detergent/p/itmf93914b03aee4?pid=LDGHQFZNJKAFBHGX&lid=LSTLDGHQFZNJKAFBHGXVKXJ6K&marketplace=FLIPKART&q=liquid+detergent&store=rja%2Fplv%2Fxdq&srno=s_1_2&otracker=search&fm=organic&iid=en_BNDD0J28B0AoUU9oHudBVeDBE00j1gTnTeOTHW6c1qzbLM4YwWopkAFxjunBM-6VXqUGSJ05fOw8CPzlY_BE1ctPkfJEwBENYAgXFJ-taCAiCgOnHcbFaDFBLbfA_Sxe&ppt=None&ppn=None&ssid=hvq3bdkw400000001786987994324&qH=3797422074e1f609&ov_redirect=true&ov_redirect=true,https://rukminim2.flixcart.com/image/612/612/xif0q/liquid-detergent/u/q/7/4-liquid-ditergent-aliance-original-imahqfzm3s2h3jys.jpeg?q=70,Flipkart,17-08-26,4000.0,,9.425,,Aliance,Competitor,62.262262262262254,Liquid Detergent,9.425,100.0,Excellent,False
FLIP_0003,Dhaxi,"Dhaxi TOP LOAD AND FRONT LOAD LAUNDRY DETERGENT LIQUID ... 2 x 5 L 4.2(12) ₹306₹1,19974% off Only few left",2 x 5 L,5.0,l,1199.0,306.0,74.0,4.2,12,https://www.flipkart.com/dhaxi-top-load-front-laundry-detergent-liquid-rose/p/itm12a1f06e47acb?pid=LDGHBFYB9GGHEJWP&lid=LSTLDGHBFYB9GGHEJWPFPCJZM&marketplace=FLIPKART&q=liquid+detergent&store=rja%2Fplv%2Fxdq&srno=s_1_3&otracker=search&fm=organic&iid=31403ccf-c8b1-4fd8-bf35-8b00e2324dcf.LDGHBFYB9GGHEJWP.SEARCH&ppt=None&ppn=None&ssid=hvq3bdkw400000001786987994324&qH=3797422074e1f609&ov_redirect=true&ov_redirect=true,https://rukminim2.flixcart.com/image/612/612/xif0q/liquid-detergent/n/e/s/10-top-load-and-front-load-laundry-detergent-liquid-dhaxi-original-imahcrq8hkanthgg.jpeg?q=70,Flipkart,17-08-26,5000.0,,6.12,,Dhaxi,Competitor,74.47873227689742,Liquid Detergent,6.12,100.0,Excellent,False
FLIP_0004,Staypure,Staypure Readymix Combo Detergent x Dishwash Concentrat... 2 L 4.3(425) ₹692₹99930% off Lowest price since launch,2 L,2.0,l,999.0,692.0,30.0,4.3,425,https://www.flipkart.com/staypure-readymix-combo-detergent-x-dishwash-concentrate-multi-fragrance-liquid/p/itmd26e8d22a3b28?pid=LDGHN7DSYBMSRKJB&lid=LSTLDGHN7DSYBMSRKJBAOBV9C&marketplace=FLIPKART&q=liquid+detergent&store=rja%2Fplv%2Fxdq&srno=s_1_6&otracker=search&fm=organic&iid=en_BNDD0J28B0AoUU9oHudBVeDBE00j1gTnTeOTHW6c1qzseyMaaf7G-f6k6i2cq2iMDoQmh-3haU_qWacQmn5aN2YtJfIyKViJfuyyd3U2TjI2OzYdadjAKVgRryQeVIhV&ppt=None&ppn=None&ssid=hvq3bdkw400000001786987994324&qH=3797422074e1f609&ov_redirect=true&ov_redirect=true,https://rukminim2.flixcart.com/image/612/612/xif0q/liquid-detergent/l/x/n/2-readymix-combo-detergent-x-dishwash-concentrate-staypure-original-imahn79ugjm2wmda.jpeg?q=70,Flipkart,17-08-26,2000.0,,34.599999999999994,,Staypure,Competitor,30.73073073073073,Liquid Detergent,34.599999999999994,100.0,Excellent,False
FLIP_0005,Justmixx,"Justmixx Laundry Care Combo | DIY Detergent + Fabric Co... 2 kg 4.5(21) ₹731₹1,09833% off Only few left",2 kg,2.0,kg,1098.0,731.0,33.0,4.5,21,https://www.flipkart.com/justmixx-laundry-care-combo-diy-detergent-fabric-conditioner-paste-liquid/p/itmade525f6d0fce?pid=LDGHZPBSXJPSHQHU&lid=LSTLDGHZPBSXJPSHQHUDBENVG&marketplace=FLIPKART&q=liquid+detergent&store=rja%2Fplv%2Fxdq&srno=s_1_7&otracker=search&fm=organic&iid=31403ccf-c8b1-4fd8-bf35-8b00e2324dcf.LDGHZPBSXJPSHQHU.SEARCH&ppt=None&ppn=None&ssid=hvq3bdkw400000001786987994324&qH=3797422074e1f609&ov_redirect=true&ov_redirect=true,https://rukminim2.flixcart.com/image/612/612/xif0q/liquid-detergent/a/p/x/2-laundry-care-combo-diy-detergent-fabric-conditioner-paste-original-imahzpbrsrxhtnyq.jpeg?q=70,Flipkart,17-08-26,2000.0,2000.0,,36.55,Justmixx,Competitor,33.42440801457195,Liquid Detergent,36.55,100.0,Excellent,False
FLIP_0006,Luvion,LUVION Liquid Detergent Pro | Fabric Care | Lily Fresh ... 500 ml ₹174₹49965% off Only few left,500 ml,500.0,ml,499.0,174.0,65.0,0.0,0,https://www.flipkart.com/luvion-liquid-detergent-pro-fabric-care-lily-fresh/p/itmb0e72fd385229?pid=LDGHZX5VEYBVGAFK&lid=LSTLDGHZX5VEYBVGAFKG8DFXP&marketplace=FLIPKART&q=liquid+detergent&store=rja%2Fplv%2Fxdq&srno=s_1_8&otracker=search&fm=organic&iid=31403ccf-c8b1-4fd8-bf35-8b00e2324dcf.LDGHZX5VEYBVGAFK.SEARCH&ppt=None&ppn=None&ssid=hvq3bdkw400000001786987994324&qH=3797422074e1f609&ov_redirect=true&ov_redirect=true,https://rukminim2.flixcart.com/image/612/612/xif0q/liquid-detergent/l/6/t/500-liquid-detergent-pro-fabric-care-lily-fresh-luvion-original-imahzx3r2hhzfduk.jpeg?q=70,Flipkart,17-08-26,500.0,,34.8,,Luvion,Competitor,65.13026052104209,Liquid Detergent,34.8,100.0,Excellent,False
FLIP_0007,Brillyarie,Brillyarie shine detergent Front & Top Load Washing Mac... 5 L 4.3(235) ₹234₹99976% off Hot Deal,5 L,5.0,l,999.0,234.0,76.0,4.3,235,https://www.flipkart.com/brillyarie-shine-detergent-front-top-load-washing-machine-blue-5l-fresh-liquid/p/itmddc7901b1a8a0?pid=LDGHZ6GP8ZAFC97Y&lid=LSTLDGHZ6GP8ZAFC97YYNIMFE&marketplace=FLIPKART&q=liquid+detergent&store=rja%2Fplv%2Fxdq&srno=s_1_9&otracker=search&fm=organic&iid=31403ccf-c8b1-4fd8-bf35-8b00e2324dcf.LDGHZ6GP8ZAFC97Y.SEARCH&ppt=None&ppn=None&ssid=hvq3bdkw400000001786987994324&qH=3797422074e1f609&ov_redirect=true&ov_redirect=true,https://rukminim2.flixcart.com/image/612/612/xif0q/liquid-detergent/q/v/3/5-front-top-load-washing-machine-blue-5l-fresh-liquid-detergent-original-imahz6gpbzhafqeb.jpeg?q=70,Flipkart,17-08-26,5000.0,,4.68,,Brillyarie,Competitor,76.57657657657657,Liquid Detergent,4.68,100.0,Excellent,False
FLIP_0008,Ifb,"Front Load ifb Fluff Essentials Liquid Detergent |Tough... 10 x 100 ml 5(19) ₹1,990₹3,60044% off Only few left",10 x 100 ml,100.0,ml,3600.0,1990.0,44.0,5.0,19,https://www.flipkart.com/front-load-ifb-fluff-essentials-liquid-detergent-tough-stain-remover/p/itmd82f741283872?pid=LDGHPHFHGFPGMWW6&lid=LSTLDGHPHFHGFPGMWW6TSOPY8&marketplace=FLIPKART&q=liquid+detergent&store=rja%2Fplv%2Fxdq&srno=s_1_10&otracker=search&fm=organic&iid=31403ccf-c8b1-4fd8-bf35-8b00e2324dcf.LDGHPHFHGFPGMWW6.SEARCH&ppt=None&ppn=None&ssid=hvq3bdkw400000001786987994324&qH=3797422074e1f609&ov_redirect=true&ov_redirect=true,https://rukminim2.flixcart.com/image/612/612/xif0q/liquid-detergent/r/t/x/10-ifb-fluff-essentials-liquid-detergent-tough-stain-remover-original-imahp7c4kxm3gzhs.jpeg?q=70,Flipkart,17-08-26,100.0,,1990.0,,IFB,Competitor,44.72222222222222,Liquid Detergent,1989.9999999999998,100.0,Excellent,False
FLIP_0009,Staypure,Staypure Washing Liquid Multi-Fragrance Liquid Detergen... 1000 ml 4.2(173) ₹434₹49913% off,1000 ml,1000.0,ml,499.0,434.0,13.0,4.2,173,https://www.flipkart.com/staypure-washing-liquid-multi-fragrance-detergent/p/itmaf1af586fde07?pid=LDGHMWYP7BVENNYC&lid=LSTLDGHMWYP7BVENNYCBBZYJY&marketplace=FLIPKART&q=liquid+detergent&store=rja%2Fplv%2Fxdq&srno=s_1_11&otracker=search&fm=organic&iid=en_BNDD0J28B0AoUU9oHudBVeDBE00j1gTnTeOTHW6c1qykRAbTv0wnYztsnf4aCtdXCpE8XIjubcd6pZUix6FjsGYtJfIyKViJfuyyd3U2TjI2OzYdadjAKVgRryQeVIhV&ppt=None&ppn=None&ssid=hvq3bdkw400000001786987994324&qH=3797422074e1f609&ov_redirect=true&ov_redirect=true,https://rukminim2.flixcart.com/image/612/612/xif0q/liquid-detergent/i/x/c/1000-washing-liquid-staypure-original-imahmwyngu28zfju.jpeg?q=70,Flipkart,17-08-26,1000.0,,43.4,,Staypure,Competitor,13.026052104208416,Liquid Detergent,43.4,100.0,Excellent,False
FLIP_0010,Justmixx,Justmixx Home Care Combo | DIY Detergent Liquid + DIY D... 2 kg 4.3(15) ₹724₹99827% off Only few left,2 kg,2.0,kg,998.0,724.0,27.0,4.3,15,https://www.flipkart.com/justmixx-home-care-combo-diy-detergent-liquid-dishwash-1kg-each-makes-5l/p/itm8947043c4c43f?pid=LDGHZPFUPXEHYPM2&lid=LSTLDGHZPFUPXEHYPM2VY3LTY&marketplace=FLIPKART&q=liquid+detergent&store=rja%2Fplv%2Fxdq&srno=s_1_13&otracker=search&fm=organic&iid=31403ccf-c8b1-4fd8-bf35-8b00e2324dcf.LDGHZPFUPXEHYPM2.SEARCH&ppt=None&ppn=None&ssid=hvq3bdkw400000001786987994324&qH=3797422074e1f609&ov_redirect=true&ov_redirect=true,https://rukminim2.flixcart.com/image/612/612/xif0q/liquid-detergent/c/e/3/2-home-care-combo-diy-detergent-liquid-diy-dishwash-liquid-1kg-original-imahzrmrc5rywysw.jpeg?q=70,Flipkart,17-08-26,2000.0,2000.0,,36.2,Justmixx,Competitor,27.45490981963928,Liquid Detergent,36.199999999999996,100.0,Excellent,False
FLIP_0011,Sukruti,sukruti Liquid Detergent | Transparent | N1M2 | 5 Ltr A... 5000 ml ₹222₹89975% off Only few left,5000 ml,5000.0,ml,899.0,222.0,75.0,0.0,0,https://www.flipkart.com/sukruti-liquid-detergent-transparent-n1m2-5-ltr-aqua/p/itma2c5be3bf939a?pid=LDGHZJYGUH6VCGFR&lid=LSTLDGHZJYGUH6VCGFRPC24R5&marketplace=FLIPKART&q=liquid+detergent&store=rja%2Fplv%2Fxdq&srno=s_1_14&otracker=search&fm=organic&iid=31403ccf-c8b1-4fd8-bf35-8b00e2324dcf.LDGHZJYGUH6VCGFR.SEARCH&ppt=None&ppn=None&ssid=hvq3bdkw400000001786987994324&qH=3797422074e1f609&ov_redirect=true&ov_redirect=true,https://rukminim2.flixcart.com/image/612/612/xif0q/liquid-detergent/f/s/f/5000-liquid-detergent-transparent-n1m2-5-ltr-sukruti-original-imahzjyg44ze7maq.jpeg?q=70,Flipkart,17-08-26,5000.0,,4.44,,Sukruti,Competitor,75.3058954393771,Liquid Detergent,4.44,100.0,Excellent,False
FLIP_0012,Ariel,Ariel Power Gel Liquid Detergent Top Load & Semi-Automa... 3 kg 4.5(416) ₹357₹46923% off Value 365,3 kg,3.0,kg,469.0,357.0,23.0,4.5,416,https://www.flipkart.com/ariel-power-gel-liquid-detergent-top-load-semi-automatic-washing-machines-fresh/p/itmd992725eb5fe1?pid=LDGHZFDQNMB6Z3ZW&lid=LSTLDGHZFDQNMB6Z3ZWOBSVWJ&marketplace=FLIPKART&q=liquid+detergent&store=rja%2Fplv%2Fxdq&srno=s_1_15&otracker=search&fm=organic&iid=31403ccf-c8b1-4fd8-bf35-8b00e2324dcf.LDGHZFDQNMB6Z3ZW.SEARCH&ppt=None&ppn=None&ssid=hvq3bdkw400000001786987994324&qH=3797422074e1f609&ov_redirect=true&ov_redirect=true,https://rukminim2.flixcart.com/image/612/612/xif0q/liquid-detergent/o/e/n/-original-imahzpsf3gacujbn.jpeg?q=70,Flipkart,17-08-26,3000.0,3000.0,,11.9,Ariel,Competitor,23.88059701492537,Liquid Detergent,11.899999999999999,100.0,Excellent,False
FLIP_0013,Ariel,Ariel Power Gel Liquid Detergent Front Load Fresh Liqui... 3 kg 4.4(277) ₹438₹54519% off Value 365,3 kg,3.0,kg,545.0,438.0,19.0,4.4,277,https://www.flipkart.com/ariel-power-gel-liquid-detergent-front-load-fresh/p/itm7e9d9f26d92fe?pid=LDGHZFDQHZ7FC9JE&lid=LSTLDGHZFDQHZ7FC9JEZQT6DW&marketplace=FLIPKART&q=liquid+detergent&store=rja%2Fplv%2Fxdq&srno=s_1_16&otracker=search&fm=organic&iid=31403ccf-c8b1-4fd8-bf35-8b00e2324dcf.LDGHZFDQHZ7FC9JE.SEARCH&ppt=None&ppn=None&ssid=hvq3bdkw400000001786987994324&qH=3797422074e1f609&ov_redirect=true&ov_redirect=true,https://rukminim2.flixcart.com/image/612/612/xif0q/liquid-detergent/c/e/v/-original-imahzpsf2wcztt5m.jpeg?q=70,Flipkart,17-08-26,3000.0,3000.0,,14.6,Ariel,Competitor,19.63302752293578,Liquid Detergent,14.6,100.0,Excellent,False
FLIP_0014,Velviya,"VELVIYA liquid detergent Blue for all type of cloth, to... 5000 ml 3.6(95) ₹158₹89982% off Hot Deal",5000 ml,5000.0,ml,899.0,158.0,82.0,3.6,95,https://www.flipkart.com/velviya-liquid-detergent-blue-all-type-cloth-top-front-load-machine-lavender/p/itm012090ad4b85c?pid=LDGHF7CJZTSGM5PC&lid=LSTLDGHF7CJZTSGM5PCISMUD1&marketplace=FLIPKART&q=liquid+detergent&store=rja%2Fplv%2Fxdq&srno=s_1_18&otracker=search&fm=organic&iid=en_BNDD0J28B0AoUU9oHudBVeDBE00j1gTnTeOTHW6c1qwEhk9mnMchN_fkM9sE_LEGNBbnfe6fgyOumbjVkA0RY4lXLrwjXkXuVPttGQFtJgY2OzYdadjAKVgRryQeVIhV&ppt=None&ppn=None&ssid=hvq3bdkw400000001786987994324&qH=3797422074e1f609&ov_redirect=true&ov_redirect=true,https://rukminim2.flixcart.com/image/612/612/xif0q/liquid-detergent/p/a/k/5000-liquid-detergent-blue-for-all-type-of-cloth-top-and-front-original-imahf7cjzwftarmj.jpeg?q=70,Flipkart,17-08-26,5000.0,,3.16,,Velviya,Competitor,82.42491657397107,Liquid Detergent,3.16,100.0,Excellent,False
FLIP_0015,Bosch,"BOSCH Detergent for Top Load Washing Machine H256 Liqui... 1000 ml ₹1,099₹1,29915% off Only few left",1000 ml,1000.0,ml,1299.0,1099.0,15.0,0.0,0,https://www.flipkart.com/bosch-detergent-top-load-washing-machine-h256-liquid/p/itm27d83e8cc5961?pid=LDGHPEYHHQZBAGAH&lid=LSTLDGHPEYHHQZBAGAH7ZVJXS&marketplace=FLIPKART&q=liquid+detergent&store=rja%2Fplv%2Fxdq&srno=s_1_19&otracker=search&fm=organic&iid=31403ccf-c8b1-4fd8-bf35-8b00e2324dcf.LDGHPEYHHQZBAGAH.SEARCH&ppt=None&ppn=None&ssid=hvq3bdkw400000001786987994324&qH=3797422074e1f609&ov_redirect=true&ov_redirect=true,https://rukminim2.flixcart.com/image/612/612/xif0q/liquid-detergent/b/p/l/1000-detergent-for-top-load-washing-machine-h256-bosch-original-imahpewg8w6vmdx7.jpeg?q=70,Flipkart,17-08-26,1000.0,,109.9,,Bosch,Competitor,15.396458814472672,Liquid Detergent,109.89999999999999,100.0,Excellent,False
FLIP_0016,K2Square,"K2SQUARE Concentrated Liquid Detergent for Fabric Care,... 5 L 4(1,898) ₹253₹1,29980% off Hot Deal",5 L,5.0,l,1299.0,253.0,80.0,4.0,1898,https://www.flipkart.com/k2square-concentrated-liquid-detergent-fabric-care-long-lasting-fragrance-lavender/p/itmc72eef66eb157?pid=LDGGTS8GRAQHYVSV&lid=LSTLDGGTS8GRAQHYVSVLYMEBU&marketplace=FLIPKART&q=liquid+detergent&store=rja%2Fplv%2Fxdq&srno=s_1_20&otracker=search&fm=organic&iid=31403ccf-c8b1-4fd8-bf35-8b00e2324dcf.LDGGTS8GRAQHYVSV.SEARCH&ppt=None&ppn=None&ssid=hvq3bdkw400000001786987994324&qH=3797422074e1f609&ov_redirect=true&ov_redirect=true,https://rukminim2.flixcart.com/image/612/612/xif0q/liquid-detergent/e/l/x/5-concentrated-liquid-detergent-for-fabric-care-with-long-original-imah7kzfaapjcfqz.jpeg?q=70,Flipkart,17-08-26,5000.0,,5.06,,K2Square,Competitor,80.52347959969207,Liquid Detergent,5.06,100.0,Excellent,False
FLIP_0017,Duqer,DUQER DQ-LIQUID 5KG Lavender Liquid Detergent 5 kg ₹270₹39932% off,5KG,5.0,kg,399.0,270.0,32.0,0.0,0,https://www.flipkart.com/duqer-dq-liquid-5kg-lavender-liquid-detergent/p/itm949cbe99639ac?pid=LDGHPX2FGGCKDQAZ&lid=LSTLDGHPX2FGGCKDQAZU5YGLD&marketplace=FLIPKART&q=liquid+detergent&store=rja%2Fplv%2Fxdq&srno=s_1_22&otracker=search&fm=organic&iid=en_BNDD0J28B0AoUU9oHudBVeDBE00j1gTnTeOTHW6c1qxH1yaQl1ptzWHiuT0fVrAQ0b4JN-jMEV87lZ9J3RahmfRV4qN6NnwJP2axm8sRX_A2OzYdadjAKVgRryQeVIhV&ppt=None&ppn=None&ssid=hvq3bdkw400000001786987994324&qH=3797422074e1f609&ov_redirect=true&ov_redirect=true,https://rukminim2.flixcart.com/image/612/612/xif0q/liquid-detergent/e/5/b/4999-matic-liquid-detergent-5l-duqer-original-imahpsdvb4bn82hz.jpeg?q=70,Flipkart,17-08-26,5000.0,5000.0,,5.4,Duqer,Competitor,32.33082706766917,Liquid Detergent,5.4,100.0,Excellent,False
FLIP_0018,Reldor,"RELDOR Liquid Detergent 5L, For Hand Wash, Front and To... 5 L 3.8(3,963) ₹117₹1,09989% off Hot Deal",5L,5.0,l,1099.0,117.0,89.0,3.8,3963,https://www.flipkart.com/reldor-liquid-detergent-5l-hand-wash-front-top-load-washing-machine-lavender/p/itm8a4e628580c60?pid=LDGGYJMACF9WHDEQ&lid=LSTLDGGYJMACF9WHDEQVN4QUQ&marketplace=FLIPKART&q=liquid+detergent&store=rja%2Fplv%2Fxdq&srno=s_1_24&otracker=search&fm=organic&iid=31403ccf-c8b1-4fd8-bf35-8b00e2324dcf.LDGGYJMACF9WHDEQ.SEARCH&ppt=None&ppn=None&ssid=hvq3bdkw400000001786987994324&qH=3797422074e1f609&ov_redirect=true&ov_redirect=true,https://rukminim2.flixcart.com/image/612/612/xif0q/liquid-detergent/4/2/4/5-liquid-detergent-5l-for-hand-wash-front-and-top-load-washing-original-imahfpq5xgxxsmc5.jpeg?q=70,Flipkart,17-08-26,5000.0,,2.34,,Reldor,Competitor,89.35395814376706,Liquid Detergent,2.34,100.0,Excellent,False
FLIP_0019,Cleannxo,"cleannxo Lavender Liquid Detergent 5L | Machine Wash | ... 5 L ₹174₹1,29986% off Only few left",5L,5.0,l,1299.0,174.0,86.0,0.0,0,https://www.flipkart.com/cleannxo-lavender-liquid-detergent-5l-machine-wash-fabric-care-formula/p/itm0df5d2e7f1711?pid=LDGHPGD5HBDTX7CP&lid=LSTLDGHPGD5HBDTX7CPXG0VSJ&marketplace=FLIPKART&q=liquid+detergent&store=rja%2Fplv%2Fxdq&srno=s_1_25&otracker=search&fm=organic&iid=31403ccf-c8b1-4fd8-bf35-8b00e2324dcf.LDGHPGD5HBDTX7CP.SEARCH&ppt=None&ppn=None&ssid=hvq3bdkw400000001786987994324&qH=3797422074e1f609&ov_redirect=true&ov_redirect=true,https://rukminim2.flixcart.com/image/612/612/xif0q/liquid-detergent/j/t/p/10-lavender-liquid-detergent-10l-machine-wash-fabric-care-original-imahpg2rjhyf9cce.jpeg?q=70,Flipkart,17-08-26,5000.0,,3.4799999999999995,,Cleannxo,Competitor,86.60508083140877,Liquid Detergent,3.4799999999999995,100.0,Excellent,False
FLIP_0020,Flisko,Flisko Lavender Fresh Liquid Detergent 5L | Tough Stain... 5 L 4.5(71) ₹248₹79968% off Only few left,5L,5.0,l,799.0,248.0,68.0,4.5,71,https://www.flipkart.com/flisko-lavender-fresh-liquid-detergent-5l-tough-stain-remover-front-top-load/p/itm3a4c9bf753c7e?pid=LDGHPBQGDK38PYHT&lid=LSTLDGHPBQGDK38PYHT6VXUSN&marketplace=FLIPKART&q=liquid+detergent&store=rja%2Fplv%2Fxdq&srno=s_1_26&otracker=search&fm=organic&iid=31403ccf-c8b1-4fd8-bf35-8b00e2324dcf.LDGHPBQGDK38PYHT.SEARCH&ppt=None&ppn=None&ssid=hvq3bdkw400000001786987994324&qH=3797422074e1f609&ov_redirect=true&ov_redirect=true,https://rukminim2.flixcart.com/image/612/612/xif0q/liquid-detergent/c/x/z/5-lavender-fresh-liquid-detergent-5l-tough-stain-remover-front-original-imahpcybfrvxqxqz.jpeg?q=70,Flipkart,17-08-26,5000.0,,4.96,,Flisko,Competitor,68.96120150187734,Liquid Detergent,4.96,100.0,Excellent,False
FLIP_0021,Staypure,"Staypure SP012 Multi-Fragrance Liquid Detergent 3 x 333.33 ml 4.1(48) ₹1,369₹1,64916% off Lowest price since launch",3 x 333.33 ml,333.33,ml,1649.0,1369.0,16.0,4.1,48,https://www.flipkart.com/staypure-sp012-multi-fragrance-liquid-detergent/p/itm6af73aabb115a?pid=LDGHNHG7G9HTBP7J&lid=LSTLDGHNHG7G9HTBP7JWHY8A7&marketplace=FLIPKART&q=liquid+detergent&store=rja%2Fplv%2Fxdq&srno=s_1_27&otracker=search&fm=organic&iid=en_BNDD0J28B0AoUU9oHudBVeDBE00j1gTnTeOTHW6c1qwE4CFEWKMGzfD_lTcxZrs_5uIqRY-EGBJtVL29SEMfOWYtJfIyKViJfuyyd3U2TjI2OzYdadjAKVgRryQeVIhV&ppt=None&ppn=None&ssid=hvq3bdkw400000001786987994324&qH=3797422074e1f609&ov_redirect=true&ov_redirect=true,https://rukminim2.flixcart.com/image/612/612/xif0q/liquid-detergent/f/r/w/1000-sp012-staypure-original-imahnhg7fvwqqsah.jpeg?q=70,Flipkart,17-08-26,333.33,,410.7041070410705,,Staypure,Competitor,16.979987871437235,Liquid Detergent,410.7041070410705,100.0,Excellent,False
FLIP_0022,Cleancraft,CleanCraft Lequid Detergent Rose 5L Rose Liquid Deterge... 5 L 5(11) ₹247₹99975% off,5L,5.0,l,999.0,247.0,75.0,5.0,11,https://www.flipkart.com/cleancraft-lequid-detergent-rose-5l-liquid/p/itm508d112f9b337?pid=LDGHZW3Y9WPRWRMG&lid=LSTLDGHZW3Y9WPRWRMG3LIFJ2&marketplace=FLIPKART&q=liquid+detergent&store=rja%2Fplv%2Fxdq&srno=s_1_28&otracker=search&fm=organic&iid=en_BNDD0J28B0AoUU9oHudBVeDBE00j1gTnTeOTHW6c1qzg0wUrdc8leEFEcWH5uEJGQZNCutwp1kw33tMio1wg4gH4AsSrxyFyjrlxRTbWwPs2OzYdadjAKVgRryQeVIhV&ppt=None&ppn=None&ssid=hvq3bdkw400000001786987994324&qH=3797422074e1f609&ov_redirect=true&ov_redirect=true,https://rukminim2.flixcart.com/image/612/612/xif0q/liquid-detergent/d/d/5/5-lequid-detergent-rose-5l-cleancraft-original-imahzw3y6aqtmdgg.jpeg?q=70,Flipkart,17-08-26,5000.0,,4.94,,Cleancraft,Competitor,75.27527527527528,Liquid Detergent,4.9399999999999995,100.0,Excellent,False
FLIP_0023,Justmixx,"Justmixx Complete Care Combo|DIY Detergent Liquid + Dis... 3 x 0.33 kg 4.6(17) ₹1,091₹1,59731% off Only few left",3 x 0.33 kg,0.33,kg,1597.0,1091.0,31.0,4.6,17,https://www.flipkart.com/justmixx-complete-care-combo-diy-detergent-liquid-dishwash-fabric-conditioner/p/itm37aa1d6f13e60?pid=LDGHZPMKAEYXSDEQ&lid=LSTLDGHZPMKAEYXSDEQKTQHH0&marketplace=FLIPKART&q=liquid+detergent&store=rja%2Fplv%2Fxdq&srno=s_1_30&otracker=search&fm=organic&iid=31403ccf-c8b1-4fd8-bf35-8b00e2324dcf.LDGHZPMKAEYXSDEQ.SEARCH&ppt=None&ppn=None&ssid=hvq3bdkw400000001786987994324&qH=3797422074e1f609&ov_redirect=true&ov_redirect=true,https://rukminim2.flixcart.com/image/612/612/xif0q/liquid-detergent/j/d/q/1-complete-care-combo-diy-detergent-liquid-dishwash-liquid-original-imahztv8b6jguxhr.jpeg?q=70,Flipkart,17-08-26,330.0,330.0,,330.6060606060606,Justmixx,Competitor,31.684408265497808,Liquid Detergent,330.6060606060606,100.0,Excellent,False
FLIP_0024,Borees,Borees Machine Wash Liquid Detergent 5L Deep Clean Fres... 5 L 5(47) ₹213₹79973% off,5L,5.0,l,799.0,213.0,73.0,5.0,47,https://www.flipkart.com/borees-machine-wash-liquid-detergent-5l-deep-clean-fresh-fragrance-fabric-care-formula-lavender/p/itm8fd24038a00bd?pid=LDGHPSFQWWPT2BGH&lid=LSTLDGHPSFQWWPT2BGH9EWLVF&marketplace=FLIPKART&q=liquid+detergent&store=rja%2Fplv%2Fxdq&srno=s_1_32&otracker=search&fm=organic&iid=en_BNDD0J28B0AoUU9oHudBVeDBE00j1gTnTeOTHW6c1qzcftfBu54b6ElJaBWVgOGjvOnCU4BW1mZ65Ai4tw3IBSnrCdUEcLXhwhFQDR2ztGo2OzYdadjAKVgRryQeVIhV&ppt=None&ppn=None&ssid=hvq3bdkw400000001786987994324&qH=3797422074e1f609&ov_redirect=true&ov_redirect=true,https://rukminim2.flixcart.com/image/612/612/xif0q/liquid-detergent/u/z/y/5-machine-wash-liquid-detergent-5l-deep-clean-fresh-fragrance-original-imahpsfjarje477r.jpeg?q=70,Flipkart,17-08-26,5000.0,,4.26,,Borees,Competitor,73.34167709637046,Liquid Detergent,4.26,100.0,Excellent,False
FLIP_0025,Harbe,"Harbe WHITE Eco-friendly, FOR Laundry Wash, FRONT & Top... 2 x 50 loads 3.7(255) ₹344₹2,69887% off Only few left",Unknown,,none,2698.0,344.0,87.0,3.7,255,https://www.flipkart.com/harbe-white-eco-friendly-laundry-wash-front-top-load-liquid-detergent-5-5l-fresh/p/itme69f4cdd7ae0b?pid=LDGHF9GYWGGUS6YT&lid=LSTLDGHF9GYWGGUS6YTN4Y5RG&marketplace=FLIPKART&q=liquid+detergent&store=rja%2Fplv%2Fxdq&srno=s_1_33&otracker=search&fm=organic&iid=31403ccf-c8b1-4fd8-bf35-8b00e2324dcf.LDGHF9GYWGGUS6YT.SEARCH&ppt=None&ppn=None&ssid=hvq3bdkw400000001786987994324&qH=3797422074e1f609&ov_redirect=true&ov_redirect=true,https://rukminim2.flixcart.com/image/612/612/xif0q/liquid-detergent/t/5/o/10-no-color-nature-fresh-fragrance-fresh-liquid-detergent-original-imah46wdgxwqsjgk.jpeg?q=70,Flipkart,17-08-26,,,,,Harbe,Competitor,87.24981467753892,Other Laundry Product,,90.0,Excellent,False
FLIP_0026,Fressho,"Fressho Detergent Liquid & Dishwash Gel Readymix Combo ... 2 x 825 g 4.3(429) ₹667₹1,59958% off Lowest price since launch",2 x 825 g,825.0,g,1599.0,667.0,58.0,4.3,429,https://www.flipkart.com/fressho-detergent-liquid-dishwash-gel-readymix-combo-makes-up-10-litres-fresh/p/itm064e183482d00?pid=LDGHM54ZCF33TXRY&lid=LSTLDGHM54ZCF33TXRYW0ZBHD&marketplace=FLIPKART&q=liquid+detergent&store=rja%2Fplv%2Fxdq&srno=s_1_34&otracker=search&fm=organic&iid=31403ccf-c8b1-4fd8-bf35-8b00e2324dcf.LDGHM54ZCF33TXRY.SEARCH&ppt=None&ppn=None&ssid=hvq3bdkw400000001786987994324&qH=3797422074e1f609&ov_redirect=true&ov_redirect=true,https://rukminim2.flixcart.com/image/612/612/xif0q/liquid-detergent/u/k/l/1650-detergent-liquid-dishwash-gel-readymix-combo-makes-up-to-10-original-imahm54zz6keptmx.jpeg?q=70,Flipkart,17-08-26,825.0,825.0,,80.84848484848484,Fressho,Competitor,58.28642901813633,Liquid Detergent,80.84848484848484,100.0,Excellent,False
FLIP_0027,Justmixx,Justmixx DIY Detergent Liquid Paste | 1kg Makes 5L | To... 1 kg 4.4(35) ₹433₹49913% off Only few left,5L,5.0,l,499.0,433.0,13.0,4.4,35,https://www.flipkart.com/justmixx-diy-detergent-liquid-paste-1kg-makes-5l-top-load-front-fresh/p/itm1c5197e917abb?pid=LDGHZPG467UDMPBS&lid=LSTLDGHZPG467UDMPBS04IS99&marketplace=FLIPKART&q=liquid+detergent&store=rja%2Fplv%2Fxdq&srno=s_1_36&otracker=search&fm=organic&iid=31403ccf-c8b1-4fd8-bf35-8b00e2324dcf.LDGHZPG467UDMPBS.SEARCH&ppt=None&ppn=None&ssid=hvq3bdkw400000001786987994324&qH=3797422074e1f609&ov_redirect=true&ov_redirect=true,https://rukminim2.flixcart.com/image/612/612/xif0q/liquid-detergent/5/d/1/1-diy-detergent-liquid-paste-1kg-makes-5l-top-load-front-load-original-imahzpcfhq2fkqf7.jpeg?q=70,Flipkart,17-08-26,5000.0,,8.66,,Justmixx,Competitor,13.226452905811623,Liquid Detergent,8.66,100.0,Excellent,False
FLIP_0028,Evera,Evera Life 30 Laundry Detergent Sheets|Laundry Pods Alt... 30 x 1 loads ₹262₹59956% off,Unknown,,none,599.0,262.0,56.0,0.0,0,https://www.flipkart.com/evera-life-30-laundry-detergent-sheets-laundry-pods-alternate-equal-2l-liquid-strawberry/p/itm355e17a537148?pid=LDGHPHF7VA97GWDA&lid=LSTLDGHPHF7VA97GWDA9JIRSA&marketplace=FLIPKART&q=liquid+detergent&store=rja%2Fplv%2Fxdq&srno=s_1_38&otracker=search&fm=organic&iid=en_BNDD0J28B0AoUU9oHudBVeDBE00j1gTnTeOTHW6c1qxYpfSUfCnPHtAFEREbLCr_0vsYWT4jxOd8o1lhgFPHV59DQ4Lythuy0YJukwfG3PI2OzYdadjAKVgRryQeVIhV&ppt=None&ppn=None&ssid=hvq3bdkw400000001786987994324&qH=3797422074e1f609&ov_redirect=true&ov_redirect=true,https://rukminim2.flixcart.com/image/612/612/xif0q/liquid-detergent/c/q/x/30-30-laundry-detergent-sheets-laundry-pods-alternate-equal-to-original-imahphf7g2wmfuqn.jpeg?q=70,Flipkart,17-08-26,,,,,Evera,Competitor,56.26043405676127,Detergent Sheets,,90.0,Excellent,False
FLIP_0029,Iszk,ISZK Liquid Detergent 10L Liquid Detergent for Washing ... 2 x 5 L 3(5) ₹315₹99968% off Only few left,2 x 5 L,5.0,l,999.0,315.0,68.0,3.0,5,https://www.flipkart.com/iszk-liquid-detergent-10l-washing-machines-balanced-ph-lavender/p/itmcfaed6db999a2?pid=LDGHJGGNQNU4GZKF&lid=LSTLDGHJGGNQNU4GZKFRWAICX&marketplace=FLIPKART&q=liquid+detergent&store=rja%2Fplv%2Fxdq&spotlightTagId=default_TrendingId_rja%2Fplv%2Fxdq&srno=s_1_39&otracker=search&fm=organic&iid=31403ccf-c8b1-4fd8-bf35-8b00e2324dcf.LDGHJGGNQNU4GZKF.SEARCH&ppt=None&ppn=None&ssid=hvq3bdkw400000001786987994324&qH=3797422074e1f609&ov_redirect=true&ov_redirect=true,https://rukminim2.flixcart.com/image/612/612/xif0q/liquid-detergent/6/t/k/10-liquid-detergent-10l-liquid-detergent-for-washing-machines-original-imahjggnschygyyw.jpeg?q=70,Flipkart,17-08-26,5000.0,,6.3,,Iszk,Competitor,68.46846846846847,Liquid Detergent,6.3,100.0,Excellent,False
FLIP_0030,Dhamu,"dhamu Premium Lavender Laundry Liquid Detergent 5L | Po... 5 L ₹425₹1,49971% off",5L,5.0,l,1499.0,425.0,71.0,0.0,0,https://www.flipkart.com/dhamu-premium-lavender-laundry-liquid-detergent-5l-powerful-stain-remover-fresh/p/itm1e5f1fb73c552?pid=LDGHPWTYWEDUTKJY&lid=LSTLDGHPWTYWEDUTKJYX9E46L&marketplace=FLIPKART&q=liquid+laundry+detergent&store=rja%2Fplv%2Fxdq&srno=s_1_2&otracker=search&fm=organic&iid=en_7XsA6SjN2rZEpex8_rP_YQLz0dbhWAo4YOPzr1thxecPiahraeeD8fL_Na-c4M9rYkq8NaSuUP-6ZL4TaiBYElQzn7Y_Qmar1BfIpD29n8W8OXTJpFOrDxqxVT-sLRDQ&ppt=None&ppn=None&ssid=lw3jxa0l800000001786988001070&qH=268dd2fba3560d47&ov_redirect=true&ov_redirect=true,https://rukminim2.flixcart.com/image/612/612/xif0q/liquid-detergent/c/s/r/5-lavender-liquid-detergent-5l-front-load-top-load-washing-original-imahpwst2f74azke.jpeg?q=70,Flipkart,17-08-26,5000.0,,8.5,,Dhamu,Competitor,71.64776517678453,Liquid Detergent,8.5,100.0,Excellent,False
FLIP_0031,Mkrb,"MKRB top load and front load liquid detergent, machine,... 5000 ml 3.8(44,087) ₹200₹99979% off Hot Deal",5000 ml,5000.0,ml,999.0,200.0,79.0,3.8,44087,https://www.flipkart.com/mkrb-top-load-front-liquid-detergent-machine-wash-detergent-lavender/p/itm85207a0ee3445?pid=LDGGHD8CUDMVMZRZ&lid=LSTLDGGHD8CUDMVMZRZBAU0WR&marketplace=FLIPKART&q=liquid+laundry+detergent&store=rja%2Fplv%2Fxdq&srno=s_1_5&otracker=search&fm=organic&iid=e7026340-8f51-48ad-b3ba-9b5010b21cab.LDGGHD8CUDMVMZRZ.SEARCH&ppt=None&ppn=None&ssid=lw3jxa0l800000001786988001070&qH=268dd2fba3560d47&ov_redirect=true&ov_redirect=true,https://rukminim2.flixcart.com/image/612/612/xif0q/liquid-detergent/5/a/n/5000-top-load-and-front-load-liquid-detergent-machine-wash-original-imagmvpgzgu2eg9k.jpeg?q=70,Flipkart,17-08-26,5000.0,,4.0,,Mkrb,Competitor,79.97997997997997,Liquid Detergent,4.0,100.0,Excellent,False
FLIP_0032,Cleannxo,"cleannxo Advanced Classic Liquid Laundry Detergent 10L ... 2 x 5 L ₹270₹1,29979% off Only few left",2 x 5 L,5.0,l,1299.0,270.0,79.0,0.0,0,https://www.flipkart.com/cleannxo-advanced-classic-liquid-laundry-detergent-10l-front-top-load-wash/p/itma3cadcdb20afa?pid=LDGHZU4HWZHYJQUX&lid=LSTLDGHZU4HWZHYJQUXQVAG0P&marketplace=FLIPKART&q=liquid+laundry+detergent&store=rja%2Fplv%2Fxdq&srno=s_1_10&otracker=search&fm=organic&iid=e7026340-8f51-48ad-b3ba-9b5010b21cab.LDGHZU4HWZHYJQUX.SEARCH&ppt=None&ppn=None&ssid=lw3jxa0l800000001786988001070&qH=268dd2fba3560d47&ov_redirect=true&ov_redirect=true,https://rukminim2.flixcart.com/image/612/612/xif0q/liquid-detergent/6/o/g/10-advanced-classic-liquid-laundry-detergent-10l-front-top-load-original-imahzu4hga2g34gq.jpeg?q=70,Flipkart,17-08-26,5000.0,,5.4,,Cleannxo,Competitor,79.21478060046189,Liquid Detergent,5.4,100.0,Excellent,False
FLIP_0033,Flisko,Flisko Liquid Laundry Detergent 5L Deep Clean Soft Fabr... 5 L 3.8(44) ₹248₹99975% off Only few left,5L,5.0,l,999.0,248.0,75.0,3.8,44,https://www.flipkart.com/flisko-liquid-laundry-detergent-5l-deep-clean-soft-fabric-long-lasting-fresh-scent-lavender/p/itm8bd32b1c41c98?pid=LDGHMZ3SHSXABYDX&lid=LSTLDGHMZ3SHSXABYDXXQKNTR&marketplace=FLIPKART&q=liquid+laundry+detergent&store=rja%2Fplv%2Fxdq&srno=s_1_13&otracker=search&fm=organic&iid=e7026340-8f51-48ad-b3ba-9b5010b21cab.LDGHMZ3SHSXABYDX.SEARCH&ppt=None&ppn=None&ssid=lw3jxa0l800000001786988001070&qH=268dd2fba3560d47&ov_redirect=true&ov_redirect=true,https://rukminim2.flixcart.com/image/612/612/xif0q/liquid-detergent/7/y/k/5000-liquid-detergent-5l-power-wash-front-top-load-tough-stain-original-imahn9t7gmfedkxm.jpeg?q=70,Flipkart,17-08-26,5000.0,,4.96,,Flisko,Competitor,75.17517517517518,Liquid Detergent,4.96,100.0,Excellent,False
FLIP_0034,Drayadeals,DRAYADEALS Advanced Laundry Machine Cleaner for Deep Dr... 100 ml ₹268₹49946% off Only few left,100 ml,100.0,ml,499.0,268.0,46.0,0.0,0,https://www.flipkart.com/drayadeals-advanced-laundry-machine-cleaner-deep-drum-freshness-classic-liquid-detergent/p/itm6fda79af91186?pid=LDGHPBYD2Y94ZVVH&lid=LSTLDGHPBYD2Y94ZVVHDWIIG3&marketplace=FLIPKART&q=liquid+laundry+detergent&store=rja%2Fplv%2Fxdq&srno=s_1_14&otracker=search&fm=organic&iid=e7026340-8f51-48ad-b3ba-9b5010b21cab.LDGHPBYD2Y94ZVVH.SEARCH&ppt=None&ppn=None&ssid=lw3jxa0l800000001786988001070&qH=268dd2fba3560d47&ov_redirect=true&ov_redirect=true,https://rukminim2.flixcart.com/image/612/612/xif0q/shopsy-liquid-detergent/h/2/u/100-advanced-laundry-machine-cleaner-for-deep-drum-freshness-original-imahpbxaecvwvhrs.jpeg?q=70,Flipkart,17-08-26,100.0,,268.0,,Drayadeals,Competitor,46.292585170340686,Other Laundry Product,268.0,100.0,Excellent,False
FLIP_0035,R&M,R&M Top Load & Front Load Washing Machine Detergent Liq... 2 x 1 L ₹163₹79979% off Hot Deal,2 x 1 L,1.0,l,799.0,163.0,79.0,0.0,0,https://www.flipkart.com/r-m-top-load-front-washing-machine-detergent-liquid-buy-1-get-1-fabric-blue-fresh-liquid/p/itm6775b2a80c955?pid=LDGHDHCFKFTAVFDY&lid=LSTLDGHDHCFKFTAVFDYMGL8OO&marketplace=FLIPKART&q=liquid+laundry+detergent&store=rja%2Fplv%2Fxdq&srno=s_1_17&otracker=search&fm=organic&iid=en_7XsA6SjN2rZEpex8_rP_YQLz0dbhWAo4YOPzr1thxecPPQxkM-kkaY0kl3hja_OuVDK6PXz3SRWbMbF8R1bVwYkG3yhnBZNw87UZVuGi98jIEntF_d1K2RVsCDqZKd4c&ppt=None&ppn=None&ssid=lw3jxa0l800000001786988001070&qH=268dd2fba3560d47&ov_redirect=true&ov_redirect=true,https://rukminim2.flixcart.com/image/612/612/xif0q/liquid-detergent/b/f/b/2-top-load-front-load-washing-machine-detergent-liquid-buy-1-get-original-imahdz8jhbaxvxxs.jpeg?q=70,Flipkart,17-08-26,1000.0,,16.3,,R&M,Competitor,79.59949937421777,Liquid Detergent,16.3,100.0,Excellent,False
FLIP_0036,Procent,"Procent Premium LiquidLaundry Detergent for Deep Cleani... 5 L ₹448₹1,19962% off",5 L,5.0,l,1199.0,448.0,62.0,0.0,0,https://www.flipkart.com/procent-premium-liquidlaundry-detergent-deep-cleaning-clothes-powerful-rose-liquid/p/itm3d2c6affa5eb0?pid=LDGHQ4HM2YT3MZ6H&lid=LSTLDGHQ4HM2YT3MZ6HTDTOJL&marketplace=FLIPKART&q=liquid+laundry+detergent&store=rja%2Fplv%2Fxdq&srno=s_1_18&otracker=search&fm=organic&iid=en_7XsA6SjN2rZEpex8_rP_YQLz0dbhWAo4YOPzr1thxef3KW04TJHdPRKOPQfqw9GZx1_sZ-GhEcTGUkyP10SqcmXY8Lygy2sr9neMsh6ZrsrRgEWudYBPOYxMtQ96YpM2&ppt=None&ppn=None&ssid=lw3jxa0l800000001786988001070&qH=268dd2fba3560d47&ov_redirect=true&ov_redirect=true,https://rukminim2.flixcart.com/image/612/612/xif0q/liquid-detergent/r/b/o/5-0-premium-liquidlaundry-detergent-for-deep-cleaning-clothes-original-imahq4hmsjgneg3u.jpeg?q=70,Flipkart,17-08-26,5000.0,,8.959999999999999,,Procent,Competitor,62.63552960800667,Liquid Detergent,8.959999999999999,100.0,Excellent,False
FLIP_0037,Clinermax,"Currently unavailable Clinermax Intense Clean Liquid Detergent 5L for Washing... 5 L ₹246₹1,49983% off Only few left",5L,5.0,l,1499.0,246.0,83.0,0.0,0,https://www.flipkart.com/clinermax-intense-clean-liquid-detergent-5l-washing-machine-laundry-fresh-fragrance-aqua/p/itm6dce805830e5a?pid=LDGHH737T4TGWYVB&lid=LSTLDGHH737T4TGWYVBRNIJ4O&marketplace=FLIPKART&q=liquid+laundry+detergent&store=rja%2Fplv%2Fxdq&srno=s_1_19&otracker=search&fm=organic&iid=e7026340-8f51-48ad-b3ba-9b5010b21cab.LDGHH737T4TGWYVB.SEARCH&ppt=None&ppn=None&ssid=lw3jxa0l800000001786988001070&qH=268dd2fba3560d47&ov_redirect=true&ov_redirect=true,https://rukminim2.flixcart.com/image/612/612/xif0q/liquid-detergent/l/j/5/5-intense-clean-liquid-detergent-5l-for-washing-machine-laundry-original-imahmqrvfggkmxds.jpeg?q=70,Flipkart,17-08-26,5000.0,,4.92,,Clinermax,Competitor,83.58905937291527,Liquid Detergent,4.92,100.0,Excellent,False
FLIP_0038,Cleannxo,"cleannxo Classic Liquid Detergent 5L Front & Top Load M... 5 L ₹216₹1,19981% off Only few left",5L,5.0,l,1199.0,216.0,81.0,0.0,0,https://www.flipkart.com/cleannxo-classic-liquid-detergent-5l-front-top-load-machine-wash-pack/p/itmd68d4e510ee68?pid=LDGHZRZ6ZTPSPPNS&lid=LSTLDGHZRZ6ZTPSPPNSMQQFSM&marketplace=FLIPKART&q=liquid+laundry+detergent&store=rja%2Fplv%2Fxdq&srno=s_1_20&otracker=search&fm=organic&iid=e7026340-8f51-48ad-b3ba-9b5010b21cab.LDGHZRZ6ZTPSPPNS.SEARCH&ppt=sp&ppn=sp&ssid=9pogdi7w740000001786988008837&qH=268dd2fba3560d47&ov_redirect=true&ov_redirect=true,https://rukminim2.flixcart.com/image/612/612/xif0q/liquid-detergent/6/2/x/5-classic-liquid-detergent-5l-front-top-load-machine-wash-liquid-original-imahzrz6puffmaxt.jpeg?q=70,Flipkart,17-08-26,5000.0,,4.32,,Cleannxo,Competitor,81.98498748957465,Liquid Detergent,4.32,100.0,Excellent,False
FLIP_0039,Octive,"OCTIVE Premium Liquid Detergent 5 Litre Refill Pack Ori... 2 x 5 L 4(20) ₹525₹2,49978% off",2 x 5 L,5.0,l,2499.0,525.0,78.0,4.0,20,https://www.flipkart.com/octive-premium-liquid-detergent-5-litre-refill-pack-oriental/p/itmbb47cdb7aac36?pid=LDGHKUHNFXBHY776&lid=LSTLDGHKUHNFXBHY776VZHXRB&marketplace=FLIPKART&q=liquid+laundry+detergent&store=rja%2Fplv%2Fxdq&srno=s_1_21&otracker=search&fm=organic&iid=en_7XsA6SjN2rZEpex8_rP_YQLz0dbhWAo4YOPzr1thxedVA61cq47Uqm7Q2gYtueCuqwRUG_TqZoqtst2YK1ddZvfVv9afXn3wfZ_GjHVV6b3RgEWudYBPOYxMtQ96YpM2&ppt=sp&ppn=sp&ssid=9pogdi7w740000001786988008837&qH=268dd2fba3560d47&ov_redirect=true&ov_redirect=true,https://rukminim2.flixcart.com/image/612/612/xif0q/liquid-detergent/3/x/n/10-premium-liquid-detergent-5-litre-refill-pack-oriental-liquid-original-imahkuh8c2tdz7gm.jpeg?q=70,Flipkart,17-08-26,5000.0,,10.5,,Octive,Competitor,78.99159663865547,Liquid Detergent,10.5,100.0,Excellent,False
FLIP_0040,Axxl,"axxl Detergent Liquid|Washing Machine Liquid Detergent|... 5 L ₹366₹1,50075% off",5 L,5.0,l,1500.0,366.0,75.0,0.0,0,https://www.flipkart.com/axxl-detergent-liquid-washing-machine-liquid-detergent-long-lasting-freshness-jasmine/p/itm13d0bb5213565?pid=LDGHQ6ZFVHNM6KFF&lid=LSTLDGHQ6ZFVHNM6KFFVIMCFR&marketplace=FLIPKART&q=liquid+laundry+detergent&store=rja%2Fplv%2Fxdq&srno=s_1_22&otracker=search&fm=organic&iid=en_7XsA6SjN2rZEpex8_rP_YQLz0dbhWAo4YOPzr1thxeeYXfMOvwWYGbasbkAHXvZauOIFKDXzbRz9mtFYx5WMRvqjK35hGfPj_XmMFq_xVsfRgEWudYBPOYxMtQ96YpM2&ppt=sp&ppn=sp&ssid=9pogdi7w740000001786988008837&qH=268dd2fba3560d47&ov_redirect=true&ov_redirect=true,https://rukminim2.flixcart.com/image/612/612/xif0q/liquid-detergent/k/o/4/5-detergent-liquid-washing-machine-liquid-detergent-long-lasting-original-imahq6zf6yhwshng.jpeg?q=70,Flipkart,17-08-26,5000.0,,7.32,,Axxl,Competitor,75.6,Liquid Detergent,7.32,100.0,Excellent,False
FLIP_0041,Cleannxo,"cleannxo Classic Liquid Detergent 5L | Front & Top Load... 5 L ₹214₹1,19982% off Only few left",5L,5.0,l,1199.0,214.0,82.0,0.0,0,https://www.flipkart.com/cleannxo-classic-liquid-detergent-5l-front-top-load-laundry-wash/p/itm4874f39420c70?pid=LDGHZU5XFAH4APHH&lid=LSTLDGHZU5XFAH4APHHWOOQ1E&marketplace=FLIPKART&q=liquid+laundry+detergent&store=rja%2Fplv%2Fxdq&srno=s_1_23&otracker=search&fm=organic&iid=e7026340-8f51-48ad-b3ba-9b5010b21cab.LDGHZU5XFAH4APHH.SEARCH&ppt=sp&ppn=sp&ssid=9pogdi7w740000001786988008837&qH=268dd2fba3560d47&ov_redirect=true&ov_redirect=true,https://rukminim2.flixcart.com/image/612/612/xif0q/liquid-detergent/8/d/j/5-classic-liquid-detergent-5l-front-top-load-laundry-wash-original-imahzu5xyjfkttb9.jpeg?q=70,Flipkart,17-08-26,5000.0,,4.279999999999999,,Cleannxo,Competitor,82.15179316096747,Liquid Detergent,4.279999999999999,100.0,Excellent,False
FLIP_0042,Cleannxo,"cleannxo Lavender Liquid Detergent 5L | Premium Laundry... 5 L ₹214₹1,19982% off Only few left",5L,5.0,l,1199.0,214.0,82.0,0.0,0,https://www.flipkart.com/cleannxo-lavender-liquid-detergent-5l-premium-laundry-wash-all-machines/p/itmb4e2110e5b966?pid=LDGHZV4CHA2CQ8ZZ&lid=LSTLDGHZV4CHA2CQ8ZZZCUHQA&marketplace=FLIPKART&q=liquid+laundry+detergent&store=rja%2Fplv%2Fxdq&srno=s_1_24&otracker=search&fm=organic&iid=e7026340-8f51-48ad-b3ba-9b5010b21cab.LDGHZV4CHA2CQ8ZZ.SEARCH&ppt=sp&ppn=sp&ssid=9pogdi7w740000001786988008837&qH=268dd2fba3560d47&ov_redirect=true&ov_redirect=true,https://rukminim2.flixcart.com/image/612/612/xif0q/liquid-detergent/r/j/v/5-lavender-liquid-detergent-5l-premium-laundry-wash-for-all-original-imahzv4chpnyhgjg.jpeg?q=70,Flipkart,17-08-26,5000.0,,4.279999999999999,,Cleannxo,Competitor,82.15179316096747,Liquid Detergent,4.279999999999999,100.0,Excellent,False
FLIP_0043,Harbe,"Harbe PINK Eco-friendly, FOR Laundry Wash, FRONT & Top ... 100 loads 3.9(23) ₹369₹2,79886% off Only few left",Unknown,,none,2798.0,369.0,86.0,3.9,23,https://www.flipkart.com/harbe-pink-eco-friendly-laundry-wash-front-top-load-liquid-detergent-5-5l-fresh/p/itme0f6bd116fcc8?pid=LDGHF9GYKJYYDGW8&lid=LSTLDGHF9GYKJYYDGW8OWGBWF&marketplace=FLIPKART&q=liquid+laundry+detergent&store=rja%2Fplv%2Fxdq&srno=s_1_25&otracker=search&fm=organic&iid=e7026340-8f51-48ad-b3ba-9b5010b21cab.LDGHF9GYKJYYDGW8.SEARCH&ppt=sp&ppn=sp&ssid=9pogdi7w740000001786988008837&qH=268dd2fba3560d47&ov_redirect=true&ov_redirect=true,https://rukminim2.flixcart.com/image/612/612/xif0q/liquid-detergent/k/i/i/1-pink-combo-10000ml-harbe-original-imah3yxrqhqethps.jpeg?q=70,Flipkart,17-08-26,,,,,Harbe,Competitor,86.8120085775554,Other Laundry Product,,90.0,Excellent,False
FLIP_0044,Luvion,LUVION Liquid Detergent Fresh Finish | Soft Fabric Lily... 500 ml ₹174₹49965% off Only few left,500 ml,500.0,ml,499.0,174.0,65.0,0.0,0,https://www.flipkart.com/luvion-liquid-detergent-fresh-finish-soft-fabric-lily/p/itmacb8e328b941a?pid=LDGHZX3TXFNHQ8YG&lid=LSTLDGHZX3TXFNHQ8YGMCOJIR&marketplace=FLIPKART&q=liquid+laundry+detergent&store=rja%2Fplv%2Fxdq&srno=s_1_28&otracker=search&fm=organic&iid=e7026340-8f51-48ad-b3ba-9b5010b21cab.LDGHZX3TXFNHQ8YG.SEARCH&ppt=sp&ppn=sp&ssid=9pogdi7w740000001786988008837&qH=268dd2fba3560d47&ov_redirect=true&ov_redirect=true,https://rukminim2.flixcart.com/image/612/612/xif0q/liquid-detergent/n/h/5/500-liquid-detergent-fresh-finish-soft-fabric-luvion-original-imahzx3rwznrtzyg.jpeg?q=70,Flipkart,17-08-26,500.0,,34.8,,Luvion,Competitor,65.13026052104209,Liquid Detergent,34.8,100.0,Excellent,False
FLIP_0045,Flisko,Flisko Ultra Wash Liquid Detergent 5L | Front & Top Loa... 5000 ml 4.2(23) ₹248₹59958% off,5000 ml,5000.0,ml,599.0,248.0,58.0,4.2,23,https://www.flipkart.com/flisko-ultra-wash-liquid-detergent-5l-front-top-load-stain-removal-lavender/p/itm02a1ad0e7ce95?pid=LDGHK77YXSJUMNV6&lid=LSTLDGHK77YXSJUMNV6SPK3PY&marketplace=FLIPKART&q=liquid+laundry+detergent&store=rja%2Fplv%2Fxdq&srno=s_1_29&otracker=search&fm=organic&iid=e7026340-8f51-48ad-b3ba-9b5010b21cab.LDGHK77YXSJUMNV6.SEARCH&ppt=sp&ppn=sp&ssid=9pogdi7w740000001786988008837&qH=268dd2fba3560d47&ov_redirect=true&ov_redirect=true,https://rukminim2.flixcart.com/image/612/612/xif0q/liquid-detergent/4/o/7/5000-ultra-wash-liquid-detergent-5l-front-top-load-stain-removal-original-imahnz2fs6z32krf.jpeg?q=70,Flipkart,17-08-26,5000.0,,4.96,,Flisko,Competitor,58.59766277128548,Liquid Detergent,4.96,100.0,Excellent,False
FLIP_0046,Right,ISZK Liquid Detergent Bright Home Liquid Detergent for ... 5000 ml 5(21) ₹190₹99980% off Only few left,5000 ml,5000.0,ml,999.0,190.0,80.0,5.0,21,https://www.flipkart.com/iszk-liquid-detergent-bright-home-modern-families-multi-fragrance/p/itmd952871e521fc?pid=LDGHPZYNNCX4BBKR&lid=LSTLDGHPZYNNCX4BBKRMI8GNQ&marketplace=FLIPKART&q=liquid+laundry+detergent&store=rja%2Fplv%2Fxdq&srno=s_1_30&otracker=search&fm=organic&iid=e7026340-8f51-48ad-b3ba-9b5010b21cab.LDGHPZYNNCX4BBKR.SEARCH&ppt=sp&ppn=sp&ssid=9pogdi7w740000001786988008837&qH=268dd2fba3560d47&ov_redirect=true&ov_redirect=true,https://rukminim2.flixcart.com/image/612/612/xif0q/liquid-detergent/e/2/6/5000-liquid-detergent-bright-home-liquid-detergent-for-modern-original-imahpzyngg6xqdkg.jpeg?q=70,Flipkart,17-08-26,5000.0,,3.8,,Right,Competitor,80.98098098098097,Liquid Detergent,3.8,100.0,Excellent,False
FLIP_0047,Drayadeals,DRAYADEALS Deep Action Laundry Cleaner for Washing Mach... 100 ml ₹268₹49946% off Only few left,100 ml,100.0,ml,499.0,268.0,46.0,0.0,0,https://www.flipkart.com/drayadeals-deep-action-laundry-cleaner-washing-machine-maintenance-classic-liquid-detergent/p/itm7c3eff9ebfeeb?pid=LDGHPBYDPPWXXSK5&lid=LSTLDGHPBYDPPWXXSK5I6NPR8&marketplace=FLIPKART&q=liquid+laundry+detergent&store=rja%2Fplv%2Fxdq&srno=s_1_31&otracker=search&fm=organic&iid=e7026340-8f51-48ad-b3ba-9b5010b21cab.LDGHPBYDPPWXXSK5.SEARCH&ppt=sp&ppn=sp&ssid=9pogdi7w740000001786988008837&qH=268dd2fba3560d47&ov_redirect=true&ov_redirect=true,https://rukminim2.flixcart.com/image/612/612/xif0q/shopsy-liquid-detergent/z/q/o/100-deep-action-laundry-cleaner-for-washing-machine-maintenance-original-imahpbxazzhjwsdq.jpeg?q=70,Flipkart,17-08-26,100.0,,268.0,,Drayadeals,Competitor,46.292585170340686,Other Laundry Product,268.0,100.0,Excellent,False
FLIP_0048,Flisko,Flisko Liquid Detergent 5L Power Wash | Front & Top Loa... 5000 ml 4(9) ₹248₹59958% off Only few left,5000 ml,5000.0,ml,599.0,248.0,58.0,4.0,9,https://www.flipkart.com/flisko-liquid-detergent-5l-power-wash-front-top-load-tough-stain-removal-lavender/p/itm823a7ada16afe?pid=LDGHK782VD6TSXQP&lid=LSTLDGHK782VD6TSXQPIFWZQO&marketplace=FLIPKART&q=liquid+laundry+detergent&store=rja%2Fplv%2Fxdq&srno=s_1_33&otracker=search&fm=organic&iid=e7026340-8f51-48ad-b3ba-9b5010b21cab.LDGHK782VD6TSXQP.SEARCH&ppt=sp&ppn=sp&ssid=9pogdi7w740000001786988008837&qH=268dd2fba3560d47&ov_redirect=true&ov_redirect=true,https://rukminim2.flixcart.com/image/612/612/xif0q/liquid-detergent/7/y/k/5000-liquid-detergent-5l-power-wash-front-top-load-tough-stain-original-imahn9t7gmfedkxm.jpeg?q=70,Flipkart,17-08-26,5000.0,,4.96,,Flisko,Competitor,58.59766277128548,Liquid Detergent,4.96,100.0,Excellent,False
FLIP_0049,Dettol,"Dettol Laundry Cleanser Cotton Fresh 1.5L Fresh Liquid ... 1.5 L 4.2(119) ₹1,113₹1,29914% off Only few left",1.5L,1.5,l,1299.0,1113.0,14.0,4.2,119,https://www.flipkart.com/dettol-laundry-cleanser-cotton-fresh-1-5l-liquid-detergent/p/itmf05e7aee4c40b?pid=LDGFRKQPM8VXTAYQ&lid=LSTLDGFRKQPM8VXTAYQIUU70M&marketplace=FLIPKART&q=liquid+laundry+detergent&store=rja%2Fplv%2Fxdq&srno=s_1_35&otracker=search&fm=organic&iid=e7026340-8f51-48ad-b3ba-9b5010b21cab.LDGFRKQPM8VXTAYQ.SEARCH&ppt=sp&ppn=sp&ssid=9pogdi7w740000001786988008837&qH=268dd2fba3560d47&ov_redirect=true&ov_redirect=true,https://rukminim2.flixcart.com/image/612/612/k9vofbk0/liquid-detergent/a/y/q/1-5-laundry-cleanser-cotton-fresh-1-5l-dettol-original-imafrkrmgrmgnyfy.jpeg?q=70,Flipkart,17-08-26,1500.0,,74.2,,Dettol,Competitor,14.318706697459586,Other Laundry Product,74.2,100.0,Excellent,False
FLIP_0050,Wng,"WNG Laundry Liquid for Washing machine | Suitable for h... 5 ml 3.8(176) ₹217₹1,49985% off Hot Deal",5 ml,5.0,ml,1499.0,217.0,85.0,3.8,176,https://www.flipkart.com/wng-laundry-liquid-washing-machine-suitable-handwash-also-aqua-detergent/p/itm0aa3cb10fc45f?pid=LDGGW939HWW2JFQ8&lid=LSTLDGGW939HWW2JFQ8ZTSG3O&marketplace=FLIPKART&q=liquid+laundry+detergent&store=rja%2Fplv%2Fxdq&srno=s_1_36&otracker=search&fm=organic&iid=e7026340-8f51-48ad-b3ba-9b5010b21cab.LDGGW939HWW2JFQ8.SEARCH&ppt=sp&ppn=sp&ssid=9pogdi7w740000001786988008837&qH=268dd2fba3560d47&ov_redirect=true&ov_redirect=true,https://rukminim2.flixcart.com/image/612/612/xif0q/liquid-detergent/l/n/q/5-laundry-liquid-for-fabric-care-suitable-for-top-load-and-front-original-imagw92y9ahr56zw.jpeg?q=70,Flipkart,17-08-26,5.0,,4340.0,,Wng,Competitor,85.52368245496999,Liquid Detergent,4340.0,100.0,Excellent,False
FLIP_0051,Qssiy,QSSIY Laundry Detergent Suitable For Top Load & Front L... 5 L 5(36) ₹371₹84956% off Only few left,5 L,5.0,l,849.0,371.0,56.0,5.0,36,https://www.flipkart.com/qssiy-laundry-detergent-suitable-top-load-front-washing-machine-aqua-liquid/p/itm08412ae2026c1?pid=LDGHEF5ZGQ92PTYX&lid=LSTLDGHEF5ZGQ92PTYX3EMWJX&marketplace=FLIPKART&q=liquid+laundry+detergent&store=rja%2Fplv%2Fxdq&srno=s_1_37&otracker=search&fm=organic&iid=e7026340-8f51-48ad-b3ba-9b5010b21cab.LDGHEF5ZGQ92PTYX.SEARCH&ppt=sp&ppn=sp&ssid=9pogdi7w740000001786988008837&qH=268dd2fba3560d47&ov_redirect=true&ov_redirect=true,https://rukminim2.flixcart.com/image/612/612/xif0q/liquid-detergent/m/t/f/5-laundry-detergent-suitable-for-top-load-front-load-washing-original-imahhn3uwym87cba.jpeg?q=70,Flipkart,17-08-26,5000.0,,7.42,,Qssiy,Competitor,56.30153121319199,Liquid Detergent,7.42,100.0,Excellent,False
FLIP_0052,Drayadeals,DRAYADEALS Laundry Drum Cleaner Liquid for Improved Mac... 100 ml ₹268₹49946% off Only few left,100 ml,100.0,ml,499.0,268.0,46.0,0.0,0,https://www.flipkart.com/drayadeals-laundry-drum-cleaner-liquid-improved-machine-performance-classic-detergent/p/itm41847901879c5?pid=LDGHPBYBX7TMTWJ5&lid=LSTLDGHPBYBX7TMTWJ5YXDRBK&marketplace=FLIPKART&q=liquid+laundry+detergent&store=rja%2Fplv%2Fxdq&srno=s_1_38&otracker=search&fm=organic&iid=e7026340-8f51-48ad-b3ba-9b5010b21cab.LDGHPBYBX7TMTWJ5.SEARCH&ppt=sp&ppn=sp&ssid=9pogdi7w740000001786988008837&qH=268dd2fba3560d47&ov_redirect=true&ov_redirect=true,https://rukminim2.flixcart.com/image/612/612/xif0q/shopsy-liquid-detergent/a/c/9/100-laundry-drum-cleaner-liquid-for-improved-machine-performance-original-imahpbx93m5htzzn.jpeg?q=70,Flipkart,17-08-26,100.0,,268.0,,Drayadeals,Competitor,46.292585170340686,Other Laundry Product,268.0,100.0,Excellent,False
FLIP_0053,K2Square,"K2SQUARE Concentrated Laundry Detergent for Fabric Care... 5 L 4(1,543) ₹313₹1,29975% off Only few left",5 L,5.0,l,1299.0,313.0,75.0,4.0,1543,https://www.flipkart.com/k2square-concentrated-laundry-detergent-fabric-care-front-top-load-machine-aqua-liquid/p/itm06a1ab29cc0c8?pid=LDGGTR69HGFDMXHA&lid=LSTLDGGTR69HGFDMXHALJS94E&marketplace=FLIPKART&q=liquid+laundry+detergent&store=rja%2Fplv%2Fxdq&srno=s_1_39&otracker=search&fm=organic&iid=e7026340-8f51-48ad-b3ba-9b5010b21cab.LDGGTR69HGFDMXHA.SEARCH&ppt=sp&ppn=sp&ssid=9pogdi7w740000001786988008837&qH=268dd2fba3560d47&ov_redirect=true&ov_redirect=true,https://rukminim2.flixcart.com/image/612/612/xif0q/shopsy-liquid-detergent/7/f/h/5000-k2square-concentrated-laundry-detergent-for-fabric-care-for-original-imah6zf9ebycdphx.jpeg?q=70,Flipkart,17-08-26,5000.0,,6.260000000000001,,K2Square,Competitor,75.90454195535027,Liquid Detergent,6.260000000000001,100.0,Excellent,False
FLIP_0054,Moon,"Moon and Mount Liquid Detergent 5 Liter, Washing Machin... 5 L 4.2(274) ₹397₹99960% off Hot Deal",5 Liter,5.0,l,999.0,397.0,60.0,4.2,274,https://www.flipkart.com/moon-mount-liquid-detergent-5-liter-washing-machine-top-front-load-lavender/p/itm89cc4b66cf32d?pid=LDGHDYA4BH4ZGQYA&lid=LSTLDGHDYA4BH4ZGQYAQY5009&marketplace=FLIPKART&q=washing+machine+liquid+detergent&store=rja%2Fplv%2Fxdq&srno=s_1_2&otracker=search&fm=organic&iid=en_sgO1yjH9ADHXWzLUYRrCh008PztDYlLYIub5e9sx-ruPIXeVy3JajENV1YlYOByNLYfTDXKMLfc-f69-G2Mwhzbb0VkFB_O69DOoZdCqxmQmi5X4SS-0OBKCPf2GbUTW&ppt=sp&ppn=sp&ssid=8aa19tuzjk0000001786988017234&qH=2721e1dc434c5ada&ov_redirect=true&ov_redirect=true,https://rukminim2.flixcart.com/image/612/612/xif0q/liquid-detergent/g/m/p/5-liquid-detergent-5-liter-machine-liquid-for-top-front-load-original-imahqy4yszruxgvr.jpeg?q=70,Flipkart,17-08-26,5000.0,,7.939999999999999,,Moon,Competitor,60.26026026026025,Liquid Detergent,7.9399999999999995,100.0,Excellent,False
FLIP_0055,Iszk,Trending ISZK Liquid Detergent 10L Liquid Detergent for Washing ... 2 x 5 L 3(5) ₹315₹99968% off Only few left,2 x 5 L,5.0,l,999.0,315.0,68.0,3.0,5,https://www.flipkart.com/iszk-liquid-detergent-10l-washing-machines-balanced-ph-lavender/p/itmcfaed6db999a2?pid=LDGHJGGNQNU4GZKF&lid=LSTLDGHJGGNQNU4GZKFRWAICX&marketplace=FLIPKART&q=washing+machine+liquid+detergent&store=rja%2Fplv%2Fxdq&spotlightTagId=default_TrendingId_rja%2Fplv%2Fxdq&srno=s_1_4&otracker=search&fm=organic&iid=0516046a-1df3-4f87-a595-481a08c3b310.LDGHJGGNQNU4GZKF.SEARCH&ppt=sp&ppn=sp&ssid=8aa19tuzjk0000001786988017234&qH=2721e1dc434c5ada&ov_redirect=true&ov_redirect=true,https://rukminim2.flixcart.com/image/612/612/xif0q/liquid-detergent/6/t/k/10-liquid-detergent-10l-liquid-detergent-for-washing-machines-original-imahjggnschygyyw.jpeg?q=70,Flipkart,17-08-26,5000.0,,6.3,,Iszk,Competitor,68.46846846846847,Liquid Detergent,6.3,100.0,Excellent,False
FLIP_0056,R&M,R&M Top Load & Front Load Washing Machine Detergent Liq... 2 x 1 L 3.8(33) ₹170₹79978% off Hot Deal,2 x 1 L,1.0,l,799.0,170.0,78.0,3.8,33,https://www.flipkart.com/r-m-top-load-front-washing-machine-detergent-liquid-buy-1-get-free-lavender-liquid/p/itm8642552216e46?pid=LDGHDDKDK8NHGQXZ&lid=LSTLDGHDDKDK8NHGQXZLPP7HU&marketplace=FLIPKART&q=washing+machine+liquid+detergent&store=rja%2Fplv%2Fxdq&srno=s_1_6&otracker=search&fm=organic&iid=en_sgO1yjH9ADHXWzLUYRrCh008PztDYlLYIub5e9sx-rtgKmLXeZoepz3x05_pRKGpS9FZgzXDjFiRVrMulE36SpXb89R8mH4yZX-giMTWkIS8BfjObFZeDYeMcMh6a40G&ppt=sp&ppn=sp&ssid=8aa19tuzjk0000001786988017234&qH=2721e1dc434c5ada&ov_redirect=true&ov_redirect=true,https://rukminim2.flixcart.com/image/612/612/xif0q/liquid-detergent/f/h/o/2-top-load-front-load-washing-machine-detergent-liquid-buy-1-get-original-imahdhchrk7mjhhy.jpeg?q=70,Flipkart,17-08-26,1000.0,,17.0,,R&M,Competitor,78.72340425531915,Liquid Detergent,17.0,100.0,Excellent,False
FLIP_0057,Flisko,Flisko Ultra Clean Liquid Detergent 5L | Front & Top Lo... 5 L 5(39) ₹213₹79973% off Only few left,5L,5.0,l,799.0,213.0,73.0,5.0,39,https://www.flipkart.com/flisko-ultra-clean-liquid-detergent-5l-front-top-load-washing-machine-fresh/p/itmc1e143ee47179?pid=LDGHPBQH5SG9D7MQ&lid=LSTLDGHPBQH5SG9D7MQDBJPFK&marketplace=FLIPKART&q=washing+machine+liquid+detergent&store=rja%2Fplv%2Fxdq&srno=s_1_10&otracker=search&fm=organic&iid=0516046a-1df3-4f87-a595-481a08c3b310.LDGHPBQH5SG9D7MQ.SEARCH&ppt=sp&ppn=sp&ssid=8aa19tuzjk0000001786988017234&qH=2721e1dc434c5ada&ov_redirect=true&ov_redirect=true,https://rukminim2.flixcart.com/image/612/612/xif0q/liquid-detergent/8/q/h/5-ultra-clean-liquid-detergent-5l-front-top-load-washing-machine-original-imahpcy9awsygv6g.jpeg?q=70,Flipkart,17-08-26,5000.0,,4.26,,Flisko,Competitor,73.34167709637046,Liquid Detergent,4.26,100.0,Excellent,False
FLIP_0058,Lightglow,"Lightglow Matic Liquid Detergent |Best Use For Top and ... 5000 ml 3.6(21) ₹133₹1,09987% off Hot Deal",5000 ml,5000.0,ml,1099.0,133.0,87.0,3.6,21,https://www.flipkart.com/lightglow-matic-liquid-detergent-best-use-top-front-load-washing-machine-fresh/p/itmc0280c4e5208c?pid=LDGGHFV4YZMG4GYT&lid=LSTLDGGHFV4YZMG4GYTNQPBXF&marketplace=FLIPKART&q=washing+machine+liquid+detergent&store=rja%2Fplv%2Fxdq&srno=s_1_11&otracker=search&fm=organic&iid=en_sgO1yjH9ADHXWzLUYRrCh008PztDYlLYIub5e9sx-rtZis6o1AYcolc3VQBMVSmZApIbh1cVJfbkHO8ulXD9RMe6zqCSRF8foKcM12A3WsjQL34Ekj37TIMO1mPsObtL&ppt=sp&ppn=sp&ssid=8aa19tuzjk0000001786988017234&qH=2721e1dc434c5ada&ov_redirect=true&ov_redirect=true,https://rukminim2.flixcart.com/image/612/612/xif0q/shopsy-liquid-detergent/0/x/o/5000-matic-liquid-detergent-best-use-for-top-and-front-load-original-imaghfuyya9wxmnj.jpeg?q=70,Flipkart,17-08-26,5000.0,,2.66,,Lightglow,Competitor,87.89808917197452,Liquid Detergent,2.6599999999999997,100.0,Excellent,False
FLIP_0059,Mrn,MRN TRADING Liquid Detergent |Front & Top Load Washing ... 1000 ml ₹135₹19932% off,1000 ml,1000.0,ml,199.0,135.0,32.0,0.0,0,https://www.flipkart.com/mrn-trading-liquid-detergent-front-top-load-washing-machine-pink-1l-multi-fragrance/p/itm8d57332a3c511?pid=LDGHPW4HRKG2ZEHS&lid=LSTLDGHPW4HRKG2ZEHSIMRQ7T&marketplace=FLIPKART&q=washing+machine+liquid+detergent&store=rja%2Fplv%2Fxdq&srno=s_1_12&otracker=search&fm=organic&iid=en_sgO1yjH9ADHXWzLUYRrCh008PztDYlLYIub5e9sx-rshc2Qqx8gsglSFkp6wakFNro5iEi5k5xnDmDn4pDbgE2TwW8tV4P_ycyy6_RBfld68BfjObFZeDYeMcMh6a40G&ppt=sp&ppn=sp&ssid=8aa19tuzjk0000001786988017234&qH=2721e1dc434c5ada&ov_redirect=true&ov_redirect=true,https://rukminim2.flixcart.com/image/612/612/xif0q/liquid-detergent/f/e/a/1000-liquid-detergent-front-top-load-washing-machine-pink-1l-mrn-original-imahpw4khmgcefre.jpeg?q=70,Flipkart,17-08-26,1000.0,,13.5,,Mrn,Competitor,32.1608040201005,Liquid Detergent,13.5,100.0,Excellent,False
FLIP_0060,Elovia,ELOVIA Washing Machine Liquid Aqua Liquid Detergent 4.5 L 5(12) ₹382₹89957% off Super Deals,4.5 L,4.5,l,899.0,382.0,57.0,5.0,12,https://www.flipkart.com/elovia-washing-machine-liquid-aqua-detergent/p/itm976662573345a?pid=LDGHP73SQAVPUPF8&lid=LSTLDGHP73SQAVPUPF8ZJZXBH&marketplace=FLIPKART&q=washing+machine+liquid+detergent&store=rja%2Fplv%2Fxdq&srno=s_1_13&otracker=search&fm=organic&iid=0516046a-1df3-4f87-a595-481a08c3b310.LDGHP73SQAVPUPF8.SEARCH&ppt=sp&ppn=sp&ssid=8aa19tuzjk0000001786988017234&qH=2721e1dc434c5ada&ov_redirect=true&ov_redirect=true,https://rukminim2.flixcart.com/image/612/612/xif0q/liquid-detergent/g/z/3/4-5-washing-machine-liquid-elovia-original-imahp8egjfrgtnwm.jpeg?q=70,Flipkart,17-08-26,4500.0,,8.488888888888889,,Elovia,Competitor,57.50834260289211,Liquid Detergent,8.488888888888889,100.0,Excellent,False
FLIP_0061,Mrn,MRN TRADING Washing Machine Liquid Detergent Laundry To... 5000 ml ₹268₹49946% off,5000 ml,5000.0,ml,499.0,268.0,46.0,0.0,0,https://www.flipkart.com/mrn-trading-washing-machine-liquid-detergent-laundry-top-front-load-bucket-wash-aqua/p/itm04123c9f83bd9?pid=LDGHPXXKZPRGXSHH&lid=LSTLDGHPXXKZPRGXSHHGABG1M&marketplace=FLIPKART&q=washing+machine+liquid+detergent&store=rja%2Fplv%2Fxdq&srno=s_1_17&otracker=search&fm=organic&iid=en_sgO1yjH9ADHXWzLUYRrCh008PztDYlLYIub5e9sx-ruEGma0sna384xSa9tnp0uoeeJMQSN1v5hyCCZpkZXnx2TwW8tV4P_ycyy6_RBfld68BfjObFZeDYeMcMh6a40G&ppt=sp&ppn=sp&ssid=8aa19tuzjk0000001786988017234&qH=2721e1dc434c5ada&ov_redirect=true&ov_redirect=true,https://rukminim2.flixcart.com/image/612/612/xif0q/liquid-detergent/j/9/l/5000-washing-machine-liquid-detergent-laundry-top-front-load-original-imahpxxhxc764yzy.jpeg?q=70,Flipkart,17-08-26,5000.0,,5.36,,Mrn,Competitor,46.292585170340686,Liquid Detergent,5.36,100.0,Excellent,False
FLIP_0062,Purela,"PURELA Liquid Detergent Suitable For Top Load & Front L... 5 L 4.1(109) ₹489₹1,09955% off Hot Deal",5 L,5.0,l,1099.0,489.0,55.0,4.1,109,https://www.flipkart.com/purela-liquid-detergent-suitable-top-load-front-washing-machine-classic/p/itm58d32a339d6f3?pid=LDGGWZQSERBDGFNN&lid=LSTLDGGWZQSERBDGFNN8IGSEJ&marketplace=FLIPKART&q=washing+machine+liquid+detergent&store=rja%2Fplv%2Fxdq&srno=s_1_19&otracker=search&fm=organic&iid=0516046a-1df3-4f87-a595-481a08c3b310.LDGGWZQSERBDGFNN.SEARCH&ppt=sp&ppn=sp&ssid=8aa19tuzjk0000001786988017234&qH=2721e1dc434c5ada&ov_redirect=true&ov_redirect=true,https://rukminim2.flixcart.com/image/612/612/xif0q/liquid-detergent/7/t/b/5-ultra-matic-liquid-detergent-lavender-5l-front-top-load-original-imahpknwj2ajfynr.jpeg?q=70,Flipkart,17-08-26,5000.0,,9.78,,Purela,Competitor,55.505004549590545,Liquid Detergent,9.78,100.0,Excellent,False
FLIP_0063,Right,Right to Clean Liquid Detergent 5kg Pink Lily | Matic f... 5 kg 4(68) ₹360₹84957% off Hot Deal,5kg,5.0,kg,849.0,360.0,57.0,4.0,68,https://www.flipkart.com/right-clean-liquid-detergent-5kg-pink-lily-matic-front-top-load-washing-machine/p/itm420490d21121e?pid=LDGHNUD9SPGF9QJN&lid=LSTLDGHNUD9SPGF9QJNVTELQJ&marketplace=FLIPKART&q=washing+machine+liquid+detergent&store=rja%2Fplv%2Fxdq&srno=s_1_20&otracker=search&fm=organic&iid=0516046a-1df3-4f87-a595-481a08c3b310.LDGHNUD9SPGF9QJN.SEARCH&ppt=sp&ppn=sp&ssid=8aa19tuzjk0000001786988017234&qH=2721e1dc434c5ada&ov_redirect=true&ov_redirect=true,https://rukminim2.flixcart.com/image/612/612/xif0q/liquid-detergent/6/n/j/5-liquid-detergent-5kg-rose-matic-for-front-top-load-washing-original-imahnud9fwqunefv.jpeg?q=70,Flipkart,17-08-26,5000.0,5000.0,,7.199999999999999,Right,Competitor,57.59717314487632,Liquid Detergent,7.199999999999999,100.0,Excellent,False
FLIP_0064,Mrn,MRN TRADING Lavender Fresh Liquid Detergent 5L | Front ... 5000 ml ₹268₹49946% off,5000 ml,5000.0,ml,499.0,268.0,46.0,0.0,0,https://www.flipkart.com/mrn-trading-lavender-fresh-liquid-detergent-5l-front-top-load-aqua/p/itm11b1d8c551e4c?pid=LDGHQFZUVYWU7HHD&lid=LSTLDGHQFZUVYWU7HHDC4OJID&marketplace=FLIPKART&q=washing+machine+liquid+detergent&store=rja%2Fplv%2Fxdq&srno=s_1_21&otracker=search&fm=organic&iid=en_sgO1yjH9ADHXWzLUYRrCh008PztDYlLYIub5e9sx-rsn3UJ4WdXMArxvpNJfErUgsTpJmT-WWuKN3ts5QjCuJ2TwW8tV4P_ycyy6_RBfld68BfjObFZeDYeMcMh6a40G&ppt=sp&ppn=sp&ssid=8aa19tuzjk0000001786988017234&qH=2721e1dc434c5ada&ov_redirect=true&ov_redirect=true,https://rukminim2.flixcart.com/image/612/612/xif0q/liquid-detergent/c/b/w/5000-lavender-fresh-liquid-detergent-5l-front-top-load-fresh-original-imahqfzu9ugzpc3s.jpeg?q=70,Flipkart,17-08-26,5000.0,,5.36,,Mrn,Competitor,46.292585170340686,Liquid Detergent,5.36,100.0,Excellent,False
FLIP_0065,Moon,"Moon and Mount Liquid detergent 5 Liter, Machine Liquid... 5 L 4.3(102) ₹489₹99951% off Lowest price in the year",5 Liter,5.0,l,999.0,489.0,51.0,4.3,102,https://www.flipkart.com/moon-mount-liquid-detergent-5-liter-machine-top-front-load-lavender/p/itm6a04cf196ed0f?pid=LDGGZSQXE5ZUCH3N&lid=LSTLDGGZSQXE5ZUCH3NQ3R0TO&marketplace=FLIPKART&q=washing+machine+liquid+detergent&store=rja%2Fplv%2Fxdq&srno=s_1_22&otracker=search&fm=organic&iid=en_sgO1yjH9ADHXWzLUYRrCh008PztDYlLYIub5e9sx-rtsNJMCcIitg-TQOyQA-m4ayH6J07Y0V0edyT-lqle8bH5dYBe2LRLbajY13p-8f2rQL34Ekj37TIMO1mPsObtL&ppt=sp&ppn=sp&ssid=8aa19tuzjk0000001786988017234&qH=2721e1dc434c5ada&ov_redirect=true&ov_redirect=true,https://rukminim2.flixcart.com/image/612/612/xif0q/liquid-detergent/g/m/p/5-liquid-detergent-5-liter-machine-liquid-for-top-front-load-original-imahqy4yszruxgvr.jpeg?q=70,Flipkart,17-08-26,5000.0,,9.78,,Moon,Competitor,51.051051051051054,Liquid Detergent,9.78,100.0,Excellent,False
FLIP_0066,Iszk,ISZK heavy Liquid Detergent suitable for washing machin... 5000 ml 3.4(16) ₹180₹99981% off Only few left,5000 ml,5000.0,ml,999.0,180.0,81.0,3.4,16,https://www.flipkart.com/iszk-heavy-liquid-detergent-suitable-washing-machine-use-hand-wash-5-ltr-rose/p/itm74f48ccc852aa?pid=LDGHDA8HVMZPR2WD&lid=LSTLDGHDA8HVMZPR2WDF3C447&marketplace=FLIPKART&q=washing+machine+liquid+detergent&store=rja%2Fplv%2Fxdq&srno=s_1_23&otracker=search&fm=organic&iid=0516046a-1df3-4f87-a595-481a08c3b310.LDGHDA8HVMZPR2WD.SEARCH&ppt=sp&ppn=sp&ssid=8aa19tuzjk0000001786988017234&qH=2721e1dc434c5ada&ov_redirect=true&ov_redirect=true,https://rukminim2.flixcart.com/image/612/612/xif0q/liquid-detergent/z/2/a/5000-heavy-liquid-detergent-suitable-for-washing-machine-and-use-original-imahda8gygh6qfrv.jpeg?q=70,Flipkart,17-08-26,5000.0,,3.6,,Iszk,Competitor,81.98198198198197,Liquid Detergent,3.5999999999999996,100.0,Excellent,False
FLIP_0067,Reldor,RELDOR Detergent for Front AND Top Load Washing Machine... 5000 ml 3.9(214) ₹135₹99986% off Hot Deal,5000 ml,5000.0,ml,999.0,135.0,86.0,3.9,214,https://www.flipkart.com/reldor-detergent-front-top-load-washing-machine-liquid-lavender/p/itm8a4e628580c60?pid=LDGH3KHVB8TWGPBW&lid=LSTLDGH3KHVB8TWGPBWKSJCYN&marketplace=FLIPKART&q=washing+machine+liquid+detergent&store=rja%2Fplv%2Fxdq&srno=s_1_24&otracker=search&fm=organic&iid=0516046a-1df3-4f87-a595-481a08c3b310.LDGH3KHVB8TWGPBW.SEARCH&ppt=sp&ppn=sp&ssid=8aa19tuzjk0000001786988017234&qH=2721e1dc434c5ada&ov_redirect=true&ov_redirect=true,https://rukminim2.flixcart.com/image/612/612/xif0q/liquid-detergent/n/k/y/5-laundry-liquid-detergent-for-top-load-and-front-load-machine-original-imagyjdhfyttmxjh.jpeg?q=70,Flipkart,17-08-26,5000.0,,2.7,,Reldor,Competitor,86.48648648648648,Liquid Detergent,2.7,100.0,Excellent,False
FLIP_0068,Flisko,"Flisko Washing Machine Liquid Detergent Laundry Multi-F... 5 L 3.3(9) ₹248₹1,66085% off",5 L,5.0,l,1660.0,248.0,85.0,3.3,9,https://www.flipkart.com/flisko-washing-machine-liquid-detergent-laundry-multi-fragrance/p/itm67815fda74a32?pid=LDGGPZGBTNYUDVWB&lid=LSTLDGGPZGBTNYUDVWBSWGB50&marketplace=FLIPKART&q=washing+machine+liquid+detergent&store=rja%2Fplv%2Fxdq&srno=s_1_25&otracker=search&fm=organic&iid=0516046a-1df3-4f87-a595-481a08c3b310.LDGGPZGBTNYUDVWB.SEARCH&ppt=sp&ppn=sp&ssid=8aa19tuzjk0000001786988017234&qH=2721e1dc434c5ada&ov_redirect=true&ov_redirect=true,https://rukminim2.flixcart.com/image/612/612/xif0q/shopsy-liquid-detergent/7/d/c/5-laundry-liquid-detergent-5-liter-deep-cleaning-stain-removal-original-imahnbzxetnayezz.jpeg?q=70,Flipkart,17-08-26,5000.0,,4.96,,Flisko,Competitor,85.06024096385542,Liquid Detergent,4.96,100.0,Excellent,False
FLIP_0069,Leelambari,Leelambari Washing Machine Liquid Detergent Top Load An... 5000 ml 3.2(18) ₹144₹99985% off Hot Deal,5000 ml,5000.0,ml,999.0,144.0,85.0,3.2,18,https://www.flipkart.com/leelambari-washing-machine-liquid-detergent-top-load-front-aqua/p/itmae3574509bddf?pid=LDGH8QZZ8RWUUUHB&lid=LSTLDGH8QZZ8RWUUUHBPDZOFZ&marketplace=FLIPKART&q=washing+machine+liquid+detergent&store=rja%2Fplv%2Fxdq&srno=s_1_27&otracker=search&fm=organic&iid=en_sgO1yjH9ADHXWzLUYRrCh008PztDYlLYIub5e9sx-rvXbrNZU6OEgVoRUp3lDSFQfiO3a0dpacaOgi-4mM1NkpLETuPzZhsXDE7u9-3Ey_nQL34Ekj37TIMO1mPsObtL&ppt=sp&ppn=sp&ssid=8aa19tuzjk0000001786988017234&qH=2721e1dc434c5ada&ov_redirect=true&ov_redirect=true,https://rukminim2.flixcart.com/image/612/612/xif0q/liquid-detergent/v/f/p/5000-washing-machine-liquid-detergent-top-load-and-front-load-original-imah8qzzcey3qekc.jpeg?q=70,Flipkart,17-08-26,5000.0,,2.88,,Leelambari,Competitor,85.58558558558559,Liquid Detergent,2.88,100.0,Excellent,False
FLIP_0070,Ibf,IBF 3L washing machine liquid | Fresh Liquid Detergent 3 x 1 L ₹539₹99946% off Only few left,3 x 1 L,1.0,l,999.0,539.0,46.0,0.0,0,https://www.flipkart.com/ibf-3l-washing-machine-liquid-fresh-detergent/p/itm31c6255875b37?pid=LDGH6CKPZWXBKXRF&lid=LSTLDGH6CKPZWXBKXRFELZQ70&marketplace=FLIPKART&q=washing+machine+liquid+detergent&store=rja%2Fplv%2Fxdq&srno=s_1_30&otracker=search&fm=organic&iid=0516046a-1df3-4f87-a595-481a08c3b310.LDGH6CKPZWXBKXRF.SEARCH&ppt=sp&ppn=sp&ssid=8aa19tuzjk0000001786988017234&qH=2721e1dc434c5ada&ov_redirect=true&ov_redirect=true,https://rukminim2.flixcart.com/image/612/612/xif0q/liquid-detergent/w/v/q/3-pink-front-top-load-fabric-liquid-detergent-machine-3l-ibf-original-imahhutgryvzzgpy.jpeg?q=70,Flipkart,17-08-26,1000.0,,53.900000000000006,,IBF,Competitor,46.046046046046044,Liquid Detergent,53.900000000000006,100.0,Excellent,False
FLIP_0071,Axxl,"axxl Detergent Liquid|Laundry Detergent For Front Load ... 5 L ₹364₹1,50075% off",5 L,5.0,l,1500.0,364.0,75.0,0.0,0,https://www.flipkart.com/axxl-detergent-liquid-laundry-front-load-top-washing-machine-jasmine-liquid/p/itm545d180b067c4?pid=LDGHQ6ZMRVNNW7CM&lid=LSTLDGHQ6ZMRVNNW7CM4TZCD8&marketplace=FLIPKART&q=washing+machine+liquid+detergent&store=rja%2Fplv%2Fxdq&srno=s_1_31&otracker=search&fm=organic&iid=en_sgO1yjH9ADHXWzLUYRrCh008PztDYlLYIub5e9sx-rs2Q4hbbr_dprEqokQnPIjM3qm3wkUKxxkJfH5k3iF2ZPqjK35hGfPj_XmMFq_xVse8BfjObFZeDYeMcMh6a40G&ppt=sp&ppn=sp&ssid=8aa19tuzjk0000001786988017234&qH=2721e1dc434c5ada&ov_redirect=true&ov_redirect=true,https://rukminim2.flixcart.com/image/612/612/xif0q/liquid-detergent/1/g/7/5-detergent-liquid-laundry-detergent-for-front-load-top-load-original-imahq6zmzvjz2hqz.jpeg?q=70,Flipkart,17-08-26,5000.0,,7.28,,Axxl,Competitor,75.73333333333333,Liquid Detergent,7.28,100.0,Excellent,False
FLIP_0072,Igreja,"IGREJA Washing machine liquid detergent top load and fr... 2 x 2.5 L 3.9(10) ₹334₹2,49986% off Super Deals",2 x 2.5 L,2.5,l,2499.0,334.0,86.0,3.9,10,https://www.flipkart.com/igreja-washing-machine-liquid-detergent-top-load-front-transferent-5-ltr-aqua/p/itmdb314d42b3de7?pid=LDGHFMC2TKPZ4CW9&lid=LSTLDGHFMC2TKPZ4CW9O0PXSS&marketplace=FLIPKART&q=washing+machine+liquid+detergent&store=rja%2Fplv%2Fxdq&srno=s_1_33&otracker=search&fm=organic&iid=0516046a-1df3-4f87-a595-481a08c3b310.LDGHFMC2TKPZ4CW9.SEARCH&ppt=sp&ppn=sp&ssid=8aa19tuzjk0000001786988017234&qH=2721e1dc434c5ada&ov_redirect=true&ov_redirect=true,https://rukminim2.flixcart.com/image/612/612/xif0q/liquid-detergent/w/k/o/5-washing-machine-liquid-detergent-top-load-and-front-load-original-imahfmc4ux3gggvk.jpeg?q=70,Flipkart,17-08-26,2500.0,,13.36,,Igreja,Competitor,86.63465386154462,Liquid Detergent,13.36,100.0,Excellent,False
FLIP_0073,Cleannxo,"cleannxo Classic Liquid Detergent 5L Pack for Front&Top... 5 kg ₹231₹1,09978% off Only few left",5L,5.0,l,1099.0,231.0,78.0,0.0,0,https://www.flipkart.com/cleannxo-classic-liquid-detergent-5l-pack-front-top-load-washing-machine/p/itm04203ae04ab45?pid=LDGHPG34HWDNHQNW&lid=LSTLDGHPG34HWDNHQNWSOOLBD&marketplace=FLIPKART&q=washing+machine+liquid+detergent&store=rja%2Fplv%2Fxdq&srno=s_1_34&otracker=search&fm=organic&iid=0516046a-1df3-4f87-a595-481a08c3b310.LDGHPG34HWDNHQNW.SEARCH&ppt=sp&ppn=sp&ssid=8aa19tuzjk0000001786988017234&qH=2721e1dc434c5ada&ov_redirect=true&ov_redirect=true,https://rukminim2.flixcart.com/image/612/612/xif0q/liquid-detergent/i/q/v/5-classic-liquid-detergent-5l-pack-for-front-top-load-washing-original-imahpg34hmrxdmyy.jpeg?q=70,Flipkart,17-08-26,5000.0,,4.62,,Cleannxo,Competitor,78.98089171974523,Liquid Detergent,4.62,100.0,Excellent,False
FLIP_0074,Purela,"PURELA Liquid Detergent 5 Liter, Washing Machine Liquid... 5 kg 4(93) ₹489₹1,09955% off Only few left",5 Liter,5.0,l,1099.0,489.0,55.0,4.0,93,https://www.flipkart.com/purela-liquid-detergent-5-liter-washing-machine-top-front-load-lavender/p/itm04441dec340ea?pid=LDGHYHBYJFAQTUZ7&lid=LSTLDGHYHBYJFAQTUZ7MEPLVJ&marketplace=FLIPKART&q=washing+machine+liquid+detergent&store=rja%2Fplv%2Fxdq&srno=s_1_35&otracker=search&fm=organic&iid=0516046a-1df3-4f87-a595-481a08c3b310.LDGHYHBYJFAQTUZ7.SEARCH&ppt=sp&ppn=sp&ssid=8aa19tuzjk0000001786988017234&qH=2721e1dc434c5ada&ov_redirect=true&ov_redirect=true,https://rukminim2.flixcart.com/image/612/612/xif0q/liquid-detergent/p/r/w/5-liquid-detergent-5-liter-washing-machine-liquid-for-top-front-original-imahpp4ykgsuumzy.jpeg?q=70,Flipkart,17-08-26,5000.0,,9.78,,Purela,Competitor,55.505004549590545,Liquid Detergent,9.78,100.0,Excellent,False
FLIP_0075,Ibf,"IBF Premium liquid detergent for machine & hand wash Mu... 5 L ₹1,193₹1,99540% off Only few left",5 L,5.0,l,1995.0,1193.0,40.0,0.0,0,https://www.flipkart.com/ibf-premium-liquid-detergent-machine-hand-wash-multi-fragrance/p/itm60218ac31b0d3?pid=LDGH695HBXRUHEPM&lid=LSTLDGH695HBXRUHEPMVZFZW2&marketplace=FLIPKART&q=washing+machine+liquid+detergent&store=rja%2Fplv%2Fxdq&srno=s_1_37&otracker=search&fm=organic&iid=0516046a-1df3-4f87-a595-481a08c3b310.LDGH695HBXRUHEPM.SEARCH&ppt=sp&ppn=sp&ssid=8aa19tuzjk0000001786988017234&qH=2721e1dc434c5ada&ov_redirect=true&ov_redirect=true,https://rukminim2.flixcart.com/image/612/612/xif0q/liquid-detergent/s/h/7/5-liquid-detergent-ibf-original-imahgqf44hm6xku4.jpeg?q=70,Flipkart,17-08-26,5000.0,,23.86,,IBF,Competitor,40.20050125313283,Liquid Detergent,23.86,100.0,Excellent,False
FLIP_0076,Ifb,"Front Load ifb Fluff Essentials Liquid Detergent |Tough... 10 x 100 ml 5(19) ₹1,990₹3,60044% off",10 x 100 ml,100.0,ml,3600.0,1990.0,44.0,5.0,19,https://www.flipkart.com/front-load-ifb-fluff-essentials-liquid-detergent-tough-stain-remover/p/itmd82f741283872?pid=LDGHPHFHGFPGMWW6&lid=LSTLDGHPHFHGFPGMWW6TSOPY8&marketplace=FLIPKART&q=liquid+detergent+front+load&store=rja%2Fplv%2Fxdq&srno=s_1_1&otracker=search&fm=organic&iid=en_-FwR0_Z-uCwkqStfYlzIyGLpLdwdGDYeeDiahGA_HnHRKvVymHCEQLUWOz5D9ySxlhhMGwlem0JqJaFSqo_ppkmt5U_uyOb4HdH7puGr2tptKg-DsJl2aX2RAiCMK7Ud&ppt=sp&ppn=sp&ssid=r2w85k1iio0000001786988029527&qH=512f6544c3919989&ov_redirect=true&ov_redirect=true,https://rukminim2.flixcart.com/image/612/612/xif0q/liquid-detergent/r/t/x/10-ifb-fluff-essentials-liquid-detergent-tough-stain-remover-original-imahp7c4kxm3gzhs.jpeg?q=70,Flipkart,17-08-26,100.0,,1990.0,,IFB,Competitor,44.72222222222222,Liquid Detergent,1989.9999999999998,100.0,Excellent,False
FLIP_0077,Ifb,Front Load IFB Fluff Matic Front Load Liquid Detergent ... 2 x 500 ml 3.7(42) ₹395₹72045% off Hot Deal,2 x 500 ml,500.0,ml,720.0,395.0,45.0,3.7,42,https://www.flipkart.com/front-load-ifb-fluff-matic-liquid-detergent-floral/p/itm97743aad5f1bc?pid=LDGHZGGHMJCTM839&lid=LSTLDGHZGGHMJCTM839ZJRGPT&marketplace=FLIPKART&q=liquid+detergent+front+load&store=rja%2Fplv%2Fxdq&srno=s_1_4&otracker=search&fm=organic&iid=4e7f22b4-9de2-4d69-8348-38203ce1ad3e.LDGHZGGHMJCTM839.SEARCH&ppt=sp&ppn=sp&ssid=r2w85k1iio0000001786988029527&qH=512f6544c3919989&ov_redirect=true&ov_redirect=true,https://rukminim2.flixcart.com/image/612/612/xif0q/liquid-detergent/v/a/t/1000-ifb-fluff-matic-front-load-liquid-detergent-frontload-original-imahzgghzeneeeh8.jpeg?q=70,Flipkart,17-08-26,500.0,,79.0,,IFB,Competitor,45.13888888888889,Liquid Detergent,79.0,100.0,Excellent,False
FLIP_0078,Henko,"Henko Stain Care Front Load Fresh Liquid Detergent 2 L 4.3(3,395) ₹166₹44062% off Value 365",2 L,2.0,l,440.0,166.0,62.0,4.3,3395,https://www.flipkart.com/henko-stain-care-front-load-fresh-liquid-detergent/p/itm19e32433ec8e2?pid=LDGHFPS9RBZNJXVU&lid=LSTLDGHFPS9RBZNJXVU7WBYFJ&marketplace=FLIPKART&q=liquid+detergent+front+load&store=rja%2Fplv%2Fxdq&srno=s_1_5&otracker=search&fm=organic&iid=4e7f22b4-9de2-4d69-8348-38203ce1ad3e.LDGHFPS9RBZNJXVU.SEARCH&ppt=sp&ppn=sp&ssid=r2w85k1iio0000001786988029527&qH=512f6544c3919989&ov_redirect=true&ov_redirect=true,https://rukminim2.flixcart.com/image/612/612/xif0q/liquid-detergent/h/a/y/-original-imah3apruzxvz4wj.jpeg?q=70,Flipkart,17-08-26,2000.0,,8.3,,Henko,Competitor,62.272727272727266,Liquid Detergent,8.3,100.0,Excellent,False
FLIP_0079,Organic,ORGANIC RAINBOW Front Load Enzyme Liquid Detergent Lime... 2000 ml 5(1) ₹229₹39942% off,2000 ml,2000.0,ml,399.0,229.0,42.0,5.0,1,https://www.flipkart.com/organic-rainbow-front-load-enzyme-liquid-detergent-lime/p/itm8f56957b727dc?pid=LDGHHVH7CE9CBWPY&lid=LSTLDGHHVH7CE9CBWPY44PIYS&marketplace=FLIPKART&q=liquid+detergent+front+load&store=rja%2Fplv%2Fxdq&srno=s_1_6&otracker=search&fm=organic&iid=en_-FwR0_Z-uCwkqStfYlzIyGLpLdwdGDYeeDiahGA_HnGY0BKmwD9S-3UdLYZXIvcdynaA6xdV0ORDB_84JrgoJxs_5xFzrpmMxX6kXlqvRoyT7UYEnDz0abyUuBm-PLcj&ppt=sp&ppn=sp&ssid=r2w85k1iio0000001786988029527&qH=512f6544c3919989&ov_redirect=true&ov_redirect=true,https://rukminim2.flixcart.com/image/612/612/xif0q/liquid-detergent/n/o/q/2000-front-load-enzyme-liquid-detergent-organic-rainbow-original-imahhvh7pdvftcxz.jpeg?q=70,Flipkart,17-08-26,2000.0,,11.45,,Organic,Competitor,42.606516290726816,Liquid Detergent,11.450000000000001,100.0,Excellent,False
FLIP_0080,Ifb,IFB Front load liquid detergent (Pack of 2) Multi-Fragr... 2 L 3.7(152) ₹627₹72012% off Only 2 left,2 L,2.0,l,720.0,627.0,12.0,3.7,152,https://www.flipkart.com/ifb-front-load-liquid-detergent-pack-2-multi-fragrance/p/itm9a2f42ff00030?pid=LDGFVK8SYV6WNCHF&lid=LSTLDGFVK8SYV6WNCHFVYCYS2&marketplace=FLIPKART&q=liquid+detergent+front+load&store=rja%2Fplv%2Fxdq&srno=s_1_7&otracker=search&fm=organic&iid=4e7f22b4-9de2-4d69-8348-38203ce1ad3e.LDGFVK8SYV6WNCHF.SEARCH&ppt=sp&ppn=sp&ssid=r2w85k1iio0000001786988029527&qH=512f6544c3919989&ov_redirect=true&ov_redirect=true,https://rukminim2.flixcart.com/image/612/612/k5si2kw0/liquid-detergent/z/d/f/1-liquid-detergent-for-washing-clothes-ifb-original-imafnkegesqcgudx.jpeg?q=70,Flipkart,17-08-26,2000.0,,31.35,,IFB,Competitor,12.916666666666668,Liquid Detergent,31.35,100.0,Excellent,False
FLIP_0081,Front,Front Load Fluff Essentials Liquid Detergent | Tough St... 2 x 1 L 4.5(4) ₹460₹72036% off Only few left,2 x 1 L,1.0,l,720.0,460.0,36.0,4.5,4,https://www.flipkart.com/front-load-fluff-essentials-liquid-detergent-tough-stain-remover-color-care-laundry-floral/p/itmf06d863fb423f?pid=LDGHPFU86BMHGERY&lid=LSTLDGHPFU86BMHGERYU6HIT8&marketplace=FLIPKART&q=liquid+detergent+front+load&store=rja%2Fplv%2Fxdq&srno=s_1_8&otracker=search&fm=organic&iid=4e7f22b4-9de2-4d69-8348-38203ce1ad3e.LDGHPFU86BMHGERY.SEARCH&ppt=sp&ppn=sp&ssid=r2w85k1iio0000001786988029527&qH=512f6544c3919989&ov_redirect=true&ov_redirect=true,https://rukminim2.flixcart.com/image/612/612/xif0q/shopsy-liquid-detergent/d/r/7/2-fluff-liquid-detergent-2-multi-fragrance-liquid-detergent-ifb-original-imah4cbzyuv7g8bz.jpeg?q=70,Flipkart,17-08-26,1000.0,,46.0,,Front,Competitor,36.11111111111111,Liquid Detergent,46.0,100.0,Excellent,False
FLIP_0082,Rin,Rin Matic Front Load Fresh Liquid Detergent 2 L 4.5(122) ₹345 Only few left,2 L,2.0,l,345.0,345.0,0.0,4.5,122,https://www.flipkart.com/rin-matic-front-load-fresh-liquid-detergent/p/itme4742e41d20cc?pid=LDGHYYPYQRYNWJPD&lid=LSTLDGHYYPYQRYNWJPDFTK5RA&marketplace=FLIPKART&q=liquid+detergent+front+load&store=rja%2Fplv%2Fxdq&srno=s_1_9&otracker=search&fm=organic&iid=4e7f22b4-9de2-4d69-8348-38203ce1ad3e.LDGHYYPYQRYNWJPD.SEARCH&ppt=sp&ppn=sp&ssid=r2w85k1iio0000001786988029527&qH=512f6544c3919989&ov_redirect=true&ov_redirect=true,https://rukminim2.flixcart.com/image/612/612/xif0q/liquid-detergent/g/o/h/-original-imahmb445f9cpg8k.jpeg?q=70,Flipkart,17-08-26,2000.0,,17.25,,Rin,Competitor,0.0,Liquid Detergent,17.25,100.0,Excellent,False
FLIP_0083,Purela,"PURELA liquid detergent pink for all type of cloth, top... 5 kg 4(11) ₹489₹1,09955% off",5 kg,5.0,kg,1099.0,489.0,55.0,4.0,11,https://www.flipkart.com/purela-liquid-detergent-pink-all-type-cloth-top-load-front-machine-rose/p/itm0cbb3be26232c?pid=LDGHYHBJCDA79MEJ&lid=LSTLDGHYHBJCDA79MEJOZLJ4C&marketplace=FLIPKART&q=liquid+detergent+front+load&store=rja%2Fplv%2Fxdq&srno=s_1_12&otracker=search&fm=organic&iid=en_-FwR0_Z-uCwkqStfYlzIyGLpLdwdGDYeeDiahGA_HnGA5FeigWQPweFgPG3BzzD8S1IajwKBgJ_DyRWIrkbkWdAfR6PtVGucFZh5VXleIeKT7UYEnDz0abyUuBm-PLcj&ppt=sp&ppn=sp&ssid=r2w85k1iio0000001786988029527&qH=512f6544c3919989&ov_redirect=true&ov_redirect=true,https://rukminim2.flixcart.com/image/612/612/xif0q/liquid-detergent/g/e/q/5-liquid-detergent-pink-for-all-type-of-cloth-top-load-and-front-original-imahpp5jz3gdzfh4.jpeg?q=70,Flipkart,17-08-26,5000.0,5000.0,,9.78,Purela,Competitor,55.505004549590545,Liquid Detergent,9.78,100.0,Excellent,False
FLIP_0084,Ifb,IFB Essensial Liquid detergent for Front Load Multi-Fra... 1000 ml 4.3(369) ₹267₹36025% off Hot Deal,1000 ml,1000.0,ml,360.0,267.0,25.0,4.3,369,https://www.flipkart.com/ifb-essensial-liquid-detergent-front-load-multi-fragrance/p/itmfenmy8cc3t58x?pid=LDGFEN7FZ56GH3QM&lid=LSTLDGFEN7FZ56GH3QMLZCFVS&marketplace=FLIPKART&q=liquid+detergent+front+load&store=rja%2Fplv%2Fxdq&srno=s_1_14&otracker=search&fm=organic&iid=4e7f22b4-9de2-4d69-8348-38203ce1ad3e.LDGFEN7FZ56GH3QM.SEARCH&ppt=sp&ppn=sp&ssid=r2w85k1iio0000001786988029527&qH=512f6544c3919989&ov_redirect=true&ov_redirect=true,https://rukminim2.flixcart.com/image/612/612/l1grgcw0/dish-washing-detergent/t/u/1/lemon-500-123-1-keshvikeshav-original-imafemwf6ejhmdwk.jpeg?q=70,Flipkart,17-08-26,1000.0,,26.700000000000003,,IFB,Competitor,25.833333333333336,Liquid Detergent,26.700000000000003,100.0,Excellent,False
FLIP_0085,Purela,"PURELA Liquid Detergent, Suitable for top load detergen... 5000 ml 4.1(4,848) ₹489₹1,09955% off Only few left",5000 ml,5000.0,ml,1099.0,489.0,55.0,4.1,4848,https://www.flipkart.com/purela-liquid-detergent-suitable-top-load-detergent-front-wash-machine-hand-fresh/p/itmc5c16db069223?pid=LDGGFBSQJGWVPTW9&lid=LSTLDGGFBSQJGWVPTW97DUNF2&marketplace=FLIPKART&q=liquid+detergent+front+load&store=rja%2Fplv%2Fxdq&srno=s_1_16&otracker=search&fm=organic&iid=4e7f22b4-9de2-4d69-8348-38203ce1ad3e.LDGGFBSQJGWVPTW9.SEARCH&ppt=sp&ppn=sp&ssid=r2w85k1iio0000001786988029527&qH=512f6544c3919989&ov_redirect=true&ov_redirect=true,https://rukminim2.flixcart.com/image/612/612/xif0q/liquid-detergent/f/1/4/5000-liquid-detergent-suitable-for-top-load-detergent-and-front-original-imahgypyvtgnh8nh.jpeg?q=70,Flipkart,17-08-26,5000.0,,9.78,,Purela,Competitor,55.505004549590545,Liquid Detergent,9.78,100.0,Excellent,False
FLIP_0086,Egret,Egret Front Load Rose Liquid Detergent 4 x 1 L ₹536₹70023% off Only few left,4 x 1 L,1.0,l,700.0,536.0,23.0,0.0,0,https://www.flipkart.com/egret-front-load-rose-liquid-detergent/p/itm5beb6f843af2b?pid=LDGGZ4NENG4GWJPS&lid=LSTLDGGZ4NENG4GWJPS0ZGKJA&marketplace=FLIPKART&q=liquid+detergent+front+load&store=rja%2Fplv%2Fxdq&srno=s_1_20&otracker=search&fm=organic&iid=4e7f22b4-9de2-4d69-8348-38203ce1ad3e.LDGGZ4NENG4GWJPS.SEARCH&ppt=sp&ppn=sp&ssid=r2w85k1iio0000001786988029527&qH=512f6544c3919989&ov_redirect=true&ov_redirect=true,https://rukminim2.flixcart.com/image/612/612/xif0q/liquid-detergent/t/d/j/4-front-load-egret-original-imagz4nehjkkfgts.jpeg?q=70,Flipkart,17-08-26,1000.0,,53.6,,Egret,Competitor,23.42857142857143,Liquid Detergent,53.6,100.0,Excellent,False
FLIP_0087,Henko,"Henko Stain Care Front Load Fresh Liquid Detergent 1 L 4.3(3,395) ₹129₹21038% off Value 365",1 L,1.0,l,210.0,129.0,38.0,4.3,3395,https://www.flipkart.com/henko-stain-care-front-load-fresh-liquid-detergent/p/itm19e32433ec8e2?pid=LDGHFPS9SVTQCERZ&lid=LSTLDGHFPS9SVTQCERZLS810X&marketplace=FLIPKART&q=liquid+detergent+front+load&store=rja%2Fplv%2Fxdq&srno=s_1_22&otracker=search&fm=organic&iid=4e7f22b4-9de2-4d69-8348-38203ce1ad3e.LDGHFPS9SVTQCERZ.SEARCH&ppt=sp&ppn=sp&ssid=r2w85k1iio0000001786988029527&qH=512f6544c3919989&ov_redirect=true&ov_redirect=true,https://rukminim2.flixcart.com/image/612/612/xif0q/liquid-detergent/k/h/v/1-stain-care-detergent-liquid-front-load-henko-enriched-transparent-original-imah38khbt8ttyh6.png?q=70,Flipkart,17-08-26,1000.0,,12.9,,Henko,Competitor,38.57142857142858,Liquid Detergent,12.9,100.0,Excellent,False
FLIP_0088,Binrola,"Binrola Liquid Detergent, Suitable Detergent for top lo... 5000 ml 4(83) ₹405₹1,19966% off Hot Deal",5000 ml,5000.0,ml,1199.0,405.0,66.0,4.0,83,https://www.flipkart.com/binrola-liquid-detergent-suitable-detergent-top-load-front-laundry-yellow-lime/p/itm3c97f3a07856b?pid=LDGGWZXNV62NHUMH&lid=LSTLDGGWZXNV62NHUMHPYIQIF&marketplace=FLIPKART&q=liquid+detergent+front+load&store=rja%2Fplv%2Fxdq&srno=s_1_23&otracker=search&fm=organic&iid=4e7f22b4-9de2-4d69-8348-38203ce1ad3e.LDGGWZXNV62NHUMH.SEARCH&ppt=sp&ppn=sp&ssid=r2w85k1iio0000001786988029527&qH=512f6544c3919989&ov_redirect=true&ov_redirect=true,https://rukminim2.flixcart.com/image/612/612/xif0q/liquid-detergent/d/p/e/5000-liquid-detergent-suitable-detergent-for-top-load-front-load-original-imagwzxgbbhz5a5f.jpeg?q=70,Flipkart,17-08-26,5000.0,,8.1,,Binrola,Competitor,66.22185154295246,Liquid Detergent,8.1,100.0,Excellent,False
FLIP_0089,Dr,"Dr Wash Liquid Detergent for Front Load Machines, Ultra... 2 L 4.5(2) ₹270₹46041% off Only few left",2 L,2.0,l,460.0,270.0,41.0,4.5,2,https://www.flipkart.com/wash-liquid-detergent-front-load-machines-ultra-power-matic-formula-2-l-fresh/p/itm85c5c53f47326?pid=LDGHZYMBKDWDHHHN&lid=LSTLDGHZYMBKDWDHHHNVFNKCY&marketplace=FLIPKART&q=liquid+detergent+front+load&store=rja%2Fplv%2Fxdq&srno=s_1_24&otracker=search&fm=organic&iid=4e7f22b4-9de2-4d69-8348-38203ce1ad3e.LDGHZYMBKDWDHHHN.SEARCH&ppt=sp&ppn=sp&ssid=r2w85k1iio0000001786988029527&qH=512f6544c3919989&ov_redirect=true&ov_redirect=true,https://rukminim2.flixcart.com/image/612/612/xif0q/liquid-detergent/4/k/8/2-ultra-power-matic-formula-for-front-load-machines-dr-wash-original-imahhefbregpkfgg.jpeg?q=70,Flipkart,17-08-26,2000.0,,13.5,,Dr Wash,Team Thai,41.30434782608695,Liquid Detergent,13.5,100.0,Excellent,False
FLIP_0090,Binrola,"Binrola Liquid Detergent, Suitable Detergent for top lo... 5000 ml 4.1(139) ₹405₹1,19966% off Hot Deal",5000 ml,5000.0,ml,1199.0,405.0,66.0,4.1,139,https://www.flipkart.com/binrola-liquid-detergent-suitable-detergent-top-load-front-detergent-purple-classic/p/itm08427496e2142?pid=LDGGXYYQHGA7RUQS&lid=LSTLDGGXYYQHGA7RUQSISBT0S&marketplace=FLIPKART&q=liquid+detergent+front+load&store=rja%2Fplv%2Fxdq&srno=s_1_25&otracker=search&fm=organic&iid=4e7f22b4-9de2-4d69-8348-38203ce1ad3e.LDGGXYYQHGA7RUQS.SEARCH&ppt=sp&ppn=sp&ssid=r2w85k1iio0000001786988029527&qH=512f6544c3919989&ov_redirect=true&ov_redirect=true,https://rukminim2.flixcart.com/image/612/612/xif0q/liquid-detergent/r/i/j/5000-liquid-detergent-suitable-detergent-for-top-load-front-load-original-imagwzyzzqwbygm3.jpeg?q=70,Flipkart,17-08-26,5000.0,,8.1,,Binrola,Competitor,66.22185154295246,Liquid Detergent,8.1,100.0,Excellent,False
FLIP_0091,Parryware,Parryware Fab Det Liquid Detergent for Front Load machi... 1000 ml 4.3(4) ₹309₹36014% off Only few left,1000 ml,1000.0,ml,360.0,309.0,14.0,4.3,4,https://www.flipkart.com/parryware-fab-det-liquid-detergent-front-load-machines-1l-pack-power-clean-formula-fresh/p/itm16717ee2e4c90?pid=LDGH6AF4XZ5PYNUD&lid=LSTLDGH6AF4XZ5PYNUDPNWK6Z&marketplace=FLIPKART&q=liquid+detergent+front+load&store=rja%2Fplv%2Fxdq&srno=s_1_26&otracker=search&fm=organic&iid=4e7f22b4-9de2-4d69-8348-38203ce1ad3e.LDGH6AF4XZ5PYNUD.SEARCH&ppt=sp&ppn=sp&ssid=r2w85k1iio0000001786988029527&qH=512f6544c3919989&ov_redirect=true&ov_redirect=true,https://rukminim2.flixcart.com/image/612/612/xif0q/shopsy-liquid-detergent/g/5/r/1000-fab-det-liquid-detergent-for-front-load-washing-machine-low-original-imah7jxyrrvn4qcu.jpeg?q=70,Flipkart,17-08-26,1000.0,,30.9,,Parryware,Competitor,14.166666666666666,Liquid Detergent,30.9,100.0,Excellent,False
FLIP_0092,Purela,"PURELA Ultra Matic Liquid Detergent 5kg | Front & Top L... 5 kg 3.8(8) ₹397₹1,09963% off Hot Deal",5kg,5.0,kg,1099.0,397.0,63.0,3.8,8,https://www.flipkart.com/purela-ultra-matic-liquid-detergent-5kg-front-top-load-machines-fresh/p/itm8acb9104462eb?pid=LDGHJY8AZEXFGHXA&lid=LSTLDGHJY8AZEXFGHXAMXWHKW&marketplace=FLIPKART&q=liquid+detergent+front+load&store=rja%2Fplv%2Fxdq&srno=s_1_27&otracker=search&fm=organic&iid=4e7f22b4-9de2-4d69-8348-38203ce1ad3e.LDGHJY8AZEXFGHXA.SEARCH&ppt=sp&ppn=sp&ssid=r2w85k1iio0000001786988029527&qH=512f6544c3919989&ov_redirect=true&ov_redirect=true,https://rukminim2.flixcart.com/image/612/612/xif0q/liquid-detergent/7/t/b/5-ultra-matic-liquid-detergent-lavender-5l-front-top-load-original-imahpknwj2ajfynr.jpeg?q=70,Flipkart,17-08-26,5000.0,5000.0,,7.939999999999999,Purela,Competitor,63.87625113739763,Liquid Detergent,7.9399999999999995,100.0,Excellent,False
FLIP_0093,Pumk,PUMK TOP LOAD FRONT LOAD PREMIUM LIQUID DETERGENT 10L A... 10000 ml 3.7(110) ₹149₹99985% off Lowest price since launch,10000 ml,10000.0,ml,999.0,149.0,85.0,3.7,110,https://www.flipkart.com/pumk-top-load-front-premium-liquid-detergent-10l-aqua-after-wash/p/itm84d6ea9d2641d?pid=LDGHKFMSC3NTNUTA&lid=LSTLDGHKFMSC3NTNUTAFI4QLG&marketplace=FLIPKART&q=liquid+detergent+front+load&store=rja%2Fplv%2Fxdq&srno=s_1_28&otracker=search&fm=organic&iid=4e7f22b4-9de2-4d69-8348-38203ce1ad3e.LDGHKFMSC3NTNUTA.SEARCH&ppt=sp&ppn=sp&ssid=r2w85k1iio0000001786988029527&qH=512f6544c3919989&ov_redirect=true&ov_redirect=true,https://rukminim2.flixcart.com/image/612/612/xif0q/liquid-detergent/x/t/h/5000-top-load-front-load-premium-liquid-detergent-5l-blue-pumk-original-imahjyjuh3zn4uag.jpeg?q=70,Flipkart,17-08-26,10000.0,,1.49,,Pumk,Competitor,85.08508508508508,Liquid Detergent,1.49,100.0,Excellent,False
FLIP_0094,Binrola,"Binrola Liquid Detergent Suitable Detergent for top & f... 5000 ml 3.9(67) ₹399₹1,19966% off Hot Deal",5000 ml,5000.0,ml,1199.0,399.0,66.0,3.9,67,https://www.flipkart.com/binrola-liquid-detergent-suitable-top-front-load-detergent-green-neem/p/itmf4978b5c3d1ba?pid=LDGGWZX28NEV7UYM&lid=LSTLDGGWZX28NEV7UYMA8TU4J&marketplace=FLIPKART&q=liquid+detergent+front+load&store=rja%2Fplv%2Fxdq&srno=s_1_29&otracker=search&fm=organic&iid=4e7f22b4-9de2-4d69-8348-38203ce1ad3e.LDGGWZX28NEV7UYM.SEARCH&ppt=sp&ppn=sp&ssid=r2w85k1iio0000001786988029527&qH=512f6544c3919989&ov_redirect=true&ov_redirect=true,https://rukminim2.flixcart.com/image/612/612/xif0q/liquid-detergent/f/p/m/5000-liquid-detergent-suitable-detergent-for-top-front-load-original-imagwzx2zczqkzbg.jpeg?q=70,Flipkart,17-08-26,5000.0,,7.979999999999999,,Binrola,Competitor,66.72226855713093,Liquid Detergent,7.9799999999999995,100.0,Excellent,False
FLIP_0095,Krishpa,"Krishpa Front Load Liquid Detergent 5 Litre Liquid Dete... 5 L ₹852₹1,00014% off Only few left",5 Litre,5.0,l,1000.0,852.0,14.0,0.0,0,https://www.flipkart.com/krishpa-front-load-liquid-detergent-5-litre/p/itm28eed9e21c82b?pid=LDGH7RGBTGTKV9FT&lid=LSTLDGH7RGBTGTKV9FTGR1DGU&marketplace=FLIPKART&q=liquid+detergent+front+load&store=rja%2Fplv%2Fxdq&srno=s_1_30&otracker=search&fm=organic&iid=4e7f22b4-9de2-4d69-8348-38203ce1ad3e.LDGH7RGBTGTKV9FT.SEARCH&ppt=sp&ppn=sp&ssid=r2w85k1iio0000001786988029527&qH=512f6544c3919989&ov_redirect=true&ov_redirect=true,https://rukminim2.flixcart.com/image/612/612/xif0q/liquid-detergent/g/g/8/5-front-load-liquid-detergent-5-litre-krishpa-original-imah7rpf6uz42fhh.jpeg?q=70,Flipkart,17-08-26,5000.0,,17.04,,Krishpa,Competitor,14.799999999999999,Liquid Detergent,17.04,100.0,Excellent,False
FLIP_0096,Binrola,"Binrola Liquid Detergent, Suitable Detergent for top lo... 5000 ml 3.8(20) ₹399₹1,19966% off Only few left",5000 ml,5000.0,ml,1199.0,399.0,66.0,3.8,20,https://www.flipkart.com/binrola-liquid-detergent-suitable-detergent-top-load-front-laundry-classic/p/itm95d7529e5de24?pid=LDGGWYHFAEX5FGZJ&lid=LSTLDGGWYHFAEX5FGZJGCIHWB&marketplace=FLIPKART&q=liquid+detergent+front+load&store=rja%2Fplv%2Fxdq&srno=s_1_31&otracker=search&fm=organic&iid=4e7f22b4-9de2-4d69-8348-38203ce1ad3e.LDGGWYHFAEX5FGZJ.SEARCH&ppt=sp&ppn=sp&ssid=r2w85k1iio0000001786988029527&qH=512f6544c3919989&ov_redirect=true&ov_redirect=true,https://rukminim2.flixcart.com/image/612/612/xif0q/liquid-detergent/g/u/v/5000-liquid-detergent-suitable-detergent-for-top-load-front-load-original-imagwyhfutn9ey3p.jpeg?q=70,Flipkart,17-08-26,5000.0,,7.979999999999999,,Binrola,Competitor,66.72226855713093,Liquid Detergent,7.9799999999999995,100.0,Excellent,False
FLIP_0097,Lisops,LiSops Matic Laundry Liquid Detergent (for front load t... 2000 ml 3.3(18) ₹262₹69962% off Hot Deal,2000 ml,2000.0,ml,699.0,262.0,62.0,3.3,18,https://www.flipkart.com/lisops-matic-laundry-liquid-detergent-for-front-load-top-machines-multi-fragrance/p/itm271ea910205eb?pid=LDGFZ89GDUYBBXKE&lid=LSTLDGFZ89GDUYBBXKEW3AB3F&marketplace=FLIPKART&q=liquid+detergent+front+load&store=rja%2Fplv%2Fxdq&srno=s_1_32&otracker=search&fm=organic&iid=4e7f22b4-9de2-4d69-8348-38203ce1ad3e.LDGFZ89GDUYBBXKE.SEARCH&ppt=sp&ppn=sp&ssid=r2w85k1iio0000001786988029527&qH=512f6544c3919989&ov_redirect=true&ov_redirect=true,https://rukminim2.flixcart.com/image/612/612/xif0q/liquid-detergent/h/v/a/2000-matic-laundry-liquid-detergent-for-front-load-top-load-original-imah883afuua9zf7.jpeg?q=70,Flipkart,17-08-26,2000.0,,13.1,,Lisops,Competitor,62.517882689556515,Liquid Detergent,13.100000000000001,100.0,Excellent,False
FLIP_0098,Ibf,IBF Front & Top Load Advance Matic Liquid Detergent Mul... 2 x 1 L 3.8(12) ₹389₹49922% off Only few left,2 x 1 L,1.0,l,499.0,389.0,22.0,3.8,12,https://www.flipkart.com/ibf-front-top-load-advance-matic-liquid-detergent-multi-fragrance/p/itm0e5f63e7b3b51?pid=LDGH5ZJGHRGHS2YC&lid=LSTLDGH5ZJGHRGHS2YCGPHRSJ&marketplace=FLIPKART&q=liquid+detergent+front+load&store=rja%2Fplv%2Fxdq&srno=s_1_33&otracker=search&fm=organic&iid=4e7f22b4-9de2-4d69-8348-38203ce1ad3e.LDGH5ZJGHRGHS2YC.SEARCH&ppt=sp&ppn=sp&ssid=r2w85k1iio0000001786988029527&qH=512f6544c3919989&ov_redirect=true&ov_redirect=true,https://rukminim2.flixcart.com/image/612/612/xif0q/liquid-detergent/j/x/j/2-front-top-load-advance-matic-liquid-detergent-ibf-original-imahmd82jpkrneyk.jpeg?q=70,Flipkart,17-08-26,1000.0,,38.9,,IBF,Competitor,22.044088176352705,Liquid Detergent,38.9,100.0,Excellent,False
FLIP_0099,Egret,Egret Front Load Jasmine Liquid Detergent 5 L ₹655₹89526% off Only few left,5 L,5.0,l,895.0,655.0,26.0,0.0,0,https://www.flipkart.com/egret-front-load-jasmine-liquid-detergent/p/itm5beb6f843af2b?pid=LDGHYP56EUHSZPQP&lid=LSTLDGHYP56EUHSZPQPMGCWME&marketplace=FLIPKART&q=liquid+detergent+front+load&store=rja%2Fplv%2Fxdq&srno=s_1_34&otracker=search&fm=organic&iid=4e7f22b4-9de2-4d69-8348-38203ce1ad3e.LDGHYP56EUHSZPQP.SEARCH&ppt=sp&ppn=sp&ssid=r2w85k1iio0000001786988029527&qH=512f6544c3919989&ov_redirect=true&ov_redirect=true,https://rukminim2.flixcart.com/image/612/612/xif0q/liquid-detergent/v/q/x/5-front-load-egret-original-imahnpyqbndp3gah.jpeg?q=70,Flipkart,17-08-26,5000.0,,13.1,,Egret,Competitor,26.81564245810056,Liquid Detergent,13.100000000000001,100.0,Excellent,False
FLIP_0100,Bryght,BRYGHT LYF Liquid Detergent Front Load 5L Liquid Deterg... 5000 ml ₹645₹85824% off Only few left,5000 ml,5000.0,ml,858.0,645.0,24.0,0.0,0,https://www.flipkart.com/bryght-lyf-liquid-detergent-front-load-5l/p/itm9510043c6f068?pid=LDGHZGPUUJ6DJ9SX&lid=LSTLDGHZGPUUJ6DJ9SXQONHYP&marketplace=FLIPKART&q=liquid+detergent+front+load&store=rja%2Fplv%2Fxdq&srno=s_1_35&otracker=search&fm=organic&iid=4e7f22b4-9de2-4d69-8348-38203ce1ad3e.LDGHZGPUUJ6DJ9SX.SEARCH&ppt=sp&ppn=sp&ssid=r2w85k1iio0000001786988029527&qH=512f6544c3919989&ov_redirect=true&ov_redirect=true,https://rukminim2.flixcart.com/image/612/612/xif0q/liquid-detergent/s/f/u/5000-liquid-detergent-front-load-5l-bryght-lyf-original-imahzgpub2zhhped.jpeg?q=70,Flipkart,17-08-26,5000.0,,12.9,,Bryght,Competitor,24.825174825174827,Liquid Detergent,12.9,100.0,Excellent,False
FLIP_0101,Shynix,shyniX Front Load Fresh Liquid Detergent 5 L ₹428₹85049% off Only few left,5 L,5.0,l,850.0,428.0,49.0,0.0,0,https://www.flipkart.com/shynix-front-load-fresh-liquid-detergent/p/itm60bf8ea456561?pid=LDGHAP6HBYGHZ4D9&lid=LSTLDGHAP6HBYGHZ4D9C9NV06&marketplace=FLIPKART&q=liquid+detergent+front+load&store=rja%2Fplv%2Fxdq&srno=s_1_36&otracker=search&fm=organic&iid=4e7f22b4-9de2-4d69-8348-38203ce1ad3e.LDGHAP6HBYGHZ4D9.SEARCH&ppt=sp&ppn=sp&ssid=r2w85k1iio0000001786988029527&qH=512f6544c3919989&ov_redirect=true&ov_redirect=true,https://rukminim2.flixcart.com/image/612/612/xif0q/liquid-detergent/r/r/e/5-front-load-shynix-original-imahap6h4z6shhpz.jpeg?q=70,Flipkart,17-08-26,5000.0,,8.559999999999999,,Shynix,Competitor,49.64705882352941,Liquid Detergent,8.559999999999999,100.0,Excellent,False
FLIP_0102,Ibf,IBF Washing Machine Liquid Detergent TOP & FRONT LOAD (... 2 x 1 L 3.3(3) ₹583₹79927% off Only few left,2 x 1 L,1.0,l,799.0,583.0,27.0,3.3,3,https://www.flipkart.com/ibf-washing-machine-liquid-detergent-top-front-load-2l-multi-fragrance/p/itm5274ea315c269?pid=LDGHFGA4KQHSXW5W&lid=LSTLDGHFGA4KQHSXW5W54TFSY&marketplace=FLIPKART&q=liquid+detergent+front+load&store=rja%2Fplv%2Fxdq&srno=s_1_37&otracker=search&fm=organic&iid=4e7f22b4-9de2-4d69-8348-38203ce1ad3e.LDGHFGA4KQHSXW5W.SEARCH&ppt=sp&ppn=sp&ssid=r2w85k1iio0000001786988029527&qH=512f6544c3919989&ov_redirect=true&ov_redirect=true,https://rukminim2.flixcart.com/image/612/612/xif0q/liquid-detergent/v/y/p/2-washing-machine-liquid-detergent-top-front-load-2l-ibf-original-imahfga4fag53mvb.jpeg?q=70,Flipkart,17-08-26,1000.0,,58.3,,IBF,Competitor,27.033792240300375,Liquid Detergent,58.3,100.0,Excellent,False
FLIP_0103,Aquaone,AQUAONE Suitable for top & front load liquid detergent ... 5000 ml 3.8(85) ₹135₹99986% off Hot Deal,5000 ml,5000.0,ml,999.0,135.0,86.0,3.8,85,https://www.flipkart.com/aquaone-suitable-top-front-load-liquid-detergent-machine-hand-wash-aqua/p/itm888206b98a964?pid=LDGHJYJU9EPXMJGE&lid=LSTLDGHJYJU9EPXMJGEXLU8EV&marketplace=FLIPKART&q=liquid+detergent+front+load&store=rja%2Fplv%2Fxdq&srno=s_1_38&otracker=search&fm=organic&iid=4e7f22b4-9de2-4d69-8348-38203ce1ad3e.LDGHJYJU9EPXMJGE.SEARCH&ppt=sp&ppn=sp&ssid=r2w85k1iio0000001786988029527&qH=512f6544c3919989&ov_redirect=true&ov_redirect=true,https://rukminim2.flixcart.com/image/612/612/xif0q/liquid-detergent/i/e/r/5000-suitable-for-top-front-load-liquid-detergent-for-machine-original-imahjyjuev4vzhhk.jpeg?q=70,Flipkart,17-08-26,5000.0,,2.7,,Aquaone,Competitor,86.48648648648648,Liquid Detergent,2.7,100.0,Excellent,False
FLIP_0104,Febway,"FEBWAY for top & front load liquid detergent for Machin... 5000 ml 3.7(1,079) ₹130₹1,29989% off Hot Deal",5000 ml,5000.0,ml,1299.0,130.0,89.0,3.7,1079,https://www.flipkart.com/febway-top-front-load-liquid-detergent-machine-handwash-multi-fragrance/p/itmf3eb0c8ae8bcc?pid=LDGH5CNK5AZHUSNC&lid=LSTLDGH5CNK5AZHUSNCX9NRDQ&marketplace=FLIPKART&q=liquid+detergent+front+load&store=rja%2Fplv%2Fxdq&srno=s_1_39&otracker=search&fm=organic&iid=4e7f22b4-9de2-4d69-8348-38203ce1ad3e.LDGH5CNK5AZHUSNC.SEARCH&ppt=sp&ppn=sp&ssid=r2w85k1iio0000001786988029527&qH=512f6544c3919989&ov_redirect=true&ov_redirect=true,https://rukminim2.flixcart.com/image/612/612/xif0q/liquid-detergent/x/8/f/5000-for-top-front-load-liquid-detergent-for-machine-and-original-imah5cnk6u2nhx2j.jpeg?q=70,Flipkart,17-08-26,5000.0,,2.6,,Febway,Competitor,89.99230177059276,Liquid Detergent,2.6,100.0,Excellent,False
FLIP_0105,Wokav,WOKAV Liquid detergent For Front load machine Fresh Liq... 1 L 4.3(3) ₹203₹79974% off Only few left,1 L,1.0,l,799.0,203.0,74.0,4.3,3,https://www.flipkart.com/wokav-liquid-detergent-front-load-machine-fresh/p/itm9c64b423fd90f?pid=LDGHMZC3B35VGQ8A&lid=LSTLDGHMZC3B35VGQ8AHYNS5K&marketplace=FLIPKART&q=liquid+detergent+front+load&store=rja%2Fplv%2Fxdq&srno=s_1_40&otracker=search&fm=organic&iid=4e7f22b4-9de2-4d69-8348-38203ce1ad3e.LDGHMZC3B35VGQ8A.SEARCH&ppt=sp&ppn=sp&ssid=r2w85k1iio0000001786988029527&qH=512f6544c3919989&ov_redirect=true&ov_redirect=true,https://rukminim2.flixcart.com/image/612/612/xif0q/liquid-detergent/j/u/y/1-liquid-detergent-for-front-load-machine-wokav-original-imahnbmatr6tsvsa.jpeg?q=70,Flipkart,17-08-26,1000.0,,20.3,,Wokav,Competitor,74.59324155193993,Liquid Detergent,20.3,100.0,Excellent,False
FLIP_0106,Trending,"Trending Dhaxi TOP LOAD AND FRONT LOAD LAUNDRY DETERGENT LIQUID ... 2 x 5 L 4.2(12) ₹306₹1,19974% off Only few left",2 x 5 L,5.0,l,1199.0,306.0,74.0,4.2,12,https://www.flipkart.com/dhaxi-top-load-front-laundry-detergent-liquid-rose/p/itm12a1f06e47acb?pid=LDGHBFYB9GGHEJWP&lid=LSTLDGHBFYB9GGHEJWPFPCJZM&marketplace=FLIPKART&q=liquid+detergent+top+load&store=rja%2Fplv%2Fxdq&spotlightTagId=default_TrendingId_rja%2Fplv%2Fxdq&srno=s_1_3&otracker=search&fm=organic&iid=a587ce83-077c-4fbe-9e8e-f8572f028c2e.LDGHBFYB9GGHEJWP.SEARCH&ppt=sp&ppn=sp&ssid=82b4scq38g0000001786988040648&qH=eb302e080935c655&ov_redirect=true&ov_redirect=true,https://rukminim2.flixcart.com/image/612/612/xif0q/liquid-detergent/n/e/s/10-top-load-and-front-load-laundry-detergent-liquid-dhaxi-original-imahcrq8hkanthgg.jpeg?q=70,Flipkart,17-08-26,5000.0,,6.12,,Trending,Competitor,74.47873227689742,Liquid Detergent,6.12,100.0,Excellent,False
FLIP_0107,Ifb,"IFB Liquid Detergent -Top Load ( Pack of 3 ) Multi-Frag... 3 x 1 L 4.3(189) ₹839₹1,29935% off Only few left",3 x 1 L,1.0,l,1299.0,839.0,35.0,4.3,189,https://www.flipkart.com/ifb-liquid-detergent-top-load-pack-3-multi-fragrance/p/itmcb045f0cb397c?pid=LDGGHRGV9JZDMRZW&lid=LSTLDGGHRGV9JZDMRZWF1PMNL&marketplace=FLIPKART&q=liquid+detergent+top+load&store=rja%2Fplv%2Fxdq&srno=s_1_7&otracker=search&fm=organic&iid=a587ce83-077c-4fbe-9e8e-f8572f028c2e.LDGGHRGV9JZDMRZW.SEARCH&ppt=sp&ppn=sp&ssid=82b4scq38g0000001786988040648&qH=eb302e080935c655&ov_redirect=true&ov_redirect=true,https://rukminim2.flixcart.com/image/612/612/xif0q/liquid-detergent/u/k/n/3-liquid-detergent-top-load-pack-of-3-ifb-original-imaghrgupz3cpwee.jpeg?q=70,Flipkart,17-08-26,1000.0,,83.89999999999999,,IFB,Competitor,35.411855273287145,Liquid Detergent,83.89999999999999,100.0,Excellent,False
FLIP_0108,Ifb,IFB Top load liquid detergent ( Pack of 2 ) Multi-Fragr... 2 L 4.3(256) ₹569₹64011% off Only few left,2 L,2.0,l,640.0,569.0,11.0,4.3,256,https://www.flipkart.com/ifb-top-load-liquid-detergent-pack-2-multi-fragrance/p/itm16d068e237de8?pid=LDGFVK8VWBG4DVWY&lid=LSTLDGFVK8VWBG4DVWYTKEPMB&marketplace=FLIPKART&q=liquid+detergent+top+load&store=rja%2Fplv%2Fxdq&srno=s_1_10&otracker=search&fm=organic&iid=a587ce83-077c-4fbe-9e8e-f8572f028c2e.LDGFVK8VWBG4DVWY.SEARCH&ppt=sp&ppn=sp&ssid=82b4scq38g0000001786988040648&qH=eb302e080935c655&ov_redirect=true&ov_redirect=true,https://rukminim2.flixcart.com/image/612/612/keykscw0/liquid-detergent/w/5/t/1000-fluff-liquid-detergent-ifb-liquid-det-original-imafvg9qzhj5g8zt.jpeg?q=70,Flipkart,17-08-26,2000.0,,28.45,,IFB,Competitor,11.09375,Liquid Detergent,28.449999999999996,100.0,Excellent,False
FLIP_0109,Right,Right to Clean Liquid Detergent 5kg Fresh | Matic for F... 5 kg 4.3(76) ₹360₹84957% off Hot Deal,5kg,5.0,kg,849.0,360.0,57.0,4.3,76,https://www.flipkart.com/right-clean-liquid-detergent-5kg-fresh-matic-front-top-load-washing-machine/p/itm2e16f2096d1e6?pid=LDGHMKWYM6QFNRRY&lid=LSTLDGHMKWYM6QFNRRYQAUYUX&marketplace=FLIPKART&q=liquid+detergent+top+load&store=rja%2Fplv%2Fxdq&srno=s_1_11&otracker=search&fm=organic&iid=en_IuMJ3AraOtxWKx5ZnpapE3g6acWYfHNhfDcn5qZip0ALpDWwr5ZXILo65FW1dtyI9MTLKl_1vC8qjBY-2vhS3lgXqNjgYC55iL6sHB2-ONIY7_lL8i2O20WRyEcXP-Qd&ppt=sp&ppn=sp&ssid=82b4scq38g0000001786988040648&qH=eb302e080935c655&ov_redirect=true&ov_redirect=true,https://rukminim2.flixcart.com/image/612/612/xif0q/liquid-detergent/z/p/v/5-liquid-detergent-5l-fresh-matic-for-front-top-load-washing-original-imahmhfxushzwpzm.jpeg?q=70,Flipkart,17-08-26,5000.0,5000.0,,7.199999999999999,Right,Competitor,57.59717314487632,Liquid Detergent,7.199999999999999,100.0,Excellent,False
FLIP_0110,Clinermax,"Clinermax DIY Liquid Detergent Paste 1kg | Makes 5L | T... 1000 g ₹369₹1,49975% off",5L,5.0,l,1499.0,369.0,75.0,0.0,0,https://www.flipkart.com/clinermax-diy-liquid-detergent-paste-1kg-makes-5l-top-front-load-aqua/p/itm41ca12c9267e3?pid=LDGHPZGRYTVGDMYY&lid=LSTLDGHPZGRYTVGDMYYQ6JIXN&marketplace=FLIPKART&q=liquid+detergent+top+load&store=rja%2Fplv%2Fxdq&srno=s_1_12&otracker=search&fm=organic&iid=en_IuMJ3AraOtxWKx5ZnpapE3g6acWYfHNhfDcn5qZip0DNE1yATfJwC1TUteoOPRYWtNX35O98EpcJ4azKDnJ-u8QNim4WRy1MVh3f9HIBke4Y7_lL8i2O20WRyEcXP-Qd&ppt=sp&ppn=sp&ssid=82b4scq38g0000001786988040648&qH=eb302e080935c655&ov_redirect=true&ov_redirect=true,https://rukminim2.flixcart.com/image/612/612/xif0q/liquid-detergent/n/s/s/1000-diy-liquid-detergent-paste-1kg-makes-5l-top-front-load-original-imahpz3mzzbpgjpq.jpeg?q=70,Flipkart,17-08-26,5000.0,,7.380000000000001,,Clinermax,Competitor,75.38358905937291,Liquid Detergent,7.380000000000001,100.0,Excellent,False
FLIP_0111,Ibf,"IBF Top & Front Load Fresh Liquid Detergent Multi-Fragr... 5 L 4.4(9) ₹796₹1,99960% off Lowest price since launch",5 L,5.0,l,1999.0,796.0,60.0,4.4,9,https://www.flipkart.com/ibf-top-front-load-fresh-liquid-detergent-multi-fragrance/p/itm7d0eb5f4ee566?pid=LDGHFCTZ9FNMWSHZ&lid=LSTLDGHFCTZ9FNMWSHZT6JZ08&marketplace=FLIPKART&q=liquid+detergent+top+load&store=rja%2Fplv%2Fxdq&srno=s_1_13&otracker=search&fm=organic&iid=a587ce83-077c-4fbe-9e8e-f8572f028c2e.LDGHFCTZ9FNMWSHZ.SEARCH&ppt=sp&ppn=sp&ssid=82b4scq38g0000001786988040648&qH=eb302e080935c655&ov_redirect=true&ov_redirect=true,https://rukminim2.flixcart.com/image/612/612/xif0q/liquid-detergent/c/y/t/5-liquid-fresh-ultimate-clean-for-your-clothes-ibf-original-imahf65zyarga5xy.jpeg?q=70,Flipkart,17-08-26,5000.0,,15.920000000000002,,IBF,Competitor,60.18009004502252,Liquid Detergent,15.920000000000002,100.0,Excellent,False
FLIP_0112,Bosch,"BOSCH Detergent for Top Load Washing Machine H249 Liqui... 1000 ml ₹1,099₹1,29915% off Only few left",1000 ml,1000.0,ml,1299.0,1099.0,15.0,0.0,0,https://www.flipkart.com/bosch-detergent-top-load-washing-machine-h249-liquid/p/itm5ee2b5e69a631?pid=LDGHPEZYG49W4KXJ&lid=LSTLDGHPEZYG49W4KXJJYZDMR&marketplace=FLIPKART&q=liquid+detergent+top+load&store=rja%2Fplv%2Fxdq&srno=s_1_14&otracker=search&fm=organic&iid=a587ce83-077c-4fbe-9e8e-f8572f028c2e.LDGHPEZYG49W4KXJ.SEARCH&ppt=sp&ppn=sp&ssid=82b4scq38g0000001786988040648&qH=eb302e080935c655&ov_redirect=true&ov_redirect=true,https://rukminim2.flixcart.com/image/612/612/xif0q/liquid-detergent/c/k/b/1000-detergent-for-top-load-washing-machine-h249-bosch-original-imahpewh3gbzjsns.jpeg?q=70,Flipkart,17-08-26,1000.0,,109.9,,Bosch,Competitor,15.396458814472672,Liquid Detergent,109.89999999999999,100.0,Excellent,False
FLIP_0113,Bosch,"BOSCH Detergent for Top Load Washing Machine H244 Liqui... 1000 ml ₹1,099₹1,29915% off Only few left",1000 ml,1000.0,ml,1299.0,1099.0,15.0,0.0,0,https://www.flipkart.com/bosch-detergent-top-load-washing-machine-h244-liquid/p/itm5c25652532b1b?pid=LDGHPEWRFWFPFQCB&lid=LSTLDGHPEWRFWFPFQCBIIF62V&marketplace=FLIPKART&q=liquid+detergent+top+load&store=rja%2Fplv%2Fxdq&srno=s_1_19&otracker=search&fm=organic&iid=a587ce83-077c-4fbe-9e8e-f8572f028c2e.LDGHPEWRFWFPFQCB.SEARCH&ppt=sp&ppn=sp&ssid=82b4scq38g0000001786988040648&qH=eb302e080935c655&ov_redirect=true&ov_redirect=true,https://rukminim2.flixcart.com/image/612/612/xif0q/liquid-detergent/l/z/s/1000-detergent-for-top-load-washing-machine-h244-bosch-original-imahpewq7cgqfvpy.jpeg?q=70,Flipkart,17-08-26,1000.0,,109.9,,Bosch,Competitor,15.396458814472672,Liquid Detergent,109.89999999999999,100.0,Excellent,False
FLIP_0114,Flisko,Flisko Liquid Detergent 5L Super Wash | Front & Top Loa... 5000 ml 3.7(63) ₹248₹59958% off Only few left,5000 ml,5000.0,ml,599.0,248.0,58.0,3.7,63,https://www.flipkart.com/flisko-liquid-detergent-5l-super-wash-front-top-load-deep-stain-removal-rose/p/itm63ed8d55716f7?pid=LDGHK7BJUW2RZGH8&lid=LSTLDGHK7BJUW2RZGH8S0BUKE&marketplace=FLIPKART&q=liquid+detergent+top+load&store=rja%2Fplv%2Fxdq&srno=s_1_23&otracker=search&fm=organic&iid=a587ce83-077c-4fbe-9e8e-f8572f028c2e.LDGHK7BJUW2RZGH8.SEARCH&ppt=sp&ppn=sp&ssid=82b4scq38g0000001786988040648&qH=eb302e080935c655&ov_redirect=true&ov_redirect=true,https://rukminim2.flixcart.com/image/612/612/xif0q/liquid-detergent/z/e/o/5000-liquid-detergent-5l-super-wash-front-top-load-deep-stain-original-imahm9xfcf7nz8tt.jpeg?q=70,Flipkart,17-08-26,5000.0,,4.96,,Flisko,Competitor,58.59766277128548,Liquid Detergent,4.96,100.0,Excellent,False
FLIP_0115,Brillyarie,Brillyarie shine detergent Brillyarie Shine Liquid Dete... 5000 ml 4.8(43) ₹234₹99976% off Hot Deal,5000 ml,5000.0,ml,999.0,234.0,76.0,4.8,43,https://www.flipkart.com/brillyarie-shine-detergent-liquid-5l-top-load-wash-transparent-fresh/p/itmc80a184db6012?pid=LDGHKYVWHFHUWYVY&lid=LSTLDGHKYVWHFHUWYVY4I5VC8&marketplace=FLIPKART&q=liquid+detergent+top+load&store=rja%2Fplv%2Fxdq&srno=s_1_26&otracker=search&fm=organic&iid=a587ce83-077c-4fbe-9e8e-f8572f028c2e.LDGHKYVWHFHUWYVY.SEARCH&ppt=sp&ppn=sp&ssid=82b4scq38g0000001786988040648&qH=eb302e080935c655&ov_redirect=true&ov_redirect=true,https://rukminim2.flixcart.com/image/612/612/xif0q/liquid-detergent/e/u/j/5000-brillyarie-shine-liquid-detergent-5l-top-load-wash-original-imahmtngjh2bscgh.jpeg?q=70,Flipkart,17-08-26,5000.0,,4.68,,Brillyarie,Competitor,76.57657657657657,Liquid Detergent,4.68,100.0,Excellent,False
FLIP_0116,Gelveera,GELVEERA Top Load -Front Load Laundry Detergent Rose Fr... 5 L ₹155₹99984% off,5 L,5.0,l,999.0,155.0,84.0,0.0,0,https://www.flipkart.com/gelveera-top-load-front-laundry-detergent-rose-fragrance-5-l-liquid/p/itm4fab88c5bf51b?pid=LDGHMKTGA7JHK85G&lid=LSTLDGHMKTGA7JHK85GSK2YEI&marketplace=FLIPKART&q=liquid+detergent+top+load&store=rja%2Fplv%2Fxdq&srno=s_1_28&otracker=search&fm=organic&iid=en_IuMJ3AraOtxWKx5ZnpapE3g6acWYfHNhfDcn5qZip0CsuTHy7SD4__y6U2Uj8aW9cZbVj-Wd7EMbjz8Jp0bCCU3FQ9AC8OM08W6uOPQvxhMY7_lL8i2O20WRyEcXP-Qd&ppt=sp&ppn=sp&ssid=82b4scq38g0000001786988040648&qH=eb302e080935c655&ov_redirect=true&ov_redirect=true,https://rukminim2.flixcart.com/image/612/612/xif0q/liquid-detergent/s/c/8/5-top-load-front-load-laundry-detergent-rose-fragrance-5-l-original-imahmknw76atdn3k.jpeg?q=70,Flipkart,17-08-26,5000.0,,3.1,,Gelveera,Competitor,84.48448448448448,Liquid Detergent,3.1,100.0,Excellent,False
FLIP_0117,Trivion,TRIVION Ultra Clean Detergent Liquid 1L for Top Load & ... 1000 ml ₹178₹39955% off Hot Deal,1000 ml,1000.0,ml,399.0,178.0,55.0,0.0,0,https://www.flipkart.com/trivion-ultra-clean-detergent-liquid-1l-top-load-front-washing-machines-jasmine/p/itm19e47740fcc5a?pid=LDGHPRMGBRX8BXCZ&lid=LSTLDGHPRMGBRX8BXCZGDNKEO&marketplace=FLIPKART&q=liquid+detergent+top+load&store=rja%2Fplv%2Fxdq&srno=s_1_29&otracker=search&fm=organic&iid=a587ce83-077c-4fbe-9e8e-f8572f028c2e.LDGHPRMGBRX8BXCZ.SEARCH&ppt=sp&ppn=sp&ssid=82b4scq38g0000001786988040648&qH=eb302e080935c655&ov_redirect=true&ov_redirect=true,https://rukminim2.flixcart.com/image/612/612/xif0q/liquid-detergent/q/d/v/1000-detergent-liquid-powerful-stain-remover-fresh-fragrance-original-imahprem3e5hymku.jpeg?q=70,Flipkart,17-08-26,1000.0,,17.8,,Trivion,Competitor,55.388471177944865,Liquid Detergent,17.8,100.0,Excellent,False
FLIP_0118,Ibf,"IBF Front & Top Load Advance Matic Liquid Detergent (5 ... 5 x 1 L 4.1(94) ₹774₹1,79956% off Hot Deal",5 x 1 L,1.0,l,1799.0,774.0,56.0,4.1,94,https://www.flipkart.com/ibf-front-top-load-advance-matic-liquid-detergent-5-l-multi-fragrance/p/itme9084821fc4e9?pid=LDGGZ4MYK8Q6UUNE&lid=LSTLDGGZ4MYK8Q6UUNEEEBAFL&marketplace=FLIPKART&q=liquid+detergent+top+load&store=rja%2Fplv%2Fxdq&srno=s_1_30&otracker=search&fm=organic&iid=a587ce83-077c-4fbe-9e8e-f8572f028c2e.LDGGZ4MYK8Q6UUNE.SEARCH&ppt=sp&ppn=sp&ssid=82b4scq38g0000001786988040648&qH=eb302e080935c655&ov_redirect=true&ov_redirect=true,https://rukminim2.flixcart.com/image/612/612/xif0q/liquid-detergent/a/s/d/5-front-top-load-advance-matic-liquid-detergent-5-l-ibf-original-imahmd85ykydgzxh.jpeg?q=70,Flipkart,17-08-26,1000.0,,77.4,,IBF,Competitor,56.97609783212896,Liquid Detergent,77.4,100.0,Excellent,False
FLIP_0119,Trivion,TRIVION Detergent Liquid | Powerful Stain Remover | Fre... 1000 ml ₹198₹39950% off Only few left,1000 ml,1000.0,ml,399.0,198.0,50.0,0.0,0,https://www.flipkart.com/trivion-detergent-liquid-powerful-stain-remover-fresh-fragrance-front-top-load-jasmine/p/itmfce325597f6a5?pid=LDGHPREMWF9J4MDH&lid=LSTLDGHPREMWF9J4MDHEUPO7W&marketplace=FLIPKART&q=liquid+detergent+top+load&store=rja%2Fplv%2Fxdq&srno=s_1_34&otracker=search&fm=organic&iid=a587ce83-077c-4fbe-9e8e-f8572f028c2e.LDGHPREMWF9J4MDH.SEARCH&ppt=sp&ppn=sp&ssid=82b4scq38g0000001786988040648&qH=eb302e080935c655&ov_redirect=true&ov_redirect=true,https://rukminim2.flixcart.com/image/612/612/xif0q/liquid-detergent/5/g/s/1000-laundry-detergent-liquid-1-l-deep-stain-removal-machine-original-imahprbnn8q3h76z.jpeg?q=70,Flipkart,17-08-26,1000.0,,19.8,,Trivion,Competitor,50.37593984962406,Liquid Detergent,19.8,100.0,Excellent,False
FLIP_0120,Bosch,BOSCH Detergent for Top Load Washing Machine Liquid Det... 3 x 1 L 2.3(4) ₹792₹89711% off,3 x 1 L,1.0,l,897.0,792.0,11.0,2.3,4,https://www.flipkart.com/bosch-detergent-top-load-washing-machine-liquid-lavender/p/itmfab0a57d60435?pid=LDGHMHZCFCCR33MM&lid=LSTLDGHMHZCFCCR33MMD5SHJG&marketplace=FLIPKART&q=liquid+detergent+top+load&store=rja%2Fplv%2Fxdq&srno=s_1_36&otracker=search&fm=organic&iid=a587ce83-077c-4fbe-9e8e-f8572f028c2e.LDGHMHZCFCCR33MM.SEARCH&ppt=sp&ppn=sp&ssid=82b4scq38g0000001786988040648&qH=eb302e080935c655&ov_redirect=true&ov_redirect=true,https://rukminim2.flixcart.com/image/612/612/xif0q/liquid-detergent/t/c/q/3-0-detergent-for-top-load-washing-machine-liquid-detergent-original-imahmhzc77dseybx.jpeg?q=70,Flipkart,17-08-26,1000.0,,79.2,,Bosch,Competitor,11.705685618729097,Liquid Detergent,79.2,100.0,Excellent,False
FLIP_0121,Right,Right to Clean Liquid Detergent 5kg Lavender | Matic fo... 5 kg 4.8(33) ₹360₹84957% off Hot Deal,5kg,5.0,kg,849.0,360.0,57.0,4.8,33,https://www.flipkart.com/right-clean-liquid-detergent-5kg-lavender-matic-front-top-load-washing-machine/p/itm821501110eb93?pid=LDGHNUDCZN8PTTAY&lid=LSTLDGHNUDCZN8PTTAYB1TQGU&marketplace=FLIPKART&q=liquid+detergent+top+load&store=rja%2Fplv%2Fxdq&srno=s_1_37&otracker=search&fm=organic&iid=a587ce83-077c-4fbe-9e8e-f8572f028c2e.LDGHNUDCZN8PTTAY.SEARCH&ppt=sp&ppn=sp&ssid=82b4scq38g0000001786988040648&qH=eb302e080935c655&ov_redirect=true&ov_redirect=true,https://rukminim2.flixcart.com/image/612/612/xif0q/liquid-detergent/t/o/n/5-liquid-detergent-5kg-lavender-matic-for-front-top-load-washing-original-imahnudcpcvuxkbp.jpeg?q=70,Flipkart,17-08-26,5000.0,5000.0,,7.199999999999999,Right,Competitor,57.59717314487632,Liquid Detergent,7.199999999999999,100.0,Excellent,False
FLIP_0122,Bosch,"BOSCH Detergent for Top Load Washing Machine H242 Liqui... 1000 ml ₹1,099₹1,29915% off Only few left",1000 ml,1000.0,ml,1299.0,1099.0,15.0,0.0,0,https://www.flipkart.com/bosch-detergent-top-load-washing-machine-h242-liquid/p/itmae085a1af6985?pid=LDGHPEWZRUZQTUSG&lid=LSTLDGHPEWZRUZQTUSGTDHC39&marketplace=FLIPKART&q=liquid+detergent+top+load&store=rja%2Fplv%2Fxdq&srno=s_1_38&otracker=search&fm=organic&iid=a587ce83-077c-4fbe-9e8e-f8572f028c2e.LDGHPEWZRUZQTUSG.SEARCH&ppt=sp&ppn=sp&ssid=82b4scq38g0000001786988040648&qH=eb302e080935c655&ov_redirect=true&ov_redirect=true,https://rukminim2.flixcart.com/image/612/612/xif0q/liquid-detergent/y/d/o/1000-detergent-for-top-load-washing-machine-h242-bosch-original-imahpewg8z4ccft7.jpeg?q=70,Flipkart,17-08-26,1000.0,,109.9,,Bosch,Competitor,15.396458814472672,Liquid Detergent,109.89999999999999,100.0,Excellent,False
BB_0001,Godrej Fab,"Godrej Fab Liquid Detergent For Machine & Bucket Wash, 800 g",800 g,800.0,g,99.0,99.0,0.0,4.4,3429,https://www.bigbasket.com/pd/900456920/godrej-fab-liquid-detergent-for-machine-hand-wash-1-l-refill-pouch/,"https://www.bbassets.com/media/uploads/p/s/900456920_9-godrej-fab-liquid-detergent-for-machine-hand-wash.jpg?tr=w-80,q-80",BigBasket,18-08-26,800.0,800.0,,12.375,Godrej Fab,Competitor,0.0,Liquid Detergent,12.375,100.0,Excellent,False
BB_0002,Rin,"Rin Matic Top Load Liquid Detergent, 2 kg Pouch",2 kg,2.0,kg,260.0,221.0,15.0,4.2,2418,https://www.bigbasket.com/pd/40281926/rin-matic-liquid-removes-tough-stains-safe-on-hands-for-hand-machine-wash-2-l-pouch/,"https://www.bbassets.com/media/uploads/p/s/40281926_11-rin-matic-liquid-removes-tough-stains-safe-on-hands-for-hand-machine-wash.jpg?tr=w-80,q-80",BigBasket,18-08-26,2000.0,2000.0,,11.05,Rin,Competitor,15.0,Liquid Detergent,11.05,100.0,Excellent,False
BB_0003,Beco,"Beco Natural Laundry Liquid Detergent - Top Load, 2 L Refill Pack",2 L,2.0,l,299.0,249.0,17.0,4.5,206,https://www.bigbasket.com/pd/40335384/beco-natural-laundry-liquid-refill-top-load-2-l/,"https://www.bbassets.com/media/uploads/p/s/40335384_5-beco-natural-laundry-liquid-refill-top-load.jpg?tr=w-80,q-80",BigBasket,18-08-26,2000.0,,12.45,,Beco,Competitor,16.722408026755854,Liquid Detergent,12.45,100.0,Excellent,False
BB_0004,Surf Excel,"Surf Excel Matic Top Load Liquid Detergent, 4 kg Refill Pouch",4 kg,4.0,kg,718.0,524.14,27.0,4.1,8387,https://www.bigbasket.com/pd/40320189/surf-excel-matic-top-load-liquid-detergent-refill-4-l-pouch/,"https://www.bbassets.com/media/uploads/p/s/40320189_6-surf-excel-matic-top-load-liquid-detergent-refill.jpg?tr=w-80,q-80",BigBasket,18-08-26,4000.0,4000.0,,13.1035,Surf Excel,Competitor,27.0,Liquid Detergent,13.103499999999999,100.0,Excellent,False
BB_0005,Mr. White,"Mr. White Liquid Detergent, 2 L",2 L,2.0,l,220.0,190.0,14.0,4.2,294,https://www.bigbasket.com/pd/40336853/mr-white-liquid-detergent-2-l/,"https://www.bbassets.com/media/uploads/p/s/40336853_1-mr-white-liquid-detergent.jpg?tr=w-80,q-80",BigBasket,18-08-26,2000.0,,9.5,,Mr. White,Competitor,13.636363636363635,Liquid Detergent,9.5,100.0,Excellent,False
BB_0006,Surf Excel,"Surf Excel Matic Front Load Liquid Detergent, 5 kg",5 kg,5.0,kg,932.0,749.0,20.0,1.5,3648,https://www.bigbasket.com/pd/40334084/surf-excel-matic-front-load-liquid-detergent-5-l-pouch/,"https://www.bbassets.com/media/uploads/p/s/40334084_9-surf-excel-matic-front-load-liquid-detergent.jpg?tr=w-80,q-80",BigBasket,18-08-26,5000.0,5000.0,,14.98,Surf Excel,Competitor,19.63519313304721,Liquid Detergent,14.979999999999999,100.0,Excellent,False
BB_0007,Beco,"Beco Natural Laundry Detergent Liquid - Front Load, 960 ml",960 ml,960.0,ml,250.0,159.0,36.0,1.5,57,https://www.bigbasket.com/pd/40313359/beco-natural-laundry-liquid-top-load-lavender-vanilla-1-l/,"https://www.bbassets.com/media/uploads/p/s/40313359_2-beco-natural-laundry-liquid-top-load-lavender-vanilla.jpg?tr=w-80,q-80",BigBasket,18-08-26,960.0,,16.5625,,Beco,Competitor,36.4,Liquid Detergent,16.5625,100.0,Excellent,False
BB_0008,Genteel,"Genteel Matic Liquid Detergent - For Top Load Washing, 2 kg Pouch",2 kg,2.0,kg,290.0,272.6,6.0,4.2,9106,https://www.bigbasket.com/pd/40191480/genteel-liquid-detergent-refill-2-kg-pouch/,"https://www.bbassets.com/media/uploads/p/s/40191480_6-genteel-liquid-detergent-refill.jpg?tr=w-80,q-80",BigBasket,18-08-26,2000.0,2000.0,,13.63,Genteel,Competitor,5.999999999999992,Liquid Detergent,13.63,100.0,Excellent,False
BB_0009,Ariel,"Ariel Power Gel Top Load & Semi Auto Liquid Detergent, 2 kg (Get 500 g Free)",2 kg,2.0,kg,455.0,432.25,5.0,4.2,9120,https://www.bigbasket.com/pd/40195403/ariel-matic-liquid-detergent-top-load-25-l/,"https://www.bbassets.com/media/uploads/p/s/40195403_17-ariel-matic-liquid-detergent-top-load.jpg?tr=w-80,q-80",BigBasket,18-08-26,2000.0,2000.0,,21.6125,Ariel,Competitor,5.0,Liquid Detergent,21.6125,100.0,Excellent,False
BB_0010,Surf Excel,"Surf Excel Quick Wash Liquid Detergent, 1 L",1 L,1.0,l,205.0,205.0,0.0,4.1,778,https://www.bigbasket.com/pd/40000153/surf-excel-quick-wash-liquid-with-super-soak-technology-1-l/,"https://www.bbassets.com/media/uploads/p/s/40000153_15-surf-excel-quick-wash-liquid-with-super-soak-technology.jpg?tr=w-80,q-80",BigBasket,18-08-26,1000.0,,20.5,,Surf Excel,Competitor,0.0,Liquid Detergent,20.5,100.0,Excellent,False
BB_0011,Godrej Fab,"Godrej Fab Fab Liquid Detergent For Machine & Bucket Wash, 4 kg",4 kg,4.0,kg,499.0,424.15,15.0,4.4,637,https://www.bigbasket.com/pd/40341395/godrej-fab-liquid-detergent-for-machine-bucket-wash-4-l/,"https://www.bbassets.com/media/uploads/p/s/40341395_3-godrej-fab-liquid-detergent-for-machine-bucket-wash.jpg?tr=w-80,q-80",BigBasket,18-08-26,4000.0,4000.0,,10.60375,Godrej Fab,Competitor,15.000000000000005,Liquid Detergent,10.60375,100.0,Excellent,False
BB_0012,Ariel,"Ariel Power Gel Front Load Liquid Detergent, 6 kg",6 kg,6.0,kg,1135.0,862.6,24.0,4.1,3281,https://www.bigbasket.com/pd/40326742/ariel-matic-front-load-liquid-detergent-4-l/,"https://www.bbassets.com/media/uploads/p/s/40326742_13-ariel-matic-front-load-liquid-detergent.jpg?tr=w-80,q-80",BigBasket,18-08-26,6000.0,6000.0,,14.376666666666669,Ariel,Competitor,24.0,Liquid Detergent,14.376666666666669,100.0,Excellent,False
BB_0013,Safewash,"Safewash Matic Top Load Liquid Detergent, 1800 ml Pouch",1800 ml,1800.0,ml,430.0,387.0,10.0,4.0,673,https://www.bigbasket.com/pd/40176759/safewash-matic-top-load-2-l-500-ml/,"https://www.bbassets.com/media/uploads/p/s/40176759_19-safewash-matic-top-load.jpg?tr=w-80,q-80",BigBasket,18-08-26,1800.0,,21.5,,Safewash,Competitor,10.0,Liquid Detergent,21.5,100.0,Excellent,False
BB_0014,Tide,"Tide Power Gel Freshness Boost Top Load & Front Load Liquid Detergent, 2 kg",2 kg,2.0,kg,305.0,256.2,16.0,4.3,1686,https://www.bigbasket.com/pd/40273793/tide-matic-liquid-detergent-top-load-removes-stains-gives-fresh-fragrance-2-l-get-200-ml-free/,"https://www.bbassets.com/media/uploads/p/s/40273793_6-tide-matic-liquid-detergent-top-load-removes-stains-gives-fresh-fragrance.jpg?tr=w-80,q-80",BigBasket,18-08-26,2000.0,2000.0,,12.81,Tide,Competitor,16.000000000000004,Liquid Detergent,12.809999999999999,100.0,Excellent,False
BB_0015,Beco,"Beco Natural Laundry Detergent Liquid - Top Load, 960 ml",960 ml,960.0,ml,220.0,149.0,32.0,4.0,67,https://www.bigbasket.com/pd/40313358/beco-natural-laundry-liquid-front-load-lavender-vanilla-1-l/,"https://www.bbassets.com/media/uploads/p/s/40313358_2-beco-natural-laundry-liquid-front-load-lavender-vanilla.jpg?tr=w-80,q-80",BigBasket,18-08-26,960.0,,15.520833333333334,,Beco,Competitor,32.27272727272727,Liquid Detergent,15.520833333333334,100.0,Excellent,False
BB_0016,Rin,"Rin Matic Front Load Liquid Detergent, 4 kg",4 kg,4.0,kg,505.0,445.0,12.0,4.1,46,https://www.bigbasket.com/pd/40361660/rin-matic-front-load-liquid-detergent-4-l/,"https://www.bbassets.com/media/uploads/p/s/40361660_5-rin-matic-front-load-liquid-detergent.jpg?tr=w-80,q-80",BigBasket,18-08-26,4000.0,4000.0,,11.125,Rin,Competitor,11.881188118811881,Liquid Detergent,11.125,100.0,Excellent,False
BB_0017,Ujala,"Ujala Liquid Detergent - For Top Load/ Bucket Wash, 2 L",2 L,2.0,l,245.0,170.0,31.0,4.3,465,https://www.bigbasket.com/pd/40272836/ujala-liquid-detergent-instant-dirt-dissolvers-refreshing-fragrance-kills-999-germs-2-l/,"https://www.bbassets.com/media/uploads/p/s/40272836_7-ujala-liquid-detergent-instant-dirt-dissolvers-refreshing-fragrance-kills-999-germs.jpg?tr=w-80,q-80",BigBasket,18-08-26,2000.0,,8.5,,Ujala,Competitor,30.612244897959183,Liquid Detergent,8.5,100.0,Excellent,False
BB_0018,Unknown,"Maxs Matic Liquid Detergent - Top Load, 2 L Pouch",2 L,2.0,l,340.0,238.0,30.0,1.5,8,https://www.bigbasket.com/pd/900457643/maxs-matic-liquid-detergent-top-load-2-l-pouch/,"https://www.bbassets.com/media/uploads/p/s/900457643_1-maxs-matic-liquid-detergent-top-load.jpg?tr=w-80,q-80",BigBasket,18-08-26,2000.0,,11.9,,Unknown,Competitor,30.0,Liquid Detergent,11.899999999999999,100.0,Excellent,False
BB_0019,Surf Excel,"Surf Excel Easy Wash Liquid Detergent, 1 L",1 L,1.0,l,205.0,205.0,0.0,4.3,5264,https://www.bigbasket.com/pd/40164596/surf-excel-easy-wash-detergent-liquid-1-l/,"https://www.bbassets.com/media/uploads/p/s/40164596_7-surf-excel-easy-wash-detergent-liquid.jpg?tr=w-80,q-80",BigBasket,18-08-26,1000.0,,20.5,,Surf Excel,Competitor,0.0,Liquid Detergent,20.5,100.0,Excellent,False
BB_0020,Ariel,"Ariel Power Gel Front Load Liquid Detergent, 2 kg (Get 500 g Free)",2 kg,2.0,kg,525.0,498.75,5.0,4.2,5837,https://www.bigbasket.com/pd/40195404/ariel-ariel-matic-front-load-liquid-detergent-25-l/,"https://www.bbassets.com/media/uploads/p/s/40195404_17-ariel-ariel-matic-front-load-liquid-detergent.jpg?tr=w-80,q-80",BigBasket,18-08-26,2000.0,2000.0,,24.9375,Ariel,Competitor,5.0,Liquid Detergent,24.9375,100.0,Excellent,False
BB_0021,Ariel,"Ariel Power Gel Top Load & Semi-Auto Liquid Detergent - Lavender Freshness, 3.6 kg",3.6 kg,3.6,kg,765.0,604.35,21.0,3.6,53,https://www.bigbasket.com/pd/40344990/ariel-liquid-detergent-top-load-with-lavender-freshness-fragnance-removes-7-day-dried-in-stains-in-1-wash-inside-washing-machine-protects-colours-dissolves-faster-36-ml/,"https://www.bbassets.com/media/uploads/p/s/40344990_4-ariel-liquid-detergent-top-load-with-lavender-freshness-fragnance-removes-7-day-dried-in-stains-in-1-wash-inside-washing-machine-protects-colours-dissolves-faster.jpg?tr=w-80,q-80",BigBasket,18-08-26,3600.0,3600.0,,16.7875,Ariel,Competitor,20.999999999999996,Liquid Detergent,16.7875,100.0,Excellent,False
BB_0022,Surf Excel,"Surf Excel Matic Front Load Liquid Detergent, 1 L Bottle",1 L,1.0,l,220.0,220.0,0.0,4.0,1011,https://www.bigbasket.com/pd/40077762/surf-excel-matic-liquid-front-load-102-l/,"https://www.bbassets.com/media/uploads/p/s/40077762_15-surf-excel-matic-liquid-front-load.jpg?tr=w-80,q-80",BigBasket,18-08-26,1000.0,,22.0,,Surf Excel,Competitor,0.0,Liquid Detergent,22.0,100.0,Excellent,False
BB_0023,Born Good,"Born Good Plant Based Brazilian Rosewood Fragrance Liquid Detergent | Baby & Pet Safe, 5 L Can",5 L,5.0,l,1499.0,949.02,37.0,4.3,6,https://www.bigbasket.com/pd/40259855/born-good-plant-based-concentrated-liquid-laundry-detergent-brazilian-rosewood-eco-friendly-gentle-on-skin-5-l-can/,"https://www.bbassets.com/media/uploads/p/s/40259855_2-born-good-plant-based-concentrated-liquid-laundry-detergent-brazilian-rosewood-eco-friendly-gentle-on-skin.jpg?tr=w-80,q-80",BigBasket,18-08-26,5000.0,,18.9804,,Born Good,Competitor,36.68979319546364,Liquid Detergent,18.9804,100.0,Excellent,False
BB_0024,Ariel,"Ariel Power Gel Top Load & Semi Auto Liquid Detergent, 6 kg",6 kg,6.0,kg,1009.0,758.5,25.0,4.2,3819,https://www.bigbasket.com/pd/40326741/ariel-matic-top-load-liquid-detergent-4-l/,"https://www.bbassets.com/media/uploads/p/s/40326741_13-ariel-matic-top-load-liquid-detergent.jpg?tr=w-80,q-80",BigBasket,18-08-26,6000.0,6000.0,,12.641666666666667,Ariel,Competitor,24.826560951437067,Liquid Detergent,12.641666666666667,100.0,Excellent,False
BB_0025,Bb Home,"bb home Super Matic Top Load Liquid Detergent, 3.2 L",3.2 L,3.2,l,650.0,409.0,37.0,3.2,132,https://www.bigbasket.com/pd/40332551/bb-home-liquid-detergent-top-load-32-l/,"https://www.bbassets.com/media/uploads/p/s/40332551_5-bb-home-liquid-detergent-top-load.jpg?tr=w-80,q-80",BigBasket,18-08-26,3200.0,,12.78125,,Bb Home,Competitor,37.07692307692308,Liquid Detergent,12.78125,100.0,Excellent,False
BB_0026,Bb Home,"bb home Top Load Liquid Detergent, 1 L Bottle",1 L,1.0,l,225.0,175.0,22.0,4.1,411,https://www.bigbasket.com/pd/40316719/bb-home-liquid-detergent-top-load-1-l-bottle/,"https://www.bbassets.com/media/uploads/p/s/40316719_4-bb-home-liquid-detergent-top-load.jpg?tr=w-80,q-80",BigBasket,18-08-26,1000.0,,17.5,,Bb Home,Competitor,22.22222222222222,Liquid Detergent,17.5,100.0,Excellent,False
BB_0027,Godrej Ezee,"Godrej Ezee Liquid Detergent For Winterwear, 2 kg Pouch",2 kg,2.0,kg,390.0,382.2,2.0,4.1,1849,https://www.bigbasket.com/pd/40191479/godrej-ezee-liquid-detergent-refill-for-winterwear-2-kg/,"https://www.bbassets.com/media/uploads/p/s/40191479_6-godrej-ezee-liquid-detergent-refill-for-winterwear.jpg?tr=w-80,q-80",BigBasket,18-08-26,2000.0,2000.0,,19.11,Godrej Ezee,Competitor,2.0000000000000027,Liquid Detergent,19.11,100.0,Excellent,False
BB_0028,Tide,"Tide Power Gel Liquid Detergent For Top & Front Load Washing Machine, 1 kg",1 kg,1.0,kg,139.0,124.41,10.5,4.5,56,https://www.bigbasket.com/pd/40366606/tide-power-gel-liquid-detergent-1-kg/,"https://www.bbassets.com/media/uploads/p/s/40366606_3-tide-power-gel-liquid-detergent.jpg?tr=w-80,q-80",BigBasket,18-08-26,1000.0,1000.0,,12.441,Tide,Competitor,10.496402877697845,Liquid Detergent,12.440999999999999,100.0,Excellent,False
BB_0029,Rin,"Rin Matic Front Load & Bucket Wash Liquid Detergent, 2 kg Pouch",2 kg,2.0,kg,300.0,251.0,16.0,4.2,328,https://www.bigbasket.com/pd/900457426/rin-matic-liquid-front-load-2-l-pouch/,"https://www.bbassets.com/media/uploads/p/s/900457426_6-rin-matic-liquid-front-load.jpg?tr=w-80,q-80",BigBasket,18-08-26,2000.0,2000.0,,12.55,Rin,Competitor,16.333333333333332,Liquid Detergent,12.55,100.0,Excellent,False
BB_0030,Ujala,"Ujala Liquid Detergent - Front Load Machine Wash, 4 L",4 L,4.0,l,720.0,471.02,35.0,4.2,34,https://www.bigbasket.com/pd/40336852/ujala-liquid-detergent-front-load-machine-wash-4-l/,"https://www.bbassets.com/media/uploads/p/s/40336852_1-ujala-liquid-detergent-front-load-machine-wash.jpg?tr=w-80,q-80",BigBasket,18-08-26,4000.0,,11.7755,,Ujala,Competitor,34.580555555555556,Liquid Detergent,11.7755,100.0,Excellent,False
BB_0031,Genteel,"Genteel Matic Liquid Detergent Refill For Front Load Washing, 2 kg Pouch",2 kg,2.0,kg,360.0,342.0,5.0,4.1,105,https://www.bigbasket.com/pd/900461535/genteel-matic-liquid-detergent-refill-for-front-load-washing-2-kg-pouch/,"https://www.bbassets.com/media/uploads/p/s/900461535_3-genteel-matic-liquid-detergent-refill-for-front-load-washing.jpg?tr=w-80,q-80",BigBasket,18-08-26,2000.0,2000.0,,17.1,Genteel,Competitor,5.0,Liquid Detergent,17.1,100.0,Excellent,False
BB_0032,Tide,"Tide Matic Liquid Detergent Front Load - Stain Removal In Washing Machine, 2 L",2 L,2.0,l,430.0,322.5,25.0,4.1,394,https://www.bigbasket.com/pd/40273792/tide-matic-liquid-detergent-front-load-removes-stains-gives-fresh-fragrance-2-l-get-200-ml-free/,"https://www.bbassets.com/media/uploads/p/s/40273792_5-tide-matic-liquid-detergent-front-load-removes-stains-gives-fresh-fragrance.jpg?tr=w-80,q-80",BigBasket,18-08-26,2000.0,,16.125,,Tide,Competitor,25.0,Liquid Detergent,16.125,100.0,Excellent,False
BB_0033,Unknown,"Maxs Matic Liquid Detergent - Front Load, 1 L",1 L,1.0,l,190.0,133.0,30.0,1.5,0,https://www.bigbasket.com/pd/900457646/maxs-matic-liquid-detergent-front-load-1-l/,"https://www.bbassets.com/media/uploads/p/s/900457646_1-maxs-matic-liquid-detergent-front-load.jpg?tr=w-80,q-80",BigBasket,18-08-26,1000.0,,13.3,,Unknown,Competitor,30.0,Liquid Detergent,13.3,100.0,Excellent,False
BB_0034,Surf Excel,"Surf Excel Matic Top Load Liquid Detergent, 1 L Pouch",1 L,1.0,l,179.0,179.0,0.0,4.4,44,https://www.bigbasket.com/pd/40281922/surf-excel-matic-liquid-top-load-removes-tough-stains-safe-on-clothes-1-l-pouch/,"https://www.bbassets.com/media/uploads/p/s/40281922_1-surf-excel-matic-liquid-top-load-removes-tough-stains-safe-on-clothes.jpg?tr=w-80,q-80",BigBasket,18-08-26,1000.0,,17.9,,Surf Excel,Competitor,0.0,Liquid Detergent,17.9,100.0,Excellent,False
BB_0035,Patanjali,"Patanjali Somya Liquid Detergent, 500 ml",500 ml,500.0,ml,80.0,77.6,3.0,4.3,913,https://www.bigbasket.com/pd/40075286/patanjali-liquid-detergent-somya-500-ml/,"https://www.bbassets.com/media/uploads/p/s/40075286_6-patanjali-liquid-detergent-somya.jpg?tr=w-80,q-80",BigBasket,18-08-26,500.0,,15.519999999999998,,Patanjali,Competitor,3.000000000000007,Liquid Detergent,15.519999999999998,100.0,Excellent,False
BB_0036,Vanish,"Vanish Oxi Action All In One Stain Remover Detergent Liquid, 800 ml",800 ml,800.0,ml,215.0,197.8,8.0,4.2,8081,https://www.bigbasket.com/pd/40007913/vanish-all-in-one-detergent-booster-bottle-oxi-action-800-ml/,"https://www.bbassets.com/media/uploads/p/s/40007913_17-vanish-all-in-one-detergent-booster-bottle-oxi-action.jpg?tr=w-80,q-80",BigBasket,18-08-26,800.0,,24.725,,Vanish,Competitor,7.999999999999995,Liquid Detergent,24.725,100.0,Excellent,False
BB_0037,Safewash,"Safewash Front Load Matic Liquid Detergent, 1800 ml Pouch",1800 ml,1800.0,ml,490.0,441.0,10.0,4.0,289,https://www.bigbasket.com/pd/40176760/safewash-matic-front-load-2-l-500-ml/,"https://www.bbassets.com/media/uploads/p/s/40176760_21-safewash-matic-front-load.jpg?tr=w-80,q-80",BigBasket,18-08-26,1800.0,,24.5,,Safewash,Competitor,10.0,Liquid Detergent,24.5,100.0,Excellent,False
BB_0038,Beco,"Beco Natural Laundry Liquid Detergent - Front Load, 2 L Refill Pack",2 L,2.0,l,349.0,259.0,26.0,4.2,135,https://www.bigbasket.com/pd/40335383/beco-natural-laundry-liquid-refill-front-load-2-l/,"https://www.bbassets.com/media/uploads/p/s/40335383_5-beco-natural-laundry-liquid-refill-front-load.jpg?tr=w-80,q-80",BigBasket,18-08-26,2000.0,,12.95,,Beco,Competitor,25.787965616045845,Liquid Detergent,12.950000000000001,100.0,Excellent,False
BB_0039,Bubblenut,"Bubblenut Wash Natural Laundry Detergent Liquid, 5 L",5 L,5.0,l,1499.0,1499.0,0.0,4.8,4,https://www.bigbasket.com/pd/40189527/bubblenut-wash-natural-laundry-detergent-5-l/,"https://www.bbassets.com/media/uploads/p/s/40189527_2-bubblenut-wash-natural-laundry-detergent.jpg?tr=w-80,q-80",BigBasket,18-08-26,5000.0,,29.98,,Bubblenut,Competitor,0.0,Liquid Detergent,29.98,100.0,Excellent,False
BB_0040,Unknown,"Zimmer Aufraumen Gentle Laundry Wash Liquid Detergent - For Baby Clothes, Front Load Machine, 500 ml",500 ml,500.0,ml,195.0,99.45,49.0,5.0,1,https://www.bigbasket.com/pd/40302486/zimmer-aufraumen-gentle-laundry-wash-liquid-detergent-for-baby-clothes-front-load-machine-500-ml/,"https://www.bbassets.com/media/uploads/p/s/40302486_1-zimmer-aufraumen-gentle-laundry-wash-liquid-detergent-for-baby-clothes-front-load-machine.jpg?tr=w-80,q-80",BigBasket,18-08-26,500.0,,19.89,,Unknown,Competitor,49.0,Liquid Detergent,19.89,100.0,Excellent,False
BB_0041,Azafran,"Azafran Tropical Breeze 6 in 1 Eco-Friendly Laundry Detergent Liquid - Top & Front Load, 1 L",1 L,1.0,l,400.0,400.0,0.0,4.6,5,https://www.bigbasket.com/pd/40124381/azafran-liquid-laundry-detergent-tropical-breeze-eco-friendly-6-in-1-1-l/,"https://www.bbassets.com/media/uploads/p/s/40124381_1-azafran-liquid-laundry-detergent-tropical-breeze-eco-friendly-6-in-1.jpg?tr=w-80,q-80",BigBasket,18-08-26,1000.0,,40.0,,Azafran,Competitor,0.0,Liquid Detergent,40.0,100.0,Excellent,False
BB_0042,Bubblenut,"Bubblenut Wash Natural Laundry Detergent Liquid, 1 L",1 L,1.0,l,399.0,399.0,0.0,4.3,36,https://www.bigbasket.com/pd/40112663/bubblenut-wash-pure-soapnut-liquid-natural-laundry-detergent-1000-ml/,"https://www.bbassets.com/media/uploads/p/s/40112663_4-bubblenut-wash-pure-soapnut-liquid-natural-laundry-detergent.jpg?tr=w-80,q-80",BigBasket,18-08-26,1000.0,,39.900000000000006,,Bubblenut,Competitor,0.0,Liquid Detergent,39.900000000000006,100.0,Excellent,False
BB_0043,Koparo,"Koparo Clean Laundry Liquid Detergent - Lavender, Lilac & Bergamot, 0% Dyes, Bleach Formaldehyde, Keeps Clothes Clean, 5 L",5 L,5.0,l,1749.0,891.99,49.0,4.3,4,https://www.bigbasket.com/pd/40244355/koparo-clean-laundry-liquid-detergent-lavender-lilac-bergamot-0-dyes-bleach-formaldehyde-keeps-clothes-clean-5-l/,"https://www.bbassets.com/media/uploads/p/s/40244355_6-koparo-clean-laundry-liquid-detergent-lavender-lilac-bergamot-0-dyes-bleach-formaldehyde-keeps-clothes-clean.jpg?tr=w-80,q-80",BigBasket,18-08-26,5000.0,,17.8398,,Koparo,Competitor,49.0,Liquid Detergent,17.8398,100.0,Excellent,False
BB_0044,Koparo,"Koparo Clean Liquid Detergent - Lavender, Lilac & Bergamot Fragrance, 2 L",2 L,2.0,l,585.0,298.35,49.0,4.3,3,https://www.bigbasket.com/pd/40282752/koparo-clean-laundry-liquid-lavender-lilac-bergamot-non-toxic-gentle-on-fabrics-18-l/,"https://www.bbassets.com/media/uploads/p/s/40282752_5-koparo-clean-laundry-liquid-lavender-lilac-bergamot-non-toxic-gentle-on-fabrics.jpg?tr=w-80,q-80",BigBasket,18-08-26,2000.0,,14.9175,,Koparo,Competitor,48.99999999999999,Liquid Detergent,14.9175,100.0,Excellent,False
BB_0045,Unknown,"Mee Mee Baby Laundry Detergent - Liquid, Mild, 500 ml Pack of 1",500 ml,500.0,ml,329.0,240.17,27.0,4.2,15,https://www.bigbasket.com/pd/40118359/mee-mee-baby-laundry-detergent-liquid-mild-500-ml/,"https://www.bbassets.com/media/uploads/p/s/40118359_11-mee-mee-baby-laundry-detergent-liquid-mild.jpg?tr=w-80,q-80",BigBasket,18-08-26,500.0,,48.034,,Unknown,Competitor,27.0,Liquid Detergent,48.034,100.0,Excellent,False
BB_0046,Unknown,"Zimmer Aufraumen Gentle Laundry Wash Liquid Detergent - For Baby Clothes, Front Load Machine, 5 L",5 L,5.0,l,2800.0,2800.0,0.0,,0,https://www.bigbasket.com/pd/40302503/zimmer-aufraumen-gentle-laundry-wash-liquid-detergent-for-baby-clothes-front-load-machine-5-l/,"https://www.bbassets.com/media/uploads/p/s/40302503_1-zimmer-aufraumen-gentle-laundry-wash-liquid-detergent-for-baby-clothes-front-load-machine.jpg?tr=w-80,q-80",BigBasket,18-08-26,5000.0,,56.00000000000001,,Unknown,Competitor,0.0,Liquid Detergent,56.00000000000001,100.0,Excellent,False
BB_0047,Unknown,"Zimmer Aufraumen Laundry Liquid Detergent - For Front Load Machine, 5 L",5 L,5.0,l,950.0,950.0,0.0,,0,https://www.bigbasket.com/pd/40302500/zimmer-aufraumen-laundry-liquid-detergent-for-front-load-machine-5-l/,"https://www.bbassets.com/media/uploads/p/s/40302500_1-zimmer-aufraumen-laundry-liquid-detergent-for-front-load-machine.jpg?tr=w-80,q-80",BigBasket,18-08-26,5000.0,,19.0,,Unknown,Competitor,0.0,Liquid Detergent,19.0,100.0,Excellent,False
BB_0048,Unknown,"Zimmer Aufraumen Gentle Laundry Wash Liquid Detergent - For Baby Clothes, Top Load Machine, 500 ml",500 ml,500.0,ml,195.0,99.45,49.0,,0,https://www.bigbasket.com/pd/40302506/zimmer-aufraumen-gentle-laundry-wash-liquid-detergent-for-baby-clothes-top-load-machine-500-ml/,"https://www.bbassets.com/media/uploads/p/s/40302506_1-zimmer-aufraumen-gentle-laundry-wash-liquid-detergent-for-baby-clothes-top-load-machine.jpg?tr=w-80,q-80",BigBasket,18-08-26,500.0,,19.89,,Unknown,Competitor,49.0,Liquid Detergent,19.89,100.0,Excellent,False
BB_0049,Unknown,"Entor Laundry Liquid - Autumn Bliss, Plant Based, 450 ml",450 ml,450.0,ml,180.0,180.0,0.0,,0,https://www.bigbasket.com/pd/40248308/entor-laundry-liquid-autumn-bliss-plant-based-450-ml/,"https://www.bbassets.com/media/uploads/p/s/40248308_2-entor-laundry-liquid-autumn-bliss-plant-based.jpg?tr=w-80,q-80",BigBasket,18-08-26,450.0,,40.0,,Unknown,Competitor,0.0,Liquid Detergent,40.0,100.0,Excellent,False
BB_0050,Unknown,"Zimmer Aufraumen Laundry Liquid Detergent - For Top Load Machine, 5 L",5 L,5.0,l,1299.0,1299.0,0.0,,0,https://www.bigbasket.com/pd/40302499/zimmer-aufraumen-laundry-liquid-detergent-for-top-load-machine-5-l/,"https://www.bbassets.com/media/uploads/p/s/40302499_1-zimmer-aufraumen-laundry-liquid-detergent-for-top-load-machine.jpg?tr=w-80,q-80",BigBasket,18-08-26,5000.0,,25.98,,Unknown,Competitor,0.0,Liquid Detergent,25.979999999999997,100.0,Excellent,False
BB_0051,Unknown,"LuvLap Baby Laundry Liquid Detergent, 500 ml",500 ml,500.0,ml,349.0,349.0,0.0,,0,https://www.bigbasket.com/pd/40159123/luvlap-baby-laundry-liquid-detergent-500-ml/,"https://www.bbassets.com/media/uploads/p/s/40159123_1-luvlap-baby-laundry-liquid-detergent.jpg?tr=w-80,q-80",BigBasket,18-08-26,500.0,,69.8,,Unknown,Competitor,0.0,Liquid Detergent,69.8,100.0,Excellent,False
BB_0052,Born Good,"Born Good Plant Based Concentrated Liquid Laundry Detergent | Baby Safe, 1 L Bottle",1 L,1.0,l,749.0,618.97,17.0,,0,https://www.bigbasket.com/pd/40259859/born-good-concentrated-liquid-laundry-detergent-plant-based-brazilian-rosewood-fragrance-500-ml-bottle/,"https://www.bbassets.com/media/uploads/p/s/40259859_2-born-good-concentrated-liquid-laundry-detergent-plant-based-brazilian-rosewood-fragrance.jpg?tr=w-80,q-80",BigBasket,18-08-26,1000.0,,61.897000000000006,,Born Good,Competitor,17.36048064085447,Liquid Detergent,61.897000000000006,100.0,Excellent,False
BB_0053,Unknown,"Pigeon Laundry Detergent - Liquid, 600 ml Bottle",600 ml,600.0,ml,425.0,425.0,0.0,,1000,https://www.bigbasket.com/pd/40153296/pigeon-laundry-detergent-liquid-600-ml-bottle/,"https://www.bbassets.com/media/uploads/p/s/40153296_1-pigeon-laundry-detergent-liquid.jpg?tr=w-80,q-80",BigBasket,18-08-26,600.0,,70.83333333333334,,Unknown,Competitor,0.0,Liquid Detergent,70.83333333333334,100.0,Excellent,False
BB_0054,Koparo,"Koparo Clean Laundry Detergent Liquid - Fresh Cotton, Lily & Vanilla, Removes Tough Stains, 5 L",5 L,5.0,l,1749.0,891.99,49.0,,0,https://www.bigbasket.com/pd/40261873/koparo-clean-laundry-detergent-liquid-fresh-cotton-lily-vanilla-removes-tough-stains-5-l/,"https://www.bbassets.com/media/uploads/p/s/40261873_5-koparo-clean-laundry-detergent-liquid-fresh-cotton-lily-vanilla-removes-tough-stains.jpg?tr=w-80,q-80",BigBasket,18-08-26,5000.0,,17.8398,,Koparo,Competitor,49.0,Liquid Detergent,17.8398,100.0,Excellent,False
BB_0055,Unknown,"Eco Root Natural Laundry Liquid Detergent, 1 L",1 L,1.0,l,330.0,330.0,0.0,,0,https://www.bigbasket.com/pd/40370780/eco-root-natural-laundry-liquid-detergent-1-l/,"https://www.bbassets.com/media/uploads/p/s/40370780_1-eco-root-natural-laundry-liquid-detergent.jpg?tr=w-80,q-80",BigBasket,18-08-26,1000.0,,33.0,,Unknown,Competitor,0.0,Liquid Detergent,33.0,100.0,Excellent,False
BB_0056,Herbal Strategi,"Herbal Strategi Natural Laundry Detergent - Non-Toxic, Fights Stains, Safe For Baby Clothes, 1 L",1 L,1.0,l,465.0,465.0,0.0,,0,https://www.bigbasket.com/pd/40284392/herbal-strategi-natural-laundry-detergent-non-toxic-fights-stains-safe-for-baby-clothes-1-l/,"https://www.bbassets.com/media/uploads/p/s/40284392_1-herbal-strategi-natural-laundry-detergent-non-toxic-fights-stains-safe-for-baby-clothes.jpg?tr=w-80,q-80",BigBasket,18-08-26,1000.0,,46.5,,Herbal Strategi,Competitor,0.0,Liquid Detergent,46.5,100.0,Excellent,False
BB_0057,Ariel,"Ariel Power Gel Liquid Detergent - For Top & Semi-Automatic Washing Machine, 300 g",300 g,300.0,g,75.0,75.0,0.0,4.5,22,https://www.bigbasket.com/pd/40369108/ariel-power-gel-top-load-liquid-detergent-removes-100-stains-in-1-wash-300-g/,"https://www.bbassets.com/media/uploads/p/s/40369108_1-ariel-power-gel-top-load-liquid-detergent-removes-100-stains-in-1-wash.jpg?tr=w-80,q-80",BigBasket,18-08-26,300.0,300.0,,25.0,Ariel,Competitor,0.0,Liquid Detergent,25.0,100.0,Excellent,False
BB_0058,Ariel,"Ariel Power Gel Liquid Detergent - For Front Load Washing Machine, 300 g",300 g,300.0,g,75.0,75.0,0.0,4.3,19,https://www.bigbasket.com/pd/40369107/ariel-power-gel-front-load-liquid-detergent-removes-100-stains-in-1-wash-300-g/,"https://www.bbassets.com/media/uploads/p/s/40369107_1-ariel-power-gel-front-load-liquid-detergent-removes-100-stains-in-1-wash.jpg?tr=w-80,q-80",BigBasket,18-08-26,300.0,300.0,,25.0,Ariel,Competitor,0.0,Liquid Detergent,25.0,100.0,Excellent,False
BB_0059,Tide,"Tide Power Gel Freshness Boost Liquid Detergent - For Machine & Hand Wash, 5 kg",5 kg,5.0,kg,575.0,575.0,0.0,,0,https://www.bigbasket.com/pd/40369110/tide-power-gel-liquid-detergent-for-top-load-front-load-washing-machine-5-kg/,"https://www.bbassets.com/media/uploads/p/s/40369110_2-tide-power-gel-liquid-detergent-for-top-load-front-load-washing-machine.jpg?tr=w-80,q-80",BigBasket,18-08-26,5000.0,5000.0,,11.5,Tide,Competitor,0.0,Liquid Detergent,11.5,100.0,Excellent,False
BB_0060,Tide,"Tide Power Gel Freshness Boost Liquid Detergent - For Machine & Hand Wash, 300 g",300 g,300.0,g,75.0,75.0,0.0,,0,https://www.bigbasket.com/pd/40369109/tide-power-gel-liquid-detergent-for-top-load-front-load-washing-machine-300-g/,"https://www.bbassets.com/media/uploads/p/s/40369109_2-tide-power-gel-liquid-detergent-for-top-load-front-load-washing-machine.jpg?tr=w-80,q-80",BigBasket,18-08-26,300.0,300.0,,25.0,Tide,Competitor,0.0,Liquid Detergent,25.0,100.0,Excellent,False
BB_0061,Unknown,"Healofy Naturals Baby Safe 100% Natural Baby Laundry Detergent - Removes Tough Stain, Kills Germs, No Harmful Chemicals, 500 ml",500 ml,500.0,ml,599.0,599.0,0.0,,0,https://www.bigbasket.com/pd/40277326/healofy-naturals-baby-safe-100-natural-baby-laundry-detergent-removes-tough-stain-kills-germs-no-harmful-chemicals-500-ml/,"https://www.bbassets.com/media/uploads/p/s/40277326_1-healofy-naturals-baby-safe-100-natural-baby-laundry-detergent-removes-tough-stain-kills-germs-no-harmful-chemicals.jpg?tr=w-80,q-80",BigBasket,18-08-26,500.0,,119.8,,Unknown,Competitor,0.0,Liquid Detergent,119.8,100.0,Excellent,False
BB_0062,Surf Excel,"Surf Excel Matic Express Clean & Care Liquid Detergent, 2 L",2 L,2.0,l,410.0,320.0,22.0,4.2,82,https://www.bigbasket.com/pd/40348858/surf-excel-matic-express-clean-care-liquid-detergent-2-l/,"https://www.bbassets.com/media/uploads/p/s/40348858_6-surf-excel-matic-express-clean-care-liquid-detergent.jpg?tr=w-80,q-80",BigBasket,18-08-26,2000.0,,16.0,,Surf Excel,Competitor,21.951219512195124,Liquid Detergent,16.0,100.0,Excellent,False
BB_0063,Unknown,"PureCult Laundry Detergent With Geranium & Lavender - Eco-Friendly, Refreshing Fragrance, 5 L Can",5 L,5.0,l,2999.0,2999.0,0.0,4.5,2,https://www.bigbasket.com/pd/40245295/purecult-laundry-detergent-with-geranium-lavender-eco-friendly-refreshing-fragrance-5-l/,"https://www.bbassets.com/media/uploads/p/s/40245295_3-purecult-laundry-detergent-with-geranium-lavender-eco-friendly-refreshing-fragrance.jpg?tr=w-80,q-80",BigBasket,18-08-26,5000.0,,59.98,,Unknown,Competitor,0.0,Liquid Detergent,59.98,100.0,Excellent,False
BB_0064,Surf Excel,"Surf Excel Matic Express Clean & Care Liquid Detergent, 830 ml",830 ml,830.0,ml,235.0,215.0,8.51,4.5,25,https://www.bigbasket.com/pd/40348856/surf-excel-matic-express-clean-care-liquid-detergent-830-ml/,"https://www.bbassets.com/media/uploads/p/s/40348856_2-surf-excel-matic-express-clean-care-liquid-detergent.jpg?tr=w-80,q-80",BigBasket,18-08-26,830.0,,25.903614457831324,,Surf Excel,Competitor,8.51063829787234,Liquid Detergent,25.903614457831324,100.0,Excellent,False
BB_0065,Surf Excel,"Surf Excel Matic Express Pro-S Tech Liquid Detergent, 830 ml",830 ml,830.0,ml,235.0,215.0,8.51,4.3,30,https://www.bigbasket.com/pd/40348857/surf-excel-matic-express-clean-fresh-liquid-detergent-830-ml/,"https://www.bbassets.com/media/uploads/p/s/40348857_3-surf-excel-matic-express-clean-fresh-liquid-detergent.jpg?tr=w-80,q-80",BigBasket,18-08-26,830.0,,25.903614457831324,,Surf Excel,Competitor,8.51063829787234,Liquid Detergent,25.903614457831324,100.0,Excellent,False
BB_0066,Unknown,"Mee Mee Baby Laundry Detergent, 1.5 L Bottle",1.5 L,1.5,l,649.0,473.77,27.0,1.5,130,https://www.bigbasket.com/pd/40022474/mee-mee-baby-laundry-detergent-15-l-bottle/,"https://www.bbassets.com/media/uploads/p/s/40022474_11-mee-mee-baby-laundry-detergent.jpg?tr=w-80,q-80",BigBasket,18-08-26,1500.0,,31.584666666666667,,Unknown,Competitor,27.0,Liquid Detergent,31.584666666666667,100.0,Excellent,False
BB_0067,Surf Excel,"Surf Excel Matic Express Pro-S Tech Liquid Detergent, 2 L",2 L,2.0,l,410.0,320.0,22.0,3.9,42,https://www.bigbasket.com/pd/40348859/surf-excel-matic-express-clean-fresh-liquid-detergent-2-l/,"https://www.bbassets.com/media/uploads/p/s/40348859_3-surf-excel-matic-express-clean-fresh-liquid-detergent.jpg?tr=w-80,q-80",BigBasket,18-08-26,2000.0,,16.0,,Surf Excel,Competitor,21.951219512195124,Liquid Detergent,16.0,100.0,Excellent,False
BB_0068,Biosense,"Vooki BioSense Laundry Detergent, 801 ml",801 ml,801.0,ml,369.0,350.55,5.0,,0,https://www.bigbasket.com/pd/40354976/vooki-biosense-laundry-detergent-801-ml/,"https://www.bbassets.com/media/uploads/p/s/40354976_1-vooki-biosense-laundry-detergent.jpg?tr=w-80,q-80",BigBasket,18-08-26,801.0,,43.764044943820224,,Biosense,Competitor,4.9999999999999964,Liquid Detergent,43.764044943820224,100.0,Excellent,False
BB_0069,Unknown,"Osh Laundry Detergent - Mild Lavender Fragrance, 1 L",1 L,1.0,l,380.0,380.0,0.0,1.5,0,https://www.bigbasket.com/pd/40308972/osh-laundry-detergent-mild-lavender-fragrance-1-l/,"https://www.bbassets.com/media/uploads/p/s/40308972_1-osh-laundry-detergent-mild-lavender-fragrance.jpg?tr=w-80,q-80",BigBasket,18-08-26,1000.0,,38.0,,Unknown,Competitor,0.0,Liquid Detergent,38.0,100.0,Excellent,False
BB_0070,Unknown,"Bodyguard Plant Based Baby Laundry Liquid Detergent, 1 L Pouch",1 L,1.0,l,599.0,0.0,0.0,5.0,3,https://www.bigbasket.com/pd/40218502/bodyguard-baby-laundry-liquid-detergent-plant-based-with-bio-enzymes-lemon-oil-1-l-pouch/,"https://www.bbassets.com/media/uploads/p/s/40218502_1-bodyguard-baby-laundry-liquid-detergent-plant-based-with-bio-enzymes-lemon-oil.jpg?tr=w-80,q-80",BigBasket,18-08-26,1000.0,,0.0,,Unknown,Competitor,100.0,Liquid Detergent,0.0,100.0,Excellent,False
BB_0071,Beco,"Beco Laundry Detergent Liquid, 1 L",1 L,1.0,l,325.0,0.0,0.0,4.0,5,https://www.bigbasket.com/pd/40280606/beco-floor-cleaner-floral-aqua-essential-oil-phenyl-alternative-kids-pets-friendly-1-l/,"https://www.bbassets.com/media/uploads/p/s/40280606_3-beco-floor-cleaner-floral-aqua-essential-oil-phenyl-alternative-kids-pets-friendly.jpg?tr=w-80,q-80",BigBasket,18-08-26,1000.0,,0.0,,Beco,Competitor,100.0,Liquid Detergent,0.0,100.0,Excellent,False
BB_0072,Henko,"Henko Matic Top Load Liquid Detergent, 3.2 l",3.2 l,3.2,l,480.0,387.07,19.0,3.2,416,https://www.bigbasket.com/pd/900459236/henko-matic-top-load-liquid-detergent-32-l/,"https://www.bbassets.com/media/uploads/p/s/900459236_1-henko-matic-top-load-liquid-detergent.jpg?tr=w-80,q-80",BigBasket,18-08-26,3200.0,,12.0959375,,Henko,Competitor,19.36041666666667,Liquid Detergent,12.0959375,100.0,Excellent,False
BB_0073,Unknown,"Hot Wash Standard Liquid Detergent For All Types Of Washing Machine, 1 L Bottle",1 L,1.0,l,150.0,150.0,0.0,4.8,5,https://www.bigbasket.com/pd/40278531/hot-wash-standard-liquid-detergent-for-all-types-of-washing-machine-1-l-bottle/,"https://www.bbassets.com/media/uploads/p/s/40278531_1-hot-wash-standard-liquid-detergent-for-all-types-of-washing-machine.jpg?tr=w-80,q-80",BigBasket,18-08-26,1000.0,,15.0,,Unknown,Competitor,0.0,Liquid Detergent,15.0,100.0,Excellent,False
BB_0074,Unknown,"Stanfresh Liquid Detergent & Softener - Safe On Hands, Clothes, For Bucket & Machine Wash, 1 L",1 L,1.0,l,179.0,179.0,0.0,4.7,31,https://www.bigbasket.com/pd/40274510/stanfresh-liquid-detergent-softener-safe-on-hands-clothes-for-bucket-machine-wash-1-l/,"https://www.bbassets.com/media/uploads/p/s/40274510_1-stanfresh-liquid-detergent-softener-safe-on-hands-clothes-for-bucket-machine-wash.jpg?tr=w-80,q-80",BigBasket,18-08-26,1000.0,,17.9,,Unknown,Competitor,0.0,Liquid Detergent,17.9,100.0,Excellent,False
BB_0075,Unknown,"mugi Active Wash Liquid Detergent - Suitable For Machine & Bucket Wash, 1.8 l",1.8 l,1.8,l,225.0,225.0,0.0,1.8,27,https://www.bigbasket.com/pd/40298185/mugi-active-wash-liquid-detergent-suitable-for-machine-bucket-wash-18-l/,"https://www.bbassets.com/media/uploads/p/s/40298185_1-mugi-active-wash-liquid-detergent-suitable-for-machine-bucket-wash.jpg?tr=w-80,q-80",BigBasket,18-08-26,1800.0,,12.5,,Unknown,Competitor,0.0,Liquid Detergent,12.5,100.0,Excellent,False
BB_0076,Tide,"Tide Matic Liquid Detergent Front Load - Stain Removal In Washing Machine, 850 ml",850 ml,850.0,ml,155.0,155.0,0.0,4.1,258,https://www.bigbasket.com/pd/40273791/tide-matic-liquid-detergent-front-load-removes-stains-gives-fresh-fragrance-850-ml/,"https://www.bbassets.com/media/uploads/p/s/40273791_2-tide-matic-liquid-detergent-front-load-removes-stains-gives-fresh-fragrance.jpg?tr=w-80,q-80",BigBasket,18-08-26,850.0,,18.235294117647054,,Tide,Competitor,0.0,Liquid Detergent,18.235294117647058,100.0,Excellent,False
BB_0077,Ujala,"Ujala Liquid Detergent - Top Load Machine & Bucket Wash, 4 L",4 L,4.0,l,700.0,432.67,38.0,4.0,29,https://www.bigbasket.com/pd/40336851/ujala-liquid-detergent-top-load-machine-bucket-wash-4-l/,"https://www.bbassets.com/media/uploads/p/s/40336851_1-ujala-liquid-detergent-top-load-machine-bucket-wash.jpg?tr=w-80,q-80",BigBasket,18-08-26,4000.0,,10.81675,,Ujala,Competitor,38.19,Liquid Detergent,10.81675,100.0,Excellent,False
BB_0078,Unknown,"Clean Day Advanced Liquid Detergent - For Both Hand & Machine Wash, 1 L",1 L,1.0,l,140.0,126.0,10.0,,0,https://www.bigbasket.com/pd/40315978/clean-day-advanced-liquid-detergent-for-both-hand-machine-wash-1-l/,"https://www.bbassets.com/media/uploads/p/s/40315978_1-clean-day-advanced-liquid-detergent-for-both-hand-machine-wash.jpg?tr=w-80,q-80",BigBasket,18-08-26,1000.0,,12.6,,Unknown,Competitor,10.0,Liquid Detergent,12.6,100.0,Excellent,False
BB_0079,Unknown,"Zimmer Aufraumen Woolen Wash Liquid Detergent - Top Load Machine, 5 L",5 L,5.0,l,1150.0,1150.0,0.0,,0,https://www.bigbasket.com/pd/40302502/zimmer-aufraumen-woolen-wash-liquid-detergent-top-load-machine-5-l/,"https://www.bbassets.com/media/uploads/p/s/40302502_1-zimmer-aufraumen-woolen-wash-liquid-detergent-top-load-machine.jpg?tr=w-80,q-80",BigBasket,18-08-26,5000.0,,23.0,,Unknown,Competitor,0.0,Liquid Detergent,23.0,100.0,Excellent,False
BB_0080,Unknown,"Zimmer Aufraumen Wool Wash Liquid Detergent - Front Load Machine, 5 L",5 L,5.0,l,1150.0,1150.0,0.0,,0,https://www.bigbasket.com/pd/40302501/zimmer-aufraumen-wool-wash-liquid-detergent-front-load-machine-5-l/,"https://www.bbassets.com/media/uploads/p/s/40302501_1-zimmer-aufraumen-wool-wash-liquid-detergent-front-load-machine.jpg?tr=w-80,q-80",BigBasket,18-08-26,5000.0,,23.0,,Unknown,Competitor,0.0,Liquid Detergent,23.0,100.0,Excellent,False
BB_0081,Rin,"Rin Matic Top Load Liquid Detergent, 4 kg",4 kg,4.0,kg,440.0,396.0,10.0,4.8,138,https://www.bigbasket.com/pd/40361659/rin-matic-top-load-liquid-detergent-4-l/,"https://www.bbassets.com/media/uploads/p/s/40361659_5-rin-matic-top-load-liquid-detergent.jpg?tr=w-80,q-80",BigBasket,18-08-26,4000.0,4000.0,,9.9,Rin,Competitor,10.0,Liquid Detergent,9.9,100.0,Excellent,False
BB_0082,Henko,"Henko Matic Top Load Liquid Detergent, 1 L",1 L,1.0,l,200.0,150.0,25.0,4.3,246,https://www.bigbasket.com/pd/40237249/henko-matic-liquid-detergent-top-load-nano-fibre-lock-technology-999-germ-protection-1-l/,"https://www.bbassets.com/media/uploads/p/s/40237249_3-henko-matic-liquid-detergent-top-load-nano-fibre-lock-technology-999-germ-protection.jpg?tr=w-80,q-80",BigBasket,18-08-26,1000.0,,15.0,,Henko,Competitor,25.0,Liquid Detergent,15.0,100.0,Excellent,False
BB_0083,Bb Home,"bb home Super Matic Front Load Liquid Detergent, 3.2 L",3.2 L,3.2,l,750.0,409.0,45.0,3.2,139,https://www.bigbasket.com/pd/40332550/bb-home-liquid-detergent-front-load-32-l/,"https://www.bbassets.com/media/uploads/p/s/40332550_5-bb-home-liquid-detergent-front-load.jpg?tr=w-80,q-80",BigBasket,18-08-26,3200.0,,12.78125,,Bb Home,Competitor,45.46666666666667,Liquid Detergent,12.78125,100.0,Excellent,False
BB_0084,Ariel,"Ariel Power Gel Front Load Liquid Detergent - Lavender Freshness, 3.6 kg",3.6 kg,3.6,kg,855.0,684.0,20.0,3.6,56,https://www.bigbasket.com/pd/40344991/ariel-liquid-detergent-front-load-with-lavender-freshness-fragnance-removes-7-day-dried-in-stains-in-1-wash-inside-washing-machine-protects-colours-dissolves-faster-36-ml/,"https://www.bbassets.com/media/uploads/p/s/40344991_4-ariel-liquid-detergent-front-load-with-lavender-freshness-fragnance-removes-7-day-dried-in-stains-in-1-wash-inside-washing-machine-protects-colours-dissolves-faster.jpg?tr=w-80,q-80",BigBasket,18-08-26,3600.0,3600.0,,19.0,Ariel,Competitor,20.0,Liquid Detergent,19.0,100.0,Excellent,False
BB_0085,Bb Home,"bb home Front Load Liquid Detergent, 1 L Bottle",1 L,1.0,l,255.0,185.0,27.0,3.9,285,https://www.bigbasket.com/pd/40316718/bb-home-liquid-detergent-front-load-1-l-bottle/,"https://www.bbassets.com/media/uploads/p/s/40316718_4-bb-home-liquid-detergent-front-load.jpg?tr=w-80,q-80",BigBasket,18-08-26,1000.0,,18.5,,Bb Home,Competitor,27.450980392156865,Liquid Detergent,18.5,100.0,Excellent,False
BB_0086,Tide,"Tide Power Gel Freshness Boost Top Load & Front Load Liquid Detergent, 1 kg",1 kg,1.0,kg,159.0,151.05,5.0,4.1,261,https://www.bigbasket.com/pd/40273790/tide-matic-liquid-detergent-top-load-removes-stains-gives-fresh-fragrance-850-ml/,"https://www.bbassets.com/media/uploads/p/s/40273790_4-tide-matic-liquid-detergent-top-load-removes-stains-gives-fresh-fragrance.jpg?tr=w-80,q-80",BigBasket,18-08-26,1000.0,1000.0,,15.105000000000002,Tide,Competitor,4.999999999999993,Liquid Detergent,15.105000000000002,100.0,Excellent,False
BB_0087,Unknown,"Swachha Matic Liquid Detergent - Suitable For Top & Front Load, 5 L Jar",5 L,5.0,l,975.0,975.0,0.0,5.0,1,https://www.bigbasket.com/pd/40302456/swachha-matic-liquid-detergent-suitable-for-top-front-load-5-l-jar/,"https://www.bbassets.com/media/uploads/p/s/40302456_1-swachha-matic-liquid-detergent-suitable-for-top-front-load.jpg?tr=w-80,q-80",BigBasket,18-08-26,5000.0,,19.5,,Unknown,Competitor,0.0,Liquid Detergent,19.5,100.0,Excellent,False
BB_0088,Surf Excel,"Surf Excel Matic Front Load Liquid Detergent, 1 L Pouch",1 L,1.0,l,209.0,209.0,0.0,4.7,27,https://www.bigbasket.com/pd/40281923/surf-excel-matic-liquid-front-load-removes-tough-stains-safe-on-clothes-1-l-pouch/,"https://www.bbassets.com/media/uploads/p/s/40281923_1-surf-excel-matic-liquid-front-load-removes-tough-stains-safe-on-clothes.jpg?tr=w-80,q-80",BigBasket,18-08-26,1000.0,,20.9,,Surf Excel,Competitor,0.0,Liquid Detergent,20.9,100.0,Excellent,False
BB_0089,Unknown,"mugi Ultra Liquid Detergent, 1 L",1 L,1.0,l,230.0,230.0,0.0,4.4,67,https://www.bigbasket.com/pd/40031610/mugi-ultra-liquid-detergent-1-l/,"https://www.bbassets.com/media/uploads/p/s/40031610_1-mugi-ultra-liquid-detergent.jpg?tr=w-80,q-80",BigBasket,18-08-26,1000.0,,23.0,,Unknown,Competitor,0.0,Liquid Detergent,23.0,100.0,Excellent,False
BB_0090,Ariel,"Ariel Matic Top & Front Load Liquid Detergent, 1.5 L",1.5 L,1.5,l,320.0,320.0,0.0,1.5,359,https://www.bigbasket.com/pd/40189424/ariel-matic-liquid-detergent-15-l/,"https://www.bbassets.com/media/uploads/p/s/40189424_1-ariel-matic-liquid-detergent.jpg?tr=w-80,q-80",BigBasket,18-08-26,1500.0,,21.333333333333336,,Ariel,Competitor,0.0,Liquid Detergent,21.333333333333336,100.0,Excellent,False
BB_0091,Ariel,"Ariel Matic Top & Front Load Liquid Detergent, 1 L",1 L,1.0,l,215.0,215.0,0.0,4.3,3416,https://www.bigbasket.com/pd/40151783/ariel-matic-liquid-detergent-1-l/,"https://www.bbassets.com/media/uploads/p/s/40151783_5-ariel-matic-liquid-detergent.jpg?tr=w-80,q-80",BigBasket,18-08-26,1000.0,,21.5,,Ariel,Competitor,0.0,Liquid Detergent,21.5,100.0,Excellent,False
BB_0092,Henko,"Henko Matic Front Load Liquid Detergent, 1 L",1 L,1.0,l,230.0,220.0,99.9,4.3,120,https://www.bigbasket.com/pd/40237251/henko-matic-liquid-detergent-front-load-nano-fibre-lock-technology-999-germ-protection-1-l/,"https://www.bbassets.com/media/uploads/p/s/40237251_4-henko-matic-liquid-detergent-front-load-nano-fibre-lock-technology-999-germ-protection.jpg?tr=w-80,q-80",BigBasket,18-08-26,1000.0,,22.0,,Henko,Competitor,4.3478260869565215,Liquid Detergent,22.0,100.0,Excellent,False
BB_0093,Godrej Fab,"Godrej Fab Front Load Liquid Detergent, 800 g",800 g,800.0,g,120.0,120.0,0.0,4.3,16,https://www.bigbasket.com/pd/40359938/godrej-fab-front-load-liquid-detergent-950-ml-pouch/,"https://www.bbassets.com/media/uploads/p/s/40359938_4-godrej-fab-front-load-liquid-detergent.jpg?tr=w-80,q-80",BigBasket,18-08-26,800.0,800.0,,15.0,Godrej Fab,Competitor,0.0,Liquid Detergent,15.0,100.0,Excellent,False
BB_0094,Godrej Ezee,"Godrej Ezee 2-In-1 Liquid Detergent + Fabric Conditioner - Front Load, 2 kg Pouch",2 kg,2.0,kg,450.0,450.0,0.0,4.3,111,https://www.bigbasket.com/pd/40198317/godrej-ezee-2-in-1-liquid-detergent-fabric-conditioner-2-kg-pouch/,"https://www.bbassets.com/media/uploads/p/s/40198317_2-godrej-ezee-2-in-1-liquid-detergent-fabric-conditioner.jpg?tr=w-80,q-80",BigBasket,18-08-26,2000.0,2000.0,,22.5,Godrej Ezee,Competitor,0.0,Liquid Detergent,22.5,100.0,Excellent,False
BB_0095,Godrej Ezee,"Godrej Ezee 2-in-1 Liquid Detergent + Fabric Sanitizer - 99% Germ Protection, For Regular Clothes, 500 g",500 g,500.0,g,120.0,120.0,0.0,4.3,312,https://www.bigbasket.com/pd/40198320/godrej-ezee-2-in-1-liquid-detergent-fabric-sanitizer-500-g/,"https://www.bbassets.com/media/uploads/p/s/40198320_2-godrej-ezee-2-in-1-liquid-detergent-fabric-sanitizer.jpg?tr=w-80,q-80",BigBasket,18-08-26,500.0,500.0,,24.0,Godrej Ezee,Competitor,0.0,Liquid Detergent,24.0,100.0,Excellent,False
BB_0096,Safewash,"Safewash Front LoadÂ MaticÂ Premium Liquid Detergent, 1.5 L (Get 500 ml Free)",1.5 L,1.5,l,220.0,217.8,1.0,1.5,186,https://www.bigbasket.com/pd/40110664/wipro-safewash-matic-front-load-liquid-detergent-1-kg/,"https://www.bbassets.com/media/uploads/p/s/40110664_13-wipro-safewash-matic-front-load-liquid-detergent.jpg?tr=w-80,q-80",BigBasket,18-08-26,1500.0,,14.52,,Safewash,Competitor,0.9999999999999948,Liquid Detergent,14.52,100.0,Excellent,False
BB_0097,Ariel,"Ariel Power Gel Front Load Liquid Detergent - Lavender Freshness, 900 g",900 g,900.0,g,219.0,219.0,0.0,4.2,71,https://www.bigbasket.com/pd/40344989/ariel-liquid-detergent-front-load-with-lavender-freshness-fragnance-removes-7-day-dried-in-stains-in-1-wash-inside-washing-machine-protects-colours-dissolves-faster-900-ml/,"https://www.bbassets.com/media/uploads/p/s/40344989_7-ariel-liquid-detergent-front-load-with-lavender-freshness-fragnance-removes-7-day-dried-in-stains-in-1-wash-inside-washing-machine-protects-colours-dissolves-faster.jpg?tr=w-80,q-80",BigBasket,18-08-26,900.0,900.0,,24.333333333333336,Ariel,Competitor,0.0,Liquid Detergent,24.333333333333336,100.0,Excellent,False
BB_0098,Genteel,"Genteel Matic Front Load Liquid Detergent, 4 kg",4 kg,4.0,kg,650.0,604.5,7.0,4.1,17,https://www.bigbasket.com/pd/40341397/genteel-matic-front-load-liquid-detergent-4-kg/,"https://www.bbassets.com/media/uploads/p/s/40341397_3-genteel-matic-front-load-liquid-detergent.jpg?tr=w-80,q-80",BigBasket,18-08-26,4000.0,4000.0,,15.1125,Genteel,Competitor,7.000000000000001,Liquid Detergent,15.1125,100.0,Excellent,False
BB_0099,Henko,"Henko Matic Front Load Liquid Detergent, 3.2 l",3.2 l,3.2,l,480.0,374.4,22.0,3.2,248,https://www.bigbasket.com/pd/900459237/henko-matic-matic-front-load-liquid-detergent-32-l/,"https://www.bbassets.com/media/uploads/p/s/900459237_1-henko-matic-matic-front-load-liquid-detergent.jpg?tr=w-80,q-80",BigBasket,18-08-26,3200.0,,11.7,,Henko,Competitor,22.000000000000007,Liquid Detergent,11.7,100.0,Excellent,False
BB_0100,Safewash,"Safewash Matic Liquid Detergent - Front Load, 3000 ml",3000 ml,3000.0,ml,715.0,643.5,10.0,4.1,55,https://www.bigbasket.com/pd/40327530/safewash-matic-liquid-detergent-front-load-32-l/,"https://www.bbassets.com/media/uploads/p/s/40327530_2-safewash-matic-liquid-detergent-front-load.jpg?tr=w-80,q-80",BigBasket,18-08-26,3000.0,,21.45,,Safewash,Competitor,10.0,Liquid Detergent,21.45,100.0,Excellent,False
BB_0101,Elo Clean,"KIKGERM Elo Clean Front Load Liquid Detergent, 3 L",3 L,3.0,l,499.0,499.0,0.0,4.0,1,https://www.bigbasket.com/pd/40345899/kikgerm-elo-clean-front-load-liquid-detergent-3-l/,"https://www.bbassets.com/media/uploads/p/s/40345899_1-kikgerm-elo-clean-front-load-liquid-detergent.jpg?tr=w-80,q-80",BigBasket,18-08-26,3000.0,,16.633333333333333,,Elo Clean,Competitor,0.0,Liquid Detergent,16.633333333333333,100.0,Excellent,False
BB_0102,Safewash,"Safewash Matic Liquid Detergent - Top Load, 3000 ml",3000 ml,3000.0,ml,635.0,476.25,25.0,3.9,40,https://www.bigbasket.com/pd/40327529/safewash-matic-liquid-detergent-top-load-32-l/,"https://www.bbassets.com/media/uploads/p/s/40327529_2-safewash-matic-liquid-detergent-top-load.jpg?tr=w-80,q-80",BigBasket,18-08-26,3000.0,,15.875,,Safewash,Competitor,25.0,Liquid Detergent,15.875,100.0,Excellent,False
BB_0103,Ariel,"Ariel Power Gel Top Load & Semi-Auto Liquid Detergent - Lavender Freshness, 900 g",900 g,900.0,g,195.0,195.0,0.0,4.1,134,https://www.bigbasket.com/pd/40344988/ariel-liquid-detergent-top-load-with-lavender-freshness-fragnance-removes-7-day-dried-in-stains-in-1-wash-inside-washing-machine-protects-colours-dissolves-faster-900-ml/,"https://www.bbassets.com/media/uploads/p/s/40344988_7-ariel-liquid-detergent-top-load-with-lavender-freshness-fragnance-removes-7-day-dried-in-stains-in-1-wash-inside-washing-machine-protects-colours-dissolves-faster.jpg?tr=w-80,q-80",BigBasket,18-08-26,900.0,900.0,,21.666666666666668,Ariel,Competitor,0.0,Liquid Detergent,21.666666666666668,100.0,Excellent,False
BB_0104,Safewash,"Safewash Liquid Detergent, 2 kg",2 kg,2.0,kg,330.0,330.0,0.0,5.0,1,https://www.bigbasket.com/pd/40327531/safewash-liquid-detergent-2-kg/,"https://www.bbassets.com/media/uploads/p/s/40327531_1-safewash-liquid-detergent.jpg?tr=w-80,q-80",BigBasket,18-08-26,2000.0,2000.0,,16.5,Safewash,Competitor,0.0,Liquid Detergent,16.5,100.0,Excellent,False
BB_0105,Henko,"Henko Matic Top Load Liquid Detergent, 5 L",5 L,5.0,l,700.0,521.36,26.0,4.9,20,https://www.bigbasket.com/pd/40361462/henko-matic-top-load-liquid-detergent-5-l/,"https://www.bbassets.com/media/uploads/p/s/40361462_1-henko-matic-top-load-liquid-detergent.jpg?tr=w-80,q-80",BigBasket,18-08-26,5000.0,,10.4272,,Henko,Competitor,25.52,Liquid Detergent,10.427200000000001,100.0,Excellent,False
BB_0106,Unknown,"Frosch Liquid Detergent - Aloe Vera, 1.8 L",1.8 L,1.8,l,899.0,899.0,0.0,1.8,11,https://www.bigbasket.com/pd/40102127/frosch-liquid-detergent-aloe-vera-18-l/,"https://www.bbassets.com/media/uploads/p/s/40102127_4-frosch-liquid-detergent-aloe-vera.jpg?tr=w-80,q-80",BigBasket,18-08-26,1800.0,,49.94444444444445,,Unknown,Competitor,0.0,Liquid Detergent,49.94444444444445,100.0,Excellent,False
BB_0107,Unknown,"Safed Smart Zymes Liquid Detergent, 430 ml",430 ml,430.0,ml,70.0,70.0,0.0,4.6,5,https://www.bigbasket.com/pd/40316667/safed-smart-zymes-detergent-liquid-430-ml/,"https://www.bbassets.com/media/uploads/p/s/40316667_1-safed-smart-zymes-detergent-liquid.jpg?tr=w-80,q-80",BigBasket,18-08-26,430.0,,16.27906976744186,,Unknown,Competitor,0.0,Liquid Detergent,16.27906976744186,100.0,Excellent,False
BB_0108,Surf Excel,"Surf Excel Matic Top Load Liquid Detergent, 2 L",2 L,2.0,l,430.0,430.0,0.0,4.5,35,https://www.bigbasket.com/pd/413133/surf-excel-matic-liquid-detergent-top-load-2-l-pouch/,"https://www.bbassets.com/media/uploads/p/s/413133_1-surf-excel-matic-liquid-detergent-top-load.jpg?tr=w-80,q-80",BigBasket,18-08-26,2000.0,,21.5,,Surf Excel,Competitor,0.0,Liquid Detergent,21.5,100.0,Excellent,False
BB_0109,Sunlight,"Sunlight Matic Liquid Detergent With Colour Shield, 2 kg",2 kg,2.0,kg,300.0,225.0,25.0,4.5,29,https://www.bigbasket.com/pd/40324700/sunlight-matic-liquid-maintains-brightness-of-100-colours-2-l/,"https://www.bbassets.com/media/uploads/p/s/40324700_4-sunlight-matic-liquid-maintains-brightness-of-100-colours.jpg?tr=w-80,q-80",BigBasket,18-08-26,2000.0,2000.0,,11.25,Sunlight,Competitor,25.0,Liquid Detergent,11.25,100.0,Excellent,False
BB_0110,Ghadi,"Ghadi Smart Lavender Fragrance Matic Liquid Detergent, 4.5 L",4.5 L,4.5,l,499.0,451.0,9.62,4.5,31,https://www.bigbasket.com/pd/40357784/ghadi-smart-lavender-fragrance-matic-liquid-detergent-45-l/,"https://www.bbassets.com/media/uploads/p/s/40357784_2-ghadi-smart-lavender-fragrance-matic-liquid-detergent.jpg?tr=w-80,q-80",BigBasket,18-08-26,4500.0,,10.022222222222222,,Ghadi,Competitor,9.619238476953909,Liquid Detergent,10.022222222222222,100.0,Excellent,False
BB_0111,More,"More Light Extra Power Liquid Detergent, 5 L",5 L,5.0,l,599.0,399.0,33.0,4.4,163,https://www.bigbasket.com/pd/900458193/morelight-extra-power-liquid-detergent-5-l/,"https://www.bbassets.com/media/uploads/p/s/900458193_1-morelight-extra-power-liquid-detergent.jpg?tr=w-80,q-80",BigBasket,18-08-26,5000.0,,7.979999999999999,,More,Competitor,33.3889816360601,Liquid Detergent,7.9799999999999995,100.0,Excellent,False
