analysis_id,product_id,brand,brand_standardized,company_group,team_thai_match_confidence,product_name,product_category,pack_size,pack_size_value,pack_size_unit,pack_size_ml,pack_size_g,wash_type,mrp,selling_price,price_per_100ml,price_per_100g,price_segment,discount_pct,discount_pct_calculated,rating,rating_count,review_engagement,price_status,rating_status,pack_size_status,data_quality_score,data_quality_category,duplicate_product_flag,marketplace,source,product_url,product_image_url,collection_date,price_per_100ml_calculated,price_per_100g_calculated,mrp_status,rating_count_status,review_strength
1,B0D6MY6FMR,Ariel,Ariel,Competitor,Not Team Thai,Ariel Power Gel Liquid Detergent for Top Load & Semi Auto – 6kg | Removes 100 Dried Stains in 1 Wash | Faster Dissolving | Long-Lasting Fragrance | Color Protection | At the price of Powders,Liquid Detergent,6 kg,6.0,kg,,6000.0,Top Load,1009.0,810.0,,13.5,Premium,19.72,19.722497522299307,4.4,5.0,Very Low,Valid,Valid,Available,95,Excellent,False,Amazon India,Amazon India,,https://m.media-amazon.com/images/I/71X1Jt6RcWL._AC_UL320_.jpg,2026-08-18,,13.5,Valid,Valid,Very Low
2,B0CH9SJVBP,Beco,Beco,Competitor,Not Team Thai,Beco Natural Liquid Detergent Top Load - 2L Refill Pack | Tough Stain Removal | Lavender & Vanilla Freshness | Retains Brightness & Shine | Chemical Free | Top Load Washing Machine Detergent Liquid,Liquid Detergent,2 l,2.0,l,2000.0,,Top Load,399.0,225.0,11.25,,Mass Market,43.61,43.609022556390975,4.2,5.0,Very Low,Valid,Valid,Available,95,Excellent,False,Amazon India,Amazon India,,https://m.media-amazon.com/images/I/614wytJZHXL._AC_UL320_.jpg,2026-08-18,11.25,,Valid,Valid,Very Low
3,B0H6K3BZGB,Enzo,Enzo,Competitor,Not Team Thai,"ENZO | All-in-One Liquid Laundry Detergent | Tough Stain Remover | Front Load, Top Load & Hand Wash | Fresh Fragrance | 2L",Liquid Detergent,2 l,2.0,l,2000.0,,Front + Top Load,199.0,195.0,9.75,,Mass Market,2.01,2.010050251256281,5.0,2.0,Very Low,Valid,Valid,Available,95,Excellent,False,Amazon India,Amazon India,,https://m.media-amazon.com/images/I/71XKKh7WfOL._AC_UL320_.jpg,2026-08-18,9.75,,Valid,Valid,Very Low
4,B0F5MZJBPP,Vooki,Vooki,Competitor,Not Team Thai,"Vooki Biosense Top And Front Load Liquid Detergent With Double Concentrated Formula for Tough Stain Remover, Enhances Fabric Life & Softness - 801 ml (Pack of 2)",Liquid Detergent,801 ml,801.0,ml,801.0,,Front Load,,738.0,92.13483146067416,,Premium,,,4.1,356.0,Moderate,Valid,Valid,Available,95,Excellent,False,Amazon India,Amazon India,,https://m.media-amazon.com/images/I/71oHPT-NNmL._AC_UL320_.jpg,2026-08-18,92.13483146067416,,Missing,Valid,Moderate
5,B0D6RKR54N,Safewash,Safewash,Competitor,Not Team Thai,Safewash Front Load Matic Premium Liquid Detergent Refill Pouch | Colour Protect Technology | 2X Stain Removal | Suitable for All Fabrics | 3L or above,Liquid Detergent,3 l,3.0,l,3000.0,,Front Load,715.0,355.0,11.833333333333334,,Mid Premium,50.35,50.349650349650354,4.4,534.0,Moderate,Valid,Valid,Available,95,Excellent,False,Amazon India,Amazon India,,https://m.media-amazon.com/images/I/619Yj-RaAiL._AC_UL320_.jpg,2026-08-18,11.833333333333334,,Valid,Valid,Moderate
6,B0DPX93PJ9,Surf Excel,Surf Excel,Competitor,Not Team Thai,"Surf Excel Matic Top Load Liquid Detergent 5Kg Refill Pouch, Specially designed to remove Tough Dried Stains, 1st time in Washing Machine",Liquid Detergent,5 kg,5.0,kg,,5000.0,Top Load,740.0,651.0,,13.02,Premium,12.03,12.027027027027028,4.4,6.0,Very Low,Valid,Valid,Available,100,Excellent,False,Amazon India,Amazon India,https://www.amazon.in/Surf-Excel-Detergent-Specially-designed/dp/B0DPX93PJ9/ref=sr_1_6,https://m.media-amazon.com/images/I/61ShrCBCKrL._AC_UL320_.jpg,2026-08-18,,13.02,Valid,Valid,Very Low
7,B0GPRPQF23,Godrej Fab,Godrej Fab,Competitor,Not Team Thai,Godrej Fab Liquid Detergent Refill Pouch for Machine & Hand Wash - 5L/5kg,Liquid Detergent,5 l,5.0,l,5000.0,,Hand Wash,599.0,525.0,10.5,,Mid Premium,12.35,12.353923205342236,4.3,13.0,Low,Valid,Valid,Available,100,Excellent,False,Amazon India,Amazon India,https://www.amazon.in/Godrej-Fab-Liquid-Detergent-Machine/dp/B0GPRPQF23/ref=sr_1_7,https://m.media-amazon.com/images/I/81j4fQTBsYL._AC_UL320_.jpg,2026-08-18,10.5,,Valid,Valid,Low
8,B0CTH85SN6,Tide,Tide,Competitor,Not Team Thai,Tide Power Gel Liquid Detergent for Top Load & Front Load - 3.2kg | 2x Deep Clean Power | Removes Stains & Dirt | Freshness Boost | Fresh Fragrance,Liquid Detergent,3.2 kg,3.2,kg,,3200.0,Front + Top Load,405.0,368.0,,11.5,Mid Premium,9.14,9.135802469135802,4.3,4.0,Very Low,Valid,Valid,Available,100,Excellent,False,Amazon India,Amazon India,https://www.amazon.in/Tide-Liquid-Detergent-Washing-Machine/dp/B0CTH85SN6/ref=sr_1_8,https://m.media-amazon.com/images/I/71d3DWhL10L._AC_UL320_.jpg,2026-08-18,,11.5,Valid,Valid,Very Low
9,B0D2F7NS75,More,More,Competitor,Not Team Thai,"More Light Extra Power Liquid Detergent 5 Litre Pouch with Enzymatic Action Removes Tough Stain | Laundry Liquid Detergent with Refreshing Fragrance for Bucket Wash, Top Load & Front Load Machines",Liquid Detergent,5 l,5.0,l,5000.0,,Front + Top Load,525.0,399.0,7.979999999999999,,Mid Premium,24.0,24.0,4.2,4.0,Very Low,Valid,Valid,Available,100,Excellent,False,Amazon India,Amazon India,https://www.amazon.in/Detergent-Enzymatic-Refreshing-Fragrance-Machines/dp/B0D2F7NS75/ref=sr_1_9,https://m.media-amazon.com/images/I/71MmsLIiu5L._AC_UL320_.jpg,2026-08-18,7.979999999999999,,Valid,Valid,Very Low
10,B0B6J1GM93,Tide,Tide,Competitor,Not Team Thai,Tide Power Gel Liquid Detergent for Top Load & Front Load - 1kg | 2x Deep Clean Power | Removes Stains & Dirt | Freshness Boost | Fresh Fragrance,Liquid Detergent,1 kg,1.0,kg,,1000.0,Front + Top Load,217.0,188.0,,18.8,Mass Market,13.36,13.36405529953917,4.3,4.0,Very Low,Valid,Valid,Available,95,Excellent,True,Amazon India,Amazon India,,https://m.media-amazon.com/images/I/71CJTz45L4L._AC_UL320_.jpg,2026-08-18,,18.8,Valid,Valid,Very Low
11,B0D6Y9ZTQN,Presto,Presto,Competitor,Not Team Thai,Amazon Brand - Presto! Active Wash Detergent Liquid | Tough on Stains| Gentle on Fabrics | Colour-Safe (5L),Liquid Detergent,5 l,5.0,l,5000.0,,Not Specified,1000.0,445.0,8.9,,Mid Premium,55.5,55.50000000000001,4.0,1.0,Very Low,Valid,Valid,Available,95,Excellent,False,Amazon India,Amazon India,,https://m.media-amazon.com/images/I/61PHn1lxiUL._AC_UL320_.jpg,2026-08-18,8.9,,Valid,Valid,Very Low
12,B0DLGXX585,Presto,Presto,Competitor,Not Team Thai,Amazon Brand - Presto! Active Wash Detergent Liquid | 10 Litre | Tough On Stains | Gentle On Fabrics | Machine And Hand Wash,Liquid Detergent,10 l,10.0,l,10000.0,,Hand Wash,2000.0,835.0,8.35,,Premium,58.25,58.25,4.2,1.0,Very Low,Valid,Valid,Available,95,Excellent,False,Amazon India,Amazon India,,https://m.media-amazon.com/images/I/61vFMCJxqmL._AC_UL320_.jpg,2026-08-18,8.35,,Valid,Valid,Very Low
13,B0GX79GK44,Presto,Presto,Competitor,Not Team Thai,Amazon Brand - Presto! Matic Top Load Liquid Detergent Refill Pack 5L | Floral Scent | Intense Cleaning for Top Load Washing Machines,Liquid Detergent,5 l,5.0,l,5000.0,,Top Load,1000.0,549.0,10.98,,Mid Premium,45.1,45.1,4.2,7.0,Very Low,Valid,Valid,Available,95,Excellent,False,Amazon India,Amazon India,,https://m.media-amazon.com/images/I/71QPBQ21-wL._AC_UL320_.jpg,2026-08-18,10.98,,Valid,Valid,Very Low
14,B0CSPG8D76,Ariel,Ariel,Competitor,Not Team Thai,Ariel Power Gel Liquid Detergent for Top Load & Semi Auto – 4kg | Removes 100 Dried Stains in 1 Wash | Faster Dissolving | Long-Lasting Fragrance | Color Protection | At the price of Powders,Liquid Detergent,4 kg,4.0,kg,,4000.0,Top Load,765.0,612.0,,15.3,Premium,20.0,20.0,4.4,9.0,Very Low,Valid,Valid,Available,100,Excellent,False,Amazon India,Amazon India,https://www.amazon.in/Ariel-Detergent-Removes-Specially-designed/dp/B0CSPG8D76/ref=sr_1_16,https://m.media-amazon.com/images/I/611TjgxRCSL._AC_UL320_.jpg,2026-08-18,,15.3,Valid,Valid,Very Low
15,B0F9F3G6TS,Active White,Active White,Competitor,Not Team Thai,Active White Liquid Detergent - 5L Mega Pack | Lavender Fragrance | Front Load & Top Load Machine Wash & Bucket Wash Expert | Powerful Stain Removal | Gentle on Clothes | Value Family Refill Pack,Liquid Detergent,5 l,5.0,l,5000.0,,Front + Top Load,450.0,249.0,4.98,,Mass Market,44.67,44.66666666666666,3.2,948.0,Moderate,Valid,Valid,Available,100,Excellent,False,Amazon India,Amazon India,https://www.amazon.in/Active-White-Liquid-Detergent-Fragrance/dp/B0F9F3G6TS/ref=sr_1_17,https://m.media-amazon.com/images/I/71sovrWPMDL._AC_UL320_.jpg,2026-08-18,4.98,,Valid,Valid,Moderate
16,B0DP4K4B5W,Ujala,Ujala,Competitor,Not Team Thai,Ujala Top Load Liquid Detergent Mega Saver 4L Refill Pack | Designed For Tough Dirt Removal | Superior Colour Care with Refreshing Fragrance | Ideal for Bucket Wash and Top Load Washing Machines,Liquid Detergent,4 l,4.0,l,4000.0,,Top Load,700.0,396.0,9.9,,Mid Premium,43.43,43.42857142857143,4.4,1.0,Very Low,Valid,Valid,Available,100,Excellent,False,Amazon India,Amazon India,https://www.amazon.in/Detergent-Designed-Superior-Refreshing-Fragrance/dp/B0DP4K4B5W/ref=sr_1_18,https://m.media-amazon.com/images/I/61ZVWRVFYvL._AC_UL320_.jpg,2026-08-18,9.9,,Valid,Valid,Very Low
17,B0BHHZBXV5,Rin,Rin,Competitor,Not Team Thai,"RIN Matic Liquid Detergent, 2Kg, for Dazzling Brightness, with Bright Lock Technology, Long-Lasting Fragrance, for Top Load Washing Machines",Liquid Detergent,2 kg,2.0,kg,,2000.0,Top Load,249.0,218.0,,10.9,Mass Market,12.45,12.449799196787149,4.4,8.0,Very Low,Valid,Valid,Available,100,Excellent,False,Amazon India,Amazon India,https://www.amazon.in/RIN-Detergent-Brightness-Technology-Long-Lasting/dp/B0BHHZBXV5/ref=sr_1_19,https://m.media-amazon.com/images/I/61X2H9gIOjL._AC_UL320_.jpg,2026-08-18,,10.9,Valid,Valid,Very Low
18,B0CBKKG7TJ,Surf Excel,Surf Excel,Competitor,Not Team Thai,"Surf Excel Matic Top Load Liquid Detergent 3.2 L Refill, Designed for Tough Stain Removal on Laundry in Washing Machines - Mega Pack (Pack of 2)",Liquid Detergent,3.2 l,3.2,l,3200.0,,Top Load,1270.0,699.0,21.84375,,Premium,44.96,44.96062992125984,4.4,6.0,Very Low,Valid,Valid,Available,100,Excellent,False,Amazon India,Amazon India,https://www.amazon.in/Surf-Excel-Detergent-Designed-Machines/dp/B0CBKKG7TJ/ref=sr_1_20,https://m.media-amazon.com/images/I/61Ji1jas9oL._AC_UL320_.jpg,2026-08-18,21.84375,,Valid,Valid,Very Low
19,B07VS1YTY2,Safewash,Safewash,Competitor,Not Team Thai,Safewash Front Load Matic Premium Liquid Detergent 1.8L Refill Pouch with Colour-Protect Technology | 2x Stain Removal | For All Types of Fabrics,Liquid Detergent,1.8 l,1.8,l,1800.0,,Front Load,400.0,225.0,12.5,,Mass Market,43.75,43.75,4.3,3.0,Very Low,Valid,Valid,Available,95,Excellent,False,Amazon India,Amazon India,,https://m.media-amazon.com/images/I/61yIkGm6oDL._AC_UL320_.jpg,2026-08-18,12.5,,Valid,Valid,Very Low
20,B0FM49B2LL,Ghadi,Ghadi,Competitor,Not Team Thai,"Ghadi Smart Liquid Detergent Lavender Fragrance 2L | For Front Load & Top Load Washing Machines | Deep Cleaning, Long-Lasting Freshness.",Liquid Detergent,2 l,2.0,l,2000.0,,Front + Top Load,220.0,183.0,9.15,,Mass Market,16.82,16.818181818181817,4.3,463.0,Moderate,Valid,Valid,Available,95,Excellent,False,Amazon India,Amazon India,,https://m.media-amazon.com/images/I/71k-IbtbkQL._AC_UL320_.jpg,2026-08-18,9.15,,Valid,Valid,Moderate
21,B0G4WFR1G2,Henko,Henko,Competitor,Not Team Thai,"Henko Matic Top Load Liquid Detergent - 5L Jumbo Pack with Nano Fiber Lock Technology, 99.9% Germ Protection, Bio Stain Power & Ultra Color Care which maintains the Newness, Color & Shine",Liquid Detergent,5 l,5.0,l,5000.0,,Top Load,700.0,574.0,11.48,,Mid Premium,18.0,18.0,4.4,500.0,Moderate,Valid,Valid,Available,100,Excellent,False,Amazon India,Amazon India,https://www.amazon.in/Henko-Matic-Load-Liquid-Detergent/dp/B0G4WFR1G2/ref=sr_1_23,https://m.media-amazon.com/images/I/71oV7bNsXGL._AC_UL320_.jpg,2026-08-18,11.48,,Valid,Valid,Moderate
22,B07F8D6QLL,Surf Excel,Surf Excel,Competitor,Not Team Thai,"Surf Excel Matic Top Load Liquid Detergent 2 kg Refill|| Specially Designed To Remove Tough Dried Stains, 1st Time In Washing Machine",Liquid Detergent,2 kg,2.0,kg,,2000.0,Top Load,338.0,322.0,,16.1,Mid Premium,4.73,4.733727810650888,4.5,52.0,Low,Valid,Valid,Available,100,Excellent,False,Amazon India,Amazon India,https://www.amazon.in/Surf-Excel-Matic-Liquid-Detergent/dp/B07F8D6QLL/ref=sr_1_25,https://m.media-amazon.com/images/I/61KIujQIfgL._AC_UL320_.jpg,2026-08-18,,16.1,Valid,Valid,Low
23,B0BV2ZJQ59,Moon & Mount,Moon & Mount,Competitor,Not Team Thai,"Moon & Mount Lavender Liquid Detergent 6L for Washing Machine | Enzyme-powered stain removal, color-safe, gentle on sensitive skin, 100+ washes, paraben-free, Top & Front Load ready",Liquid Detergent,6 l,6.0,l,6000.0,,Front Load,999.0,579.0,9.65,,Mid Premium,42.04,42.04204204204204,4.0,5.0,Very Low,Valid,Valid,Available,100,Excellent,False,Amazon India,Amazon India,https://www.amazon.in/Moon-Mount-detergent-washing-machine/dp/B0BV2ZJQ59/ref=sr_1_26,https://m.media-amazon.com/images/I/619VPHd9aHL._AC_UL320_.jpg,2026-08-18,9.65,,Valid,Valid,Very Low
24,B07VQYDWWF,Safewash,Safewash,Competitor,Not Team Thai,Safewash Top Load Matic Premium Liquid Detergent 1.8 L Refill Pouch with Colour-Protect Technology | 2x Stain Removal | For All Types of Fabrics,Liquid Detergent,1.8 l,1.8,l,1800.0,,Top Load,430.0,185.0,10.277777777777777,,Mass Market,56.98,56.97674418604651,4.3,4.0,Very Low,Valid,Valid,Available,100,Excellent,False,Amazon India,Amazon India,https://www.amazon.in/Safewash-Matic-Liquid-Detergent-Load/dp/B07VQYDWWF/ref=sr_1_27,https://m.media-amazon.com/images/I/61Qtgdw-+3L._AC_UL320_.jpg,2026-08-18,10.277777777777777,,Valid,Valid,Very Low
25,B0DN9VHZ14,Qssiy,Qssiy,Competitor,Not Team Thai,Qssiy Liquid Detergent Suitable For Top Load & Front Load Washing Machine 5L (Fresh),Liquid Detergent,5 l,5.0,l,5000.0,,Front + Top Load,849.0,349.0,6.98,,Mid Premium,58.89,58.89281507656066,3.8,1.0,Very Low,Valid,Valid,Available,100,Excellent,False,Amazon India,Amazon India,https://www.amazon.in/Qssiy-Detergent-Suitable-Washing-5L/dp/B0DN9VHZ14/ref=sr_1_28,https://m.media-amazon.com/images/I/512zfGP87PL._AC_UL320_.jpg,2026-08-18,6.98,,Valid,Valid,Very Low
26,B0DN9Y55H1,Qssiy,Qssiy,Competitor,Not Team Thai,Qssiy Liquid Detergent Suitable For Top Load & Front Load Washing Machine 5kg (Lily),Liquid Detergent,5 kg,5.0,kg,,5000.0,Front + Top Load,849.0,349.0,,6.98,Mid Premium,58.89,58.89281507656066,3.8,2.0,Very Low,Valid,Valid,Available,100,Excellent,False,Amazon India,Amazon India,https://www.amazon.in/Qssiy-Detergent-Suitable-Washing-5L/dp/B0DN9Y55H1/ref=sr_1_29,https://m.media-amazon.com/images/I/51-Fu5-eOnL._AC_UL320_.jpg,2026-08-18,,6.98,Valid,Valid,Very Low
27,B0D6LHT1J6,Detergent,Detergent,Competitor,Not Team Thai,Detergent Liquid 10 L Concentrated Laundry Liquid Detergent Top Load/Bucket Wash,Liquid Detergent,10 l,10.0,l,10000.0,,Top Load,449.0,399.0,3.99,,Mid Premium,11.14,11.1358574610245,5.0,16.0,Low,Valid,Valid,Available,100,Excellent,False,Amazon India,Amazon India,https://www.amazon.in/Detergent-Liquid-Concentrated-Laundry-Bucket/dp/B0D6LHT1J6/ref=sr_1_30,https://m.media-amazon.com/images/I/61NK4D0RShL._AC_UL320_.jpg,2026-08-18,3.99,,Valid,Valid,Low
28,B0GDQL1YS9,Beco,Beco,Competitor,Not Team Thai,Beco Power Up Laundry Detergent Liquid - 5 Ltr Refill Pack | Tough Stain Removal | Retains Brightness and Shine | Chemical Free | Suitable for both Machine and Bucket Wash,Liquid Detergent,Unknown,,,,,Bucket Wash,479.0,399.0,,,Mid Premium,16.7,16.701461377870565,4.2,647.0,Moderate,Valid,Valid,Missing,85,Good,False,Amazon India,Amazon India,https://www.amazon.in/Beco-Power-Laundry-Detergent-Liquid/dp/B0GDQL1YS9/ref=sr_1_31,https://m.media-amazon.com/images/I/51p4hOz0v5L._AC_UL320_.jpg,2026-08-18,,,Valid,Valid,Moderate
29,B0D6RJ9VW7,Safewash,Safewash,Competitor,Not Team Thai,Safewash Top Load Matic Premium Liquid Detergent Refill Pouch | Colour Protect Technology | 2X Stain Removal | Suitable for All Fabrics | 3L or above,Liquid Detergent,3 l,3.0,l,3000.0,,Top Load,635.0,315.0,10.5,,Mid Premium,50.39,50.39370078740157,4.4,887.0,Moderate,Valid,Valid,Available,100,Excellent,False,Amazon India,Amazon India,https://www.amazon.in/Safewash-Premium-Detergent-Colour-Protect-Technology/dp/B0D6RJ9VW7/ref=sr_1_32,https://m.media-amazon.com/images/I/61xlp+XKDJL._AC_UL320_.jpg,2026-08-18,10.5,,Valid,Valid,Moderate
30,B0D2XQQQ96,Godrej Fab,Godrej Fab,Competitor,Not Team Thai,Godrej Fab Liquid Detergent Refill Pouch for Machine Wash - 2L,Liquid Detergent,2 l,2.0,l,2000.0,,Not Specified,250.0,215.0,10.75,,Mass Market,14.0,14.000000000000002,4.3,13.0,Low,Valid,Valid,Available,100,Excellent,False,Amazon India,Amazon India,https://www.amazon.in/Godrej-Fab-Liquid-Detergent-Machine/dp/B0D2XQQQ96/ref=sr_1_33,https://m.media-amazon.com/images/I/71fvaQTBSML._AC_UL320_.jpg,2026-08-18,10.75,,Valid,Valid,Low
31,B0D3FBVVXP,Henko,Henko,Competitor,Not Team Thai,"Henko Matic Top Load Liquid Detergent - 3.2L Refill Pouch with Nano Fiber Lock Technology, 99.9% Germ Protection, Bio Stain Power & Ultra Color Care which maintains the Newness, Color & Shine",Liquid Detergent,3.2 l,3.2,l,3200.0,,Top Load,480.0,386.0,12.0625,,Mid Premium,19.58,19.58333333333333,4.4,2.0,Very Low,Valid,Valid,Available,100,Excellent,False,Amazon India,Amazon India,https://www.amazon.in/Henko-Matic-Load-Liquid-Detergent/dp/B0D3FBVVXP/ref=sr_1_34,https://m.media-amazon.com/images/I/71-XegujEHL._AC_UL320_.jpg,2026-08-18,12.0625,,Valid,Valid,Very Low
32,B089DSWYXQ,Ariel,Ariel,Competitor,Not Team Thai,Ariel Power Gel Liquid Detergent for Top Load & Semi Auto – 2kg | Removes 100 Dried Stains in 1 Wash | Faster Dissolving | Long-Lasting Fragrance | Color Protection | At the price of Powders,Liquid Detergent,2 kg,2.0,kg,,2000.0,Top Load,430.0,344.0,,17.2,Mid Premium,20.0,20.0,4.4,23.0,Low,Valid,Valid,Available,100,Excellent,False,Amazon India,Amazon India,https://www.amazon.in/Ariel-Matic-Liquid-Detergent-Litre/dp/B089DSWYXQ/ref=sr_1_35,https://m.media-amazon.com/images/I/715OEG-SCYL._AC_UL320_.jpg,2026-08-18,,17.2,Valid,Valid,Low
33,B0CBBTPQT3,Ariel,Ariel,Competitor,Not Team Thai,Ariel Power Gel Liquid Detergent for Top Load & Semi Auto – 3.2kg | Removes 100 Dried Stains in 1 Wash | Faster Dissolving | Long-Lasting Fragrance | Color Protection | At the price of Powders,Liquid Detergent,3.2 kg,3.2,kg,,3200.0,Top Load,599.0,509.0,,15.90625,Mid Premium,15.03,15.025041736227044,4.5,7.0,Very Low,Valid,Valid,Available,100,Excellent,False,Amazon India,Amazon India,https://www.amazon.in/Ariel-Load-Matic-Liquid-Detergent/dp/B0CBBTPQT3/ref=sr_1_36,https://m.media-amazon.com/images/I/71C+iQxI2nL._AC_UL320_.jpg,2026-08-18,,15.90625,Valid,Valid,Very Low
34,B072QRVVDS,Surf Excel,Surf Excel,Competitor,Not Team Thai,"Surf Excel Matic Top Load Liquid Detergent 1L|| Specially designed to remove Tough Dried Stains, 1st time in Washing Machine",Liquid Detergent,1 l,1.0,l,1000.0,,Top Load,,220.0,22.0,,Mass Market,,,4.5,15.0,Low,Valid,Valid,Available,100,Excellent,False,Amazon India,Amazon India,https://www.amazon.in/Surf-Excel-Matic-Liquid-Detergent/dp/B072QRVVDS/ref=sr_1_37,https://m.media-amazon.com/images/I/518YYVPFCnL._AC_UL320_.jpg,2026-08-18,22.0,,Missing,Valid,Low
35,B0DXK3D16L,Genteel,Genteel,Competitor,Not Team Thai,Genteel Matic Liquid Detergent Refill Pouch for Top load Washing - 4kg | No Soda Formula | with Added Fabric Conditioner,Liquid Detergent,4 kg,4.0,kg,,4000.0,Top Load,660.0,535.0,,13.375,Mid Premium,18.94,18.939393939393938,4.3,24.0,Low,Valid,Valid,Available,100,Excellent,False,Amazon India,Amazon India,https://www.amazon.in/Genteel-Liquid-Detergent-Refill-Washing/dp/B0DXK3D16L/ref=sr_1_38,https://m.media-amazon.com/images/I/71Oy0Ud+ydL._AC_UL320_.jpg,2026-08-18,,13.375,Valid,Valid,Low
36,B0DYDTRW5X,Ariel,Ariel,Competitor,Not Team Thai,Ariel Power Gel Liquid Detergent for Top Load & Semi Auto – 3.6kg with Lavender Fragrance | Removes 100 Dried Stains in 1 Wash | Faster Dissolving | Color Protection | At the price of Powders,Liquid Detergent,3.6 kg,3.6,kg,,3600.0,Top Load,765.0,612.0,,17.0,Premium,20.0,20.0,4.4,702.0,Moderate,Valid,Valid,Available,100,Excellent,False,Amazon India,Amazon India,https://www.amazon.in/Ariel-Liquid-Detergent-Load-dried/dp/B0DYDTRW5X/ref=sr_1_39,https://m.media-amazon.com/images/I/717kcy0LijL._AC_UL320_.jpg,2026-08-18,,17.0,Valid,Valid,Moderate
37,B0937J8HZ6,Purela,Purela,Competitor,Not Team Thai,Purela Liquid Detergent 6kg | Fresh | Hard Water | All Machines | 100+ washes at 50ml. fresh 8 hours. Consistent thickness every use. Colour-safe. & laundry service bulk.,Liquid Detergent,6 kg,6.0,kg,,6000.0,Not Specified,1499.0,529.0,,8.816666666666666,Mid Premium,64.71,64.70980653769179,4.0,5.0,Very Low,Valid,Valid,Available,100,Excellent,False,Amazon India,Amazon India,https://www.amazon.in/Purela-Detergent-Laundry-Suitable-Top-Load/dp/B0937J8HZ6/ref=sr_1_40,https://m.media-amazon.com/images/I/615m7mwT2QL._AC_UL320_.jpg,2026-08-18,,8.816666666666666,Valid,Valid,Very Low
38,B0CBX8JXMH,Shatras,Shatras,Competitor,Not Team Thai,"Shatras Lavender Liquid Detergent 10L (2x5L) | Natural & Eco-Friendly Laundry Care Formula | Gentle Fabric Cleaning | For Top-Load, Front-Load Washing Machines & Hand Wash | Fresh Lavender Fragrance",Liquid Detergent,2 x 5 l,10.0,l,10000.0,,Front + Top Load,1999.0,799.0,7.99,,Premium,60.03,60.03001500750376,4.0,3.0,Very Low,Valid,Valid,Available,100,Excellent,False,Amazon India,Amazon India,https://www.amazon.in/Shatras-Eco-friendly-Lavender-Detergent-Ingredients/dp/B0CBX8JXMH/ref=sr_1_41,https://m.media-amazon.com/images/I/51lh1aX4yqL._AC_UL320_.jpg,2026-08-18,7.99,,Valid,Valid,Very Low
39,B0B6J23HDT,Tide,Tide,Competitor,Not Team Thai,Tide Power Gel Liquid Detergent for Top Load & Front Load - 1kg | 2x Deep Clean Power | Removes Stains & Dirt | Freshness Boost | Fresh Fragrance,Liquid Detergent,1 kg,1.0,kg,,1000.0,Front + Top Load,187.06,159.0,,15.9,Mass Market,15.0,15.000534587832782,4.4,5.0,Very Low,Valid,Valid,Available,100,Excellent,True,Amazon India,Amazon India,https://www.amazon.in/Tide-Matic-Liquid-Detergent-850/dp/B0B6J23HDT/ref=sr_1_42,https://m.media-amazon.com/images/I/61MeajkwtxL._AC_UL320_.jpg,2026-08-18,,15.9,Valid,Valid,Very Low
40,B0CBRKX44K,Shatras,Shatras,Competitor,Not Team Thai,Shatras Laundry Liquid Detergent 5 Liter|Eco-Friendly Natural Laundry Care | Suitable for Top & Front Load Washing Machines|Ideal for Machine Wash & Hand Wash|Gentle Cleaning for All Types of Clothes,Liquid Detergent,5 l,5.0,l,5000.0,,Front Load,999.0,329.0,6.58,,Mid Premium,67.07,67.06706706706707,3.8,662.0,Moderate,Valid,Valid,Available,100,Excellent,False,Amazon India,Amazon India,https://www.amazon.in/Shatras-Detergent-Suitable-friendly-detergent/dp/B0CBRKX44K/ref=sr_1_43,https://m.media-amazon.com/images/I/71pnskhHmUL._AC_UL320_.jpg,2026-08-18,6.58,,Valid,Valid,Moderate
41,B0FP2R4HPP,Ghadi,Ghadi,Competitor,Not Team Thai,"Ghadi Smart Liquid Detergent Lavender Fragrance 4.5L | For Front Load & Top Load Machines | Deep Cleaning, Long-Lasting Freshness, Gentle on Clothes",Liquid Detergent,4.5 l,4.5,l,4500.0,,Front + Top Load,480.0,449.0,9.977777777777778,,Mid Premium,6.46,6.458333333333334,4.3,463.0,Moderate,Valid,Valid,Available,100,Excellent,False,Amazon India,Amazon India,https://www.amazon.in/Ghadi-Smart-Detergent-Fragrance-Long-Lasting/dp/B0FP2R4HPP/ref=sr_1_44,https://m.media-amazon.com/images/I/71pBANJbH4L._AC_UL320_.jpg,2026-08-18,9.977777777777778,,Valid,Valid,Moderate
42,B0B8YKDCNN,Ujala,Ujala,Competitor,Not Team Thai,Ujala Top Load Liquid Detergent Super Saver 2L Refill Pack | Designed For Tough Dirt Removal | Superior Colour Care with Refreshing Fragrance | Ideal for Bucket Wash and Top Load Washing Machines,Liquid Detergent,2 l,2.0,l,2000.0,,Top Load,275.0,254.0,12.7,,Mass Market,7.64,7.636363636363637,4.3,1.0,Very Low,Valid,Valid,Available,100,Excellent,False,Amazon India,Amazon India,https://www.amazon.in/Ujala-Liquid-Detergent-Refill-machine/dp/B0B8YKDCNN/ref=sr_1_45,https://m.media-amazon.com/images/I/61vnpPgeEfL._AC_UL320_.jpg,2026-08-18,12.7,,Valid,Valid,Very Low
43,B0G2LLRV4B,Shimmer,Shimmer,Competitor,Not Team Thai,"Shimmer Liquid Detergent - 5L Pack | Non Toxic & Eco Friendly | Top Load & Front Load Expert | Removes Tough Stains | French Lavender Fragrance | Upgrade from Detergent Powder, No Residue on Clothes",Liquid Detergent,5 l,5.0,l,5000.0,,Front + Top Load,,650.0,13.0,,Premium,,,3.1,603.0,Moderate,Valid,Valid,Available,100,Excellent,False,Amazon India,Amazon India,https://www.amazon.in/Shimmer-Liquid-Detergent-Friendly-Fragrance/dp/B0G2LLRV4B/ref=sr_1_46,https://m.media-amazon.com/images/I/71Bu6kmO4BL._AC_UL320_.jpg,2026-08-18,13.0,,Missing,Valid,Moderate
44,B0DNX2PXZ3,Mr White,Mr White,Competitor,Not Team Thai,"Mr White Liquid Detergent 2L Super Saver Pack | Whiteness Boosters Gives Ultimate Whiteness | No Bleach Formula Keeps Clothes Bright & Safe | Ideal for Front Load, Top Load Machines and Bucket Wash",Liquid Detergent,2 l,2.0,l,2000.0,,Front + Top Load,,189.0,9.45,,Mass Market,,,4.2,1.0,Very Low,Valid,Valid,Available,100,Excellent,False,Amazon India,Amazon India,https://www.amazon.in/Mr-White-Detergent-Whiteness-Boosters/dp/B0DNX2PXZ3/ref=sr_1_47,https://m.media-amazon.com/images/I/712tIU-eFIL._AC_UL320_.jpg,2026-08-18,9.45,,Missing,Valid,Very Low
45,B0CV79KRMG,Presto,Presto,Competitor,Not Team Thai,Amazon Brand - Presto! Total Wash Matic Detergent Liquid | 5 Litre | Removes Tough Stains | Gentle On Clothes | Refreshing Fragrance | Liquid Detergent For Washing Machine And Hand Wash,Liquid Detergent,5 l,5.0,l,5000.0,,Hand Wash,800.0,599.0,11.98,,Mid Premium,25.12,25.125,4.2,4.0,Very Low,Valid,Valid,Available,100,Excellent,False,Amazon India,Amazon India,https://www.amazon.in/Amazon-Brand-Detergent-Refreshing-Fragrance/dp/B0CV79KRMG/ref=sr_1_48,https://m.media-amazon.com/images/I/61E6dXdSRlL._AC_UL320_.jpg,2026-08-18,11.98,,Valid,Valid,Very Low
46,B0DPX9FBC8,Surf Excel,Surf Excel,Competitor,Not Team Thai,"Surf Excel Matic Front Load Liquid Detergent 5Kg Refill Pouch, Specially designed to remove Tough Dried Stains, 1st time in Washing Machine",Liquid Detergent,5 kg,5.0,kg,,5000.0,Front Load,858.0,777.0,,15.54,Premium,9.44,9.44055944055944,4.4,5.0,Very Low,Valid,Valid,Available,100,Excellent,False,Amazon India,Amazon India,https://www.amazon.in/Surf-Excel-Detergent-Specially-designed/dp/B0DPX9FBC8/ref=sr_1_49,https://m.media-amazon.com/images/I/616R3X-B5cL._AC_UL320_.jpg,2026-08-18,,15.54,Valid,Valid,Very Low
47,B0BP65M3WY,Presto,Presto,Competitor,Not Team Thai,Amazon Brand - Presto! Matic Top Load Liquid Detergent | 5 Litre | Removes Tough Stains | Gentle On Clothes | Protects Fabric Color | Bleach-Free & Phosphate-Free,Liquid Detergent,5 l,5.0,l,5000.0,,Top Load,1000.0,689.0,13.78,,Premium,31.1,31.1,4.2,7.0,Very Low,Valid,Valid,Available,100,Excellent,False,Amazon India,Amazon India,https://www.amazon.in/Amazon-Brand-Presto-Detergent-Liquid/dp/B0BP65M3WY/ref=sr_1_50,https://m.media-amazon.com/images/I/61nxDDUicUL._AC_UL320_.jpg,2026-08-18,13.78,,Valid,Valid,Very Low
48,B0BV6CVXS1,Moon & Mount,Moon & Mount,Competitor,Not Team Thai,"Moon & Mount Garden Valley Liquid Detergent 6kg for Washing Machine | Enzyme-powered stain removal, color-safe, gentle on sensitive skin, 100+ washes, paraben-free, Top & Front Load ready",Liquid Detergent,6 kg,6.0,kg,,6000.0,Front Load,1298.0,530.88,,8.848,Mid Premium,59.1,59.10015408320493,4.1,2.0,Very Low,Valid,Valid,Available,100,Excellent,False,Amazon India,Amazon India,https://www.amazon.in/Moon-Mount-detergent-washing-machine/dp/B0BV6CVXS1/ref=sr_1_52,https://m.media-amazon.com/images/I/61ByolfYKeL._AC_UL320_.jpg,2026-08-18,,8.848,Valid,Valid,Very Low
49,B0HDPVWVXL,Liquid,Liquid,Competitor,Not Team Thai,"Liquid Detergent 10L, Lavender Fresh & Rose Fresh Fragrance, Powerful Stain Cleaning, Long Lasting Freshness, Suitable for Top Load & Front Load Washing Machines",Liquid Detergent,10 l,10.0,l,10000.0,,Front + Top Load,,,,,Unknown,,,,1.0,Very Low,Missing,Missing,Available,65,Needs Review,False,Amazon India,Amazon India,https://www.amazon.in/Flexfive-Detergent-Lavender-Fragrance-Freshness/dp/B0HDPVWVXL/ref=sr_1_53,https://m.media-amazon.com/images/I/610dLVANovL._AC_UL320_.jpg,2026-08-18,,,Missing,Valid,Very Low
50,B089DTNXQH,Ariel,Ariel,Competitor,Not Team Thai,"Ariel Matic Liquid Detergent, Top Load, 1 Litre",Liquid Detergent,1 l,1.0,l,1000.0,,Top Load,,215.0,21.5,,Mass Market,,,4.5,5.0,Very Low,Valid,Valid,Available,100,Excellent,False,Amazon India,Amazon India,https://www.amazon.in/Ariel-Matic-Liquid-Detergent-Litre/dp/B089DTNXQH/ref=sr_1_54,https://m.media-amazon.com/images/I/61EV2o+eA9L._AC_UL320_.jpg,2026-08-18,21.5,,Missing,Valid,Very Low
51,B083RHLS2B,Ifb,IFB,Competitor,Not Team Thai,IFB essentials Top Load Liquid Detergent - 880 ml (Pack of 2),Liquid Detergent,880 ml,880.0,ml,880.0,,Top Load,640.0,605.0,68.75,,Premium,5.47,5.46875,4.4,2.0,Very Low,Valid,Valid,Available,100,Excellent,False,Amazon India,Amazon India,https://www.amazon.in/IFB-Liquid-Detergent-Washing-Machine/dp/B083RHLS2B/ref=sr_1_55,https://m.media-amazon.com/images/I/61QSpnjUDHL._AC_UL320_.jpg,2026-08-18,68.75,,Valid,Valid,Very Low
52,B0DN9YBZSB,Qssiy,Qssiy,Competitor,Not Team Thai,"Qssiy Liquid Laundry Detergent Can, Lavender, Concentrated Stain Remover for Hand & Machine Wash",Liquid Detergent,Unknown,,,,,Not Specified,749.0,349.0,,,Mid Premium,53.4,53.40453938584779,3.8,3.0,Very Low,Valid,Valid,Missing,85,Good,False,Amazon India,Amazon India,https://www.amazon.in/Qssiy-Detergent-Suitable-Washing-Lavender/dp/B0DN9YBZSB/ref=sr_1_56,https://m.media-amazon.com/images/I/41gdpWo6VhL._AC_UL320_.jpg,2026-08-18,,,Valid,Valid,Very Low
53,B0DYDQV2P4,Ariel,Ariel,Competitor,Not Team Thai,Ariel Power Gel Liquid Detergent for Top Load & Semi Auto – 900g with Lavender Fragrance | Removes 100 Dried Stains in 1 Wash | Faster Dissolving |Color Protection | At the price of Powders,Liquid Detergent,900 g,900.0,g,,900.0,Top Load,250.0,225.0,,25.0,Mass Market,10.0,10.0,4.4,504.0,Moderate,Valid,Valid,Available,100,Excellent,False,Amazon India,Amazon India,https://www.amazon.in/Ariel-Liquid-Detergent-Load-dried/dp/B0DYDQV2P4/ref=sr_1_57,https://m.media-amazon.com/images/I/616OsaCL-dL._AC_UL320_.jpg,2026-08-18,,25.0,Valid,Valid,Moderate
54,B0BD8V1NRY,Koparo,Koparo,Competitor,Not Team Thai,"Koparo Liquid Detergent | 2 Litre | Top Load & Front Load Washing Machine Liquid Detergent | Organic Bio-Enzymes Laundry Detergent | Tough on Stains, Safe for Kids & Sensitive Skin | Lavender",Liquid Detergent,2 l,2.0,l,2000.0,,Front + Top Load,585.0,266.0,13.3,,Mass Market,54.53,54.52991452991453,4.3,1.0,Very Low,Valid,Valid,Available,100,Excellent,False,Amazon India,Amazon India,https://www.amazon.in/Koparo-Natural-Laundry-Liquid-Detergent/dp/B0BD8V1NRY/ref=sr_1_58,https://m.media-amazon.com/images/I/71wn9OSxgUL._AC_UL320_.jpg,2026-08-18,13.3,,Valid,Valid,Very Low
55,B08JM14DR1,Shatras,Shatras,Competitor,Not Team Thai,"Shatras Liquid Detergent 5 L – Laundry Liquid for Fabric Care, Suitable for Top Load & Front Load Washing Machines and Hand Wash, Concentrated Laundry Detergent",Liquid Detergent,5 l,5.0,l,5000.0,,Front + Top Load,1499.0,332.0,6.64,,Mid Premium,77.85,77.85190126751166,3.9,5.0,Very Low,Valid,Valid,Available,100,Excellent,False,Amazon India,Amazon India,https://www.amazon.in/Shatras-Detergent-Suitable-Top-Load-Concentrated/dp/B08JM14DR1/ref=sr_1_59,https://m.media-amazon.com/images/I/61ru2PNHntL._AC_UL320_.jpg,2026-08-18,6.64,,Valid,Valid,Very Low
56,B0GX756Q6V,Presto,Presto,Competitor,Not Team Thai,Amazon Brand - Presto! Active Wash Liquid Detergent Refill Pack 5L | Floral Scent | Powerful Stain Removal for Machine Wash,Liquid Detergent,5 l,5.0,l,5000.0,,Not Specified,859.0,439.0,8.780000000000001,,Mid Premium,48.89,48.89406286379512,4.2,1.0,Very Low,Valid,Valid,Available,100,Excellent,False,Amazon India,Amazon India,https://www.amazon.in/Amazon-Brand-Detergent-Powerful-Removal/dp/B0GX756Q6V/ref=sr_1_60,https://m.media-amazon.com/images/I/71dO4TPa63L._AC_UL320_.jpg,2026-08-18,8.780000000000001,,Valid,Valid,Very Low
57,FLIP_0001,Ariel,Ariel,Competitor,Not Team Thai,"Ariel Topload Stain Fresh Liquid Detergent 4 kg 4.4(23,044) ₹865₹99913% off Lowest price since launch",Liquid Detergent,4 kg,4.0,kg,,4000.0,Not Specified,999.0,865.0,,21.625,Premium,13.0,13.413413413413414,4.4,23044.0,Very High,Valid,Valid,Available,100,Excellent,False,Flipkart,Flipkart,https://www.flipkart.com/ariel-topload-stain-fresh-liquid-detergent/p/itm63dd807891d0f?pid=LDGGXAU7RW9P3HHT&lid=LSTLDGGXAU7RW9P3HHTFCZFG4&marketplace=FLIPKART&q=liquid+detergent&store=rja%2Fplv%2Fxdq&srno=s_1_4&otracker=search&fm=organic&iid=31403ccf-c8b1-4fd8-bf35-8b00e2324dcf.LDGGXAU7RW9P3HHT.SEARCH&ppt=None&ppn=None&ssid=hvq3bdkw400000001786987994324&qH=3797422074e1f609&ov_redirect=true&ov_redirect=true,https://rukminim2.flixcart.com/image/612/612/xif0q/liquid-detergent/y/p/l/-enriched-transparent-original-imahjhtyhjur2zej.png?q=70,17-08-26,,21.625,Valid,Valid,Very High
58,FLIP_0002,Aliance,Aliance,Competitor,Not Team Thai,aliance Liquid Ditergent Classic Liquid Detergent 4 L ₹377₹99962% off,Liquid Detergent,4 L,4.0,l,4000.0,,Not Specified,999.0,377.0,9.425,,Mid Premium,62.0,62.262262262262254,,0.0,No Reviews,Valid,No Rating,Available,90,Excellent,False,Flipkart,Flipkart,https://www.flipkart.com/aliance-liquid-ditergent-classic-detergent/p/itmf93914b03aee4?pid=LDGHQFZNJKAFBHGX&lid=LSTLDGHQFZNJKAFBHGXVKXJ6K&marketplace=FLIPKART&q=liquid+detergent&store=rja%2Fplv%2Fxdq&srno=s_1_2&otracker=search&fm=organic&iid=en_BNDD0J28B0AoUU9oHudBVeDBE00j1gTnTeOTHW6c1qzbLM4YwWopkAFxjunBM-6VXqUGSJ05fOw8CPzlY_BE1ctPkfJEwBENYAgXFJ-taCAiCgOnHcbFaDFBLbfA_Sxe&ppt=None&ppn=None&ssid=hvq3bdkw400000001786987994324&qH=3797422074e1f609&ov_redirect=true&ov_redirect=true,https://rukminim2.flixcart.com/image/612/612/xif0q/liquid-detergent/u/q/7/4-liquid-ditergent-aliance-original-imahqfzm3s2h3jys.jpeg?q=70,17-08-26,9.425,,Valid,Valid,No Reviews
59,FLIP_0003,Dhaxi,Dhaxi,Competitor,Not Team Thai,"Dhaxi TOP LOAD AND FRONT LOAD LAUNDRY DETERGENT LIQUID ... 2 x 5 L 4.2(12) ₹306₹1,19974% off Only few left",Liquid Detergent,2 x 5 L,5.0,l,5000.0,,Front + Top Load,1199.0,306.0,6.12,,Mid Premium,74.0,74.47873227689742,4.2,12.0,Low,Valid,Valid,Available,100,Excellent,False,Flipkart,Flipkart,https://www.flipkart.com/dhaxi-top-load-front-laundry-detergent-liquid-rose/p/itm12a1f06e47acb?pid=LDGHBFYB9GGHEJWP&lid=LSTLDGHBFYB9GGHEJWPFPCJZM&marketplace=FLIPKART&q=liquid+detergent&store=rja%2Fplv%2Fxdq&srno=s_1_3&otracker=search&fm=organic&iid=31403ccf-c8b1-4fd8-bf35-8b00e2324dcf.LDGHBFYB9GGHEJWP.SEARCH&ppt=None&ppn=None&ssid=hvq3bdkw400000001786987994324&qH=3797422074e1f609&ov_redirect=true&ov_redirect=true,https://rukminim2.flixcart.com/image/612/612/xif0q/liquid-detergent/n/e/s/10-top-load-and-front-load-laundry-detergent-liquid-dhaxi-original-imahcrq8hkanthgg.jpeg?q=70,17-08-26,6.12,,Valid,Valid,Low
62,FLIP_0006,Luvion,Luvion,Competitor,Not Team Thai,LUVION Liquid Detergent Pro | Fabric Care | Lily Fresh ... 500 ml ₹174₹49965% off Only few left,Liquid Detergent,500 ml,500.0,ml,500.0,,Not Specified,499.0,174.0,34.8,,Mass Market,65.0,65.13026052104209,,0.0,No Reviews,Valid,No Rating,Available,90,Excellent,False,Flipkart,Flipkart,https://www.flipkart.com/luvion-liquid-detergent-pro-fabric-care-lily-fresh/p/itmb0e72fd385229?pid=LDGHZX5VEYBVGAFK&lid=LSTLDGHZX5VEYBVGAFKG8DFXP&marketplace=FLIPKART&q=liquid+detergent&store=rja%2Fplv%2Fxdq&srno=s_1_8&otracker=search&fm=organic&iid=31403ccf-c8b1-4fd8-bf35-8b00e2324dcf.LDGHZX5VEYBVGAFK.SEARCH&ppt=None&ppn=None&ssid=hvq3bdkw400000001786987994324&qH=3797422074e1f609&ov_redirect=true&ov_redirect=true,https://rukminim2.flixcart.com/image/612/612/xif0q/liquid-detergent/l/6/t/500-liquid-detergent-pro-fabric-care-lily-fresh-luvion-original-imahzx3r2hhzfduk.jpeg?q=70,17-08-26,34.8,,Valid,Valid,No Reviews
64,FLIP_0008,Ifb,IFB,Competitor,Not Team Thai,"Front Load ifb Fluff Essentials Liquid Detergent |Tough... 10 x 100 ml 5(19) ₹1,990₹3,60044% off Only few left",Liquid Detergent,10 x 100 ml,100.0,ml,100.0,,Front Load,3600.0,1990.0,1990.0,,Luxury / High Premium,44.0,44.72222222222222,5.0,19.0,Low,Valid,Valid,Available,100,Excellent,False,Flipkart,Flipkart,https://www.flipkart.com/front-load-ifb-fluff-essentials-liquid-detergent-tough-stain-remover/p/itmd82f741283872?pid=LDGHPHFHGFPGMWW6&lid=LSTLDGHPHFHGFPGMWW6TSOPY8&marketplace=FLIPKART&q=liquid+detergent&store=rja%2Fplv%2Fxdq&srno=s_1_10&otracker=search&fm=organic&iid=31403ccf-c8b1-4fd8-bf35-8b00e2324dcf.LDGHPHFHGFPGMWW6.SEARCH&ppt=None&ppn=None&ssid=hvq3bdkw400000001786987994324&qH=3797422074e1f609&ov_redirect=true&ov_redirect=true,https://rukminim2.flixcart.com/image/612/612/xif0q/liquid-detergent/r/t/x/10-ifb-fluff-essentials-liquid-detergent-tough-stain-remover-original-imahp7c4kxm3gzhs.jpeg?q=70,17-08-26,1990.0,,Valid,Valid,Low
66,FLIP_0010,Justmixx,Justmixx,Competitor,Not Team Thai,Justmixx Home Care Combo | DIY Detergent Liquid + DIY D... 2 kg 4.3(15) ₹724₹99827% off Only few left,Liquid Detergent,2 kg,2.0,kg,,2000.0,Not Specified,998.0,724.0,,36.2,Premium,27.0,27.45490981963928,4.3,15.0,Low,Valid,Valid,Available,100,Excellent,False,Flipkart,Flipkart,https://www.flipkart.com/justmixx-home-care-combo-diy-detergent-liquid-dishwash-1kg-each-makes-5l/p/itm8947043c4c43f?pid=LDGHZPFUPXEHYPM2&lid=LSTLDGHZPFUPXEHYPM2VY3LTY&marketplace=FLIPKART&q=liquid+detergent&store=rja%2Fplv%2Fxdq&srno=s_1_13&otracker=search&fm=organic&iid=31403ccf-c8b1-4fd8-bf35-8b00e2324dcf.LDGHZPFUPXEHYPM2.SEARCH&ppt=None&ppn=None&ssid=hvq3bdkw400000001786987994324&qH=3797422074e1f609&ov_redirect=true&ov_redirect=true,https://rukminim2.flixcart.com/image/612/612/xif0q/liquid-detergent/c/e/3/2-home-care-combo-diy-detergent-liquid-diy-dishwash-liquid-1kg-original-imahzrmrc5rywysw.jpeg?q=70,17-08-26,,36.2,Valid,Valid,Low
67,FLIP_0011,Sukruti,Sukruti,Competitor,Not Team Thai,sukruti Liquid Detergent | Transparent | N1M2 | 5 Ltr A... 5000 ml ₹222₹89975% off Only few left,Liquid Detergent,5000 ml,5000.0,ml,5000.0,,Not Specified,899.0,222.0,4.44,,Mass Market,75.0,75.3058954393771,,0.0,No Reviews,Valid,No Rating,Available,90,Excellent,False,Flipkart,Flipkart,https://www.flipkart.com/sukruti-liquid-detergent-transparent-n1m2-5-ltr-aqua/p/itma2c5be3bf939a?pid=LDGHZJYGUH6VCGFR&lid=LSTLDGHZJYGUH6VCGFRPC24R5&marketplace=FLIPKART&q=liquid+detergent&store=rja%2Fplv%2Fxdq&srno=s_1_14&otracker=search&fm=organic&iid=31403ccf-c8b1-4fd8-bf35-8b00e2324dcf.LDGHZJYGUH6VCGFR.SEARCH&ppt=None&ppn=None&ssid=hvq3bdkw400000001786987994324&qH=3797422074e1f609&ov_redirect=true&ov_redirect=true,https://rukminim2.flixcart.com/image/612/612/xif0q/liquid-detergent/f/s/f/5000-liquid-detergent-transparent-n1m2-5-ltr-sukruti-original-imahzjyg44ze7maq.jpeg?q=70,17-08-26,4.44,,Valid,Valid,No Reviews
68,FLIP_0012,Ariel,Ariel,Competitor,Not Team Thai,Ariel Power Gel Liquid Detergent Top Load & Semi-Automa... 3 kg 4.5(416) ₹357₹46923% off Value 365,Liquid Detergent,3 kg,3.0,kg,,3000.0,Top Load,469.0,357.0,,11.9,Mid Premium,23.0,23.88059701492537,4.5,416.0,Moderate,Valid,Valid,Available,100,Excellent,False,Flipkart,Flipkart,https://www.flipkart.com/ariel-power-gel-liquid-detergent-top-load-semi-automatic-washing-machines-fresh/p/itmd992725eb5fe1?pid=LDGHZFDQNMB6Z3ZW&lid=LSTLDGHZFDQNMB6Z3ZWOBSVWJ&marketplace=FLIPKART&q=liquid+detergent&store=rja%2Fplv%2Fxdq&srno=s_1_15&otracker=search&fm=organic&iid=31403ccf-c8b1-4fd8-bf35-8b00e2324dcf.LDGHZFDQNMB6Z3ZW.SEARCH&ppt=None&ppn=None&ssid=hvq3bdkw400000001786987994324&qH=3797422074e1f609&ov_redirect=true&ov_redirect=true,https://rukminim2.flixcart.com/image/612/612/xif0q/liquid-detergent/o/e/n/-original-imahzpsf3gacujbn.jpeg?q=70,17-08-26,,11.9,Valid,Valid,Moderate
69,FLIP_0013,Ariel,Ariel,Competitor,Not Team Thai,Ariel Power Gel Liquid Detergent Front Load Fresh Liqui... 3 kg 4.4(277) ₹438₹54519% off Value 365,Liquid Detergent,3 kg,3.0,kg,,3000.0,Front Load,545.0,438.0,,14.6,Mid Premium,19.0,19.63302752293578,4.4,277.0,Moderate,Valid,Valid,Available,100,Excellent,False,Flipkart,Flipkart,https://www.flipkart.com/ariel-power-gel-liquid-detergent-front-load-fresh/p/itm7e9d9f26d92fe?pid=LDGHZFDQHZ7FC9JE&lid=LSTLDGHZFDQHZ7FC9JEZQT6DW&marketplace=FLIPKART&q=liquid+detergent&store=rja%2Fplv%2Fxdq&srno=s_1_16&otracker=search&fm=organic&iid=31403ccf-c8b1-4fd8-bf35-8b00e2324dcf.LDGHZFDQHZ7FC9JE.SEARCH&ppt=None&ppn=None&ssid=hvq3bdkw400000001786987994324&qH=3797422074e1f609&ov_redirect=true&ov_redirect=true,https://rukminim2.flixcart.com/image/612/612/xif0q/liquid-detergent/c/e/v/-original-imahzpsf2wcztt5m.jpeg?q=70,17-08-26,,14.6,Valid,Valid,Moderate
70,FLIP_0014,Velviya,Velviya,Competitor,Not Team Thai,"VELVIYA liquid detergent Blue for all type of cloth, to... 5000 ml 3.6(95) ₹158₹89982% off Hot Deal",Liquid Detergent,5000 ml,5000.0,ml,5000.0,,Not Specified,899.0,158.0,3.16,,Mass Market,82.0,82.42491657397107,3.6,95.0,Low,Valid,Valid,Available,100,Excellent,False,Flipkart,Flipkart,https://www.flipkart.com/velviya-liquid-detergent-blue-all-type-cloth-top-front-load-machine-lavender/p/itm012090ad4b85c?pid=LDGHF7CJZTSGM5PC&lid=LSTLDGHF7CJZTSGM5PCISMUD1&marketplace=FLIPKART&q=liquid+detergent&store=rja%2Fplv%2Fxdq&srno=s_1_18&otracker=search&fm=organic&iid=en_BNDD0J28B0AoUU9oHudBVeDBE00j1gTnTeOTHW6c1qwEhk9mnMchN_fkM9sE_LEGNBbnfe6fgyOumbjVkA0RY4lXLrwjXkXuVPttGQFtJgY2OzYdadjAKVgRryQeVIhV&ppt=None&ppn=None&ssid=hvq3bdkw400000001786987994324&qH=3797422074e1f609&ov_redirect=true&ov_redirect=true,https://rukminim2.flixcart.com/image/612/612/xif0q/liquid-detergent/p/a/k/5000-liquid-detergent-blue-for-all-type-of-cloth-top-and-front-original-imahf7cjzwftarmj.jpeg?q=70,17-08-26,3.16,,Valid,Valid,Low
72,FLIP_0016,K2Square,K2Square,Competitor,Not Team Thai,"K2SQUARE Concentrated Liquid Detergent for Fabric Care,... 5 L 4(1,898) ₹253₹1,29980% off Hot Deal",Liquid Detergent,5 L,5.0,l,5000.0,,Not Specified,1299.0,253.0,5.06,,Mass Market,80.0,80.52347959969207,4.0,1898.0,High,Valid,Valid,Available,100,Excellent,False,Flipkart,Flipkart,https://www.flipkart.com/k2square-concentrated-liquid-detergent-fabric-care-long-lasting-fragrance-lavender/p/itmc72eef66eb157?pid=LDGGTS8GRAQHYVSV&lid=LSTLDGGTS8GRAQHYVSVLYMEBU&marketplace=FLIPKART&q=liquid+detergent&store=rja%2Fplv%2Fxdq&srno=s_1_20&otracker=search&fm=organic&iid=31403ccf-c8b1-4fd8-bf35-8b00e2324dcf.LDGGTS8GRAQHYVSV.SEARCH&ppt=None&ppn=None&ssid=hvq3bdkw400000001786987994324&qH=3797422074e1f609&ov_redirect=true&ov_redirect=true,https://rukminim2.flixcart.com/image/612/612/xif0q/liquid-detergent/e/l/x/5-concentrated-liquid-detergent-for-fabric-care-with-long-original-imah7kzfaapjcfqz.jpeg?q=70,17-08-26,5.06,,Valid,Valid,High
73,FLIP_0017,Duqer,Duqer,Competitor,Not Team Thai,DUQER DQ-LIQUID 5KG Lavender Liquid Detergent 5 kg ₹270₹39932% off,Liquid Detergent,5KG,5.0,kg,,5000.0,Not Specified,399.0,270.0,,5.4,Mass Market,32.0,32.33082706766917,,0.0,No Reviews,Valid,No Rating,Available,90,Excellent,False,Flipkart,Flipkart,https://www.flipkart.com/duqer-dq-liquid-5kg-lavender-liquid-detergent/p/itm949cbe99639ac?pid=LDGHPX2FGGCKDQAZ&lid=LSTLDGHPX2FGGCKDQAZU5YGLD&marketplace=FLIPKART&q=liquid+detergent&store=rja%2Fplv%2Fxdq&srno=s_1_22&otracker=search&fm=organic&iid=en_BNDD0J28B0AoUU9oHudBVeDBE00j1gTnTeOTHW6c1qxH1yaQl1ptzWHiuT0fVrAQ0b4JN-jMEV87lZ9J3RahmfRV4qN6NnwJP2axm8sRX_A2OzYdadjAKVgRryQeVIhV&ppt=None&ppn=None&ssid=hvq3bdkw400000001786987994324&qH=3797422074e1f609&ov_redirect=true&ov_redirect=true,https://rukminim2.flixcart.com/image/612/612/xif0q/liquid-detergent/e/5/b/4999-matic-liquid-detergent-5l-duqer-original-imahpsdvb4bn82hz.jpeg?q=70,17-08-26,,5.4,Valid,Valid,No Reviews
74,FLIP_0018,Reldor,Reldor,Competitor,Not Team Thai,"RELDOR Liquid Detergent 5L, For Hand Wash, Front and To... 5 L 3.8(3,963) ₹117₹1,09989% off Hot Deal",Liquid Detergent,5L,5.0,l,5000.0,,Hand Wash,1099.0,117.0,2.34,,Budget,89.0,89.35395814376706,3.8,3963.0,High,Valid,Valid,Available,100,Excellent,False,Flipkart,Flipkart,https://www.flipkart.com/reldor-liquid-detergent-5l-hand-wash-front-top-load-washing-machine-lavender/p/itm8a4e628580c60?pid=LDGGYJMACF9WHDEQ&lid=LSTLDGGYJMACF9WHDEQVN4QUQ&marketplace=FLIPKART&q=liquid+detergent&store=rja%2Fplv%2Fxdq&srno=s_1_24&otracker=search&fm=organic&iid=31403ccf-c8b1-4fd8-bf35-8b00e2324dcf.LDGGYJMACF9WHDEQ.SEARCH&ppt=None&ppn=None&ssid=hvq3bdkw400000001786987994324&qH=3797422074e1f609&ov_redirect=true&ov_redirect=true,https://rukminim2.flixcart.com/image/612/612/xif0q/liquid-detergent/4/2/4/5-liquid-detergent-5l-for-hand-wash-front-and-top-load-washing-original-imahfpq5xgxxsmc5.jpeg?q=70,17-08-26,2.34,,Valid,Valid,High
75,FLIP_0019,Cleannxo,Cleannxo,Competitor,Not Team Thai,"cleannxo Lavender Liquid Detergent 5L | Machine Wash | ... 5 L ₹174₹1,29986% off Only few left",Liquid Detergent,5L,5.0,l,5000.0,,Not Specified,1299.0,174.0,3.4799999999999995,,Mass Market,86.0,86.60508083140877,,0.0,No Reviews,Valid,No Rating,Available,90,Excellent,False,Flipkart,Flipkart,https://www.flipkart.com/cleannxo-lavender-liquid-detergent-5l-machine-wash-fabric-care-formula/p/itm0df5d2e7f1711?pid=LDGHPGD5HBDTX7CP&lid=LSTLDGHPGD5HBDTX7CPXG0VSJ&marketplace=FLIPKART&q=liquid+detergent&store=rja%2Fplv%2Fxdq&srno=s_1_25&otracker=search&fm=organic&iid=31403ccf-c8b1-4fd8-bf35-8b00e2324dcf.LDGHPGD5HBDTX7CP.SEARCH&ppt=None&ppn=None&ssid=hvq3bdkw400000001786987994324&qH=3797422074e1f609&ov_redirect=true&ov_redirect=true,https://rukminim2.flixcart.com/image/612/612/xif0q/liquid-detergent/j/t/p/10-lavender-liquid-detergent-10l-machine-wash-fabric-care-original-imahpg2rjhyf9cce.jpeg?q=70,17-08-26,3.4799999999999995,,Valid,Valid,No Reviews
76,FLIP_0020,Flisko,Flisko,Competitor,Not Team Thai,Flisko Lavender Fresh Liquid Detergent 5L | Tough Stain... 5 L 4.5(71) ₹248₹79968% off Only few left,Liquid Detergent,5L,5.0,l,5000.0,,Not Specified,799.0,248.0,4.96,,Mass Market,68.0,68.96120150187734,4.5,71.0,Low,Valid,Valid,Available,100,Excellent,False,Flipkart,Flipkart,https://www.flipkart.com/flisko-lavender-fresh-liquid-detergent-5l-tough-stain-remover-front-top-load/p/itm3a4c9bf753c7e?pid=LDGHPBQGDK38PYHT&lid=LSTLDGHPBQGDK38PYHT6VXUSN&marketplace=FLIPKART&q=liquid+detergent&store=rja%2Fplv%2Fxdq&srno=s_1_26&otracker=search&fm=organic&iid=31403ccf-c8b1-4fd8-bf35-8b00e2324dcf.LDGHPBQGDK38PYHT.SEARCH&ppt=None&ppn=None&ssid=hvq3bdkw400000001786987994324&qH=3797422074e1f609&ov_redirect=true&ov_redirect=true,https://rukminim2.flixcart.com/image/612/612/xif0q/liquid-detergent/c/x/z/5-lavender-fresh-liquid-detergent-5l-tough-stain-remover-front-original-imahpcybfrvxqxqz.jpeg?q=70,17-08-26,4.96,,Valid,Valid,Low
77,FLIP_0021,Staypure,Staypure,Competitor,Not Team Thai,"Staypure SP012 Multi-Fragrance Liquid Detergent 3 x 333.33 ml 4.1(48) ₹1,369₹1,64916% off Lowest price since launch",Liquid Detergent,3 x 333.33 ml,333.33,ml,333.33,,Not Specified,1649.0,1369.0,410.7041070410705,,Luxury / High Premium,16.0,16.979987871437235,4.1,48.0,Low,Valid,Valid,Available,100,Excellent,False,Flipkart,Flipkart,https://www.flipkart.com/staypure-sp012-multi-fragrance-liquid-detergent/p/itm6af73aabb115a?pid=LDGHNHG7G9HTBP7J&lid=LSTLDGHNHG7G9HTBP7JWHY8A7&marketplace=FLIPKART&q=liquid+detergent&store=rja%2Fplv%2Fxdq&srno=s_1_27&otracker=search&fm=organic&iid=en_BNDD0J28B0AoUU9oHudBVeDBE00j1gTnTeOTHW6c1qwE4CFEWKMGzfD_lTcxZrs_5uIqRY-EGBJtVL29SEMfOWYtJfIyKViJfuyyd3U2TjI2OzYdadjAKVgRryQeVIhV&ppt=None&ppn=None&ssid=hvq3bdkw400000001786987994324&qH=3797422074e1f609&ov_redirect=true&ov_redirect=true,https://rukminim2.flixcart.com/image/612/612/xif0q/liquid-detergent/f/r/w/1000-sp012-staypure-original-imahnhg7fvwqqsah.jpeg?q=70,17-08-26,410.7041070410705,,Valid,Valid,Low
78,FLIP_0022,Cleancraft,Cleancraft,Competitor,Not Team Thai,CleanCraft Lequid Detergent Rose 5L Rose Liquid Deterge... 5 L 5(11) ₹247₹99975% off,Liquid Detergent,5L,5.0,l,5000.0,,Not Specified,999.0,247.0,4.94,,Mass Market,75.0,75.27527527527528,5.0,11.0,Low,Valid,Valid,Available,100,Excellent,False,Flipkart,Flipkart,https://www.flipkart.com/cleancraft-lequid-detergent-rose-5l-liquid/p/itm508d112f9b337?pid=LDGHZW3Y9WPRWRMG&lid=LSTLDGHZW3Y9WPRWRMG3LIFJ2&marketplace=FLIPKART&q=liquid+detergent&store=rja%2Fplv%2Fxdq&srno=s_1_28&otracker=search&fm=organic&iid=en_BNDD0J28B0AoUU9oHudBVeDBE00j1gTnTeOTHW6c1qzg0wUrdc8leEFEcWH5uEJGQZNCutwp1kw33tMio1wg4gH4AsSrxyFyjrlxRTbWwPs2OzYdadjAKVgRryQeVIhV&ppt=None&ppn=None&ssid=hvq3bdkw400000001786987994324&qH=3797422074e1f609&ov_redirect=true&ov_redirect=true,https://rukminim2.flixcart.com/image/612/612/xif0q/liquid-detergent/d/d/5/5-lequid-detergent-rose-5l-cleancraft-original-imahzw3y6aqtmdgg.jpeg?q=70,17-08-26,4.94,,Valid,Valid,Low
79,FLIP_0023,Justmixx,Justmixx,Competitor,Not Team Thai,"Justmixx Complete Care Combo|DIY Detergent Liquid + Dis... 3 x 0.33 kg 4.6(17) ₹1,091₹1,59731% off Only few left",Liquid Detergent,3 x 0.33 kg,0.33,kg,,330.0,Not Specified,1597.0,1091.0,,330.6060606060606,Luxury / High Premium,31.0,31.684408265497808,4.6,17.0,Low,Valid,Valid,Available,100,Excellent,False,Flipkart,Flipkart,https://www.flipkart.com/justmixx-complete-care-combo-diy-detergent-liquid-dishwash-fabric-conditioner/p/itm37aa1d6f13e60?pid=LDGHZPMKAEYXSDEQ&lid=LSTLDGHZPMKAEYXSDEQKTQHH0&marketplace=FLIPKART&q=liquid+detergent&store=rja%2Fplv%2Fxdq&srno=s_1_30&otracker=search&fm=organic&iid=31403ccf-c8b1-4fd8-bf35-8b00e2324dcf.LDGHZPMKAEYXSDEQ.SEARCH&ppt=None&ppn=None&ssid=hvq3bdkw400000001786987994324&qH=3797422074e1f609&ov_redirect=true&ov_redirect=true,https://rukminim2.flixcart.com/image/612/612/xif0q/liquid-detergent/j/d/q/1-complete-care-combo-diy-detergent-liquid-dishwash-liquid-original-imahztv8b6jguxhr.jpeg?q=70,17-08-26,,330.6060606060606,Valid,Valid,Low
80,FLIP_0024,Borees,Borees,Competitor,Not Team Thai,Borees Machine Wash Liquid Detergent 5L Deep Clean Fres... 5 L 5(47) ₹213₹79973% off,Liquid Detergent,5L,5.0,l,5000.0,,Not Specified,799.0,213.0,4.26,,Mass Market,73.0,73.34167709637046,5.0,47.0,Low,Valid,Valid,Available,100,Excellent,False,Flipkart,Flipkart,https://www.flipkart.com/borees-machine-wash-liquid-detergent-5l-deep-clean-fresh-fragrance-fabric-care-formula-lavender/p/itm8fd24038a00bd?pid=LDGHPSFQWWPT2BGH&lid=LSTLDGHPSFQWWPT2BGH9EWLVF&marketplace=FLIPKART&q=liquid+detergent&store=rja%2Fplv%2Fxdq&srno=s_1_32&otracker=search&fm=organic&iid=en_BNDD0J28B0AoUU9oHudBVeDBE00j1gTnTeOTHW6c1qzcftfBu54b6ElJaBWVgOGjvOnCU4BW1mZ65Ai4tw3IBSnrCdUEcLXhwhFQDR2ztGo2OzYdadjAKVgRryQeVIhV&ppt=None&ppn=None&ssid=hvq3bdkw400000001786987994324&qH=3797422074e1f609&ov_redirect=true&ov_redirect=true,https://rukminim2.flixcart.com/image/612/612/xif0q/liquid-detergent/u/z/y/5-machine-wash-liquid-detergent-5l-deep-clean-fresh-fragrance-original-imahpsfjarje477r.jpeg?q=70,17-08-26,4.26,,Valid,Valid,Low
82,FLIP_0026,Fressho,Fressho,Competitor,Not Team Thai,"Fressho Detergent Liquid & Dishwash Gel Readymix Combo ... 2 x 825 g 4.3(429) ₹667₹1,59958% off Lowest price since launch",Liquid Detergent,2 x 825 g,825.0,g,,825.0,Not Specified,1599.0,667.0,,80.84848484848484,Premium,58.0,58.28642901813633,4.3,429.0,Moderate,Valid,Valid,Available,100,Excellent,False,Flipkart,Flipkart,https://www.flipkart.com/fressho-detergent-liquid-dishwash-gel-readymix-combo-makes-up-10-litres-fresh/p/itm064e183482d00?pid=LDGHM54ZCF33TXRY&lid=LSTLDGHM54ZCF33TXRYW0ZBHD&marketplace=FLIPKART&q=liquid+detergent&store=rja%2Fplv%2Fxdq&srno=s_1_34&otracker=search&fm=organic&iid=31403ccf-c8b1-4fd8-bf35-8b00e2324dcf.LDGHM54ZCF33TXRY.SEARCH&ppt=None&ppn=None&ssid=hvq3bdkw400000001786987994324&qH=3797422074e1f609&ov_redirect=true&ov_redirect=true,https://rukminim2.flixcart.com/image/612/612/xif0q/liquid-detergent/u/k/l/1650-detergent-liquid-dishwash-gel-readymix-combo-makes-up-to-10-original-imahm54zz6keptmx.jpeg?q=70,17-08-26,,80.84848484848484,Valid,Valid,Moderate
83,FLIP_0027,Justmixx,Justmixx,Competitor,Not Team Thai,Justmixx DIY Detergent Liquid Paste | 1kg Makes 5L | To... 1 kg 4.4(35) ₹433₹49913% off Only few left,Liquid Detergent,5L,5.0,l,5000.0,,Not Specified,499.0,433.0,8.66,,Mid Premium,13.0,13.226452905811623,4.4,35.0,Low,Valid,Valid,Available,100,Excellent,False,Flipkart,Flipkart,https://www.flipkart.com/justmixx-diy-detergent-liquid-paste-1kg-makes-5l-top-load-front-fresh/p/itm1c5197e917abb?pid=LDGHZPG467UDMPBS&lid=LSTLDGHZPG467UDMPBS04IS99&marketplace=FLIPKART&q=liquid+detergent&store=rja%2Fplv%2Fxdq&srno=s_1_36&otracker=search&fm=organic&iid=31403ccf-c8b1-4fd8-bf35-8b00e2324dcf.LDGHZPG467UDMPBS.SEARCH&ppt=None&ppn=None&ssid=hvq3bdkw400000001786987994324&qH=3797422074e1f609&ov_redirect=true&ov_redirect=true,https://rukminim2.flixcart.com/image/612/612/xif0q/liquid-detergent/5/d/1/1-diy-detergent-liquid-paste-1kg-makes-5l-top-load-front-load-original-imahzpcfhq2fkqf7.jpeg?q=70,17-08-26,8.66,,Valid,Valid,Low
85,FLIP_0029,Iszk,Iszk,Competitor,Not Team Thai,ISZK Liquid Detergent 10L Liquid Detergent for Washing ... 2 x 5 L 3(5) ₹315₹99968% off Only few left,Liquid Detergent,2 x 5 L,5.0,l,5000.0,,Not Specified,999.0,315.0,6.3,,Mid Premium,68.0,68.46846846846847,3.0,5.0,Very Low,Valid,Valid,Available,100,Excellent,False,Flipkart,Flipkart,https://www.flipkart.com/iszk-liquid-detergent-10l-washing-machines-balanced-ph-lavender/p/itmcfaed6db999a2?pid=LDGHJGGNQNU4GZKF&lid=LSTLDGHJGGNQNU4GZKFRWAICX&marketplace=FLIPKART&q=liquid+detergent&store=rja%2Fplv%2Fxdq&spotlightTagId=default_TrendingId_rja%2Fplv%2Fxdq&srno=s_1_39&otracker=search&fm=organic&iid=31403ccf-c8b1-4fd8-bf35-8b00e2324dcf.LDGHJGGNQNU4GZKF.SEARCH&ppt=None&ppn=None&ssid=hvq3bdkw400000001786987994324&qH=3797422074e1f609&ov_redirect=true&ov_redirect=true,https://rukminim2.flixcart.com/image/612/612/xif0q/liquid-detergent/6/t/k/10-liquid-detergent-10l-liquid-detergent-for-washing-machines-original-imahjggnschygyyw.jpeg?q=70,17-08-26,6.3,,Valid,Valid,Very Low
86,FLIP_0030,Dhamu,Dhamu,Competitor,Not Team Thai,"dhamu Premium Lavender Laundry Liquid Detergent 5L | Po... 5 L ₹425₹1,49971% off",Liquid Detergent,5L,5.0,l,5000.0,,Not Specified,1499.0,425.0,8.5,,Mid Premium,71.0,71.64776517678453,,0.0,No Reviews,Valid,No Rating,Available,90,Excellent,False,Flipkart,Flipkart,https://www.flipkart.com/dhamu-premium-lavender-laundry-liquid-detergent-5l-powerful-stain-remover-fresh/p/itm1e5f1fb73c552?pid=LDGHPWTYWEDUTKJY&lid=LSTLDGHPWTYWEDUTKJYX9E46L&marketplace=FLIPKART&q=liquid+laundry+detergent&store=rja%2Fplv%2Fxdq&srno=s_1_2&otracker=search&fm=organic&iid=en_7XsA6SjN2rZEpex8_rP_YQLz0dbhWAo4YOPzr1thxecPiahraeeD8fL_Na-c4M9rYkq8NaSuUP-6ZL4TaiBYElQzn7Y_Qmar1BfIpD29n8W8OXTJpFOrDxqxVT-sLRDQ&ppt=None&ppn=None&ssid=lw3jxa0l800000001786988001070&qH=268dd2fba3560d47&ov_redirect=true&ov_redirect=true,https://rukminim2.flixcart.com/image/612/612/xif0q/liquid-detergent/c/s/r/5-lavender-liquid-detergent-5l-front-load-top-load-washing-original-imahpwst2f74azke.jpeg?q=70,17-08-26,8.5,,Valid,Valid,No Reviews
87,FLIP_0031,Mkrb,Mkrb,Competitor,Not Team Thai,"MKRB top load and front load liquid detergent, machine,... 5000 ml 3.8(44,087) ₹200₹99979% off Hot Deal",Liquid Detergent,5000 ml,5000.0,ml,5000.0,,Front + Top Load,999.0,200.0,4.0,,Mass Market,79.0,79.97997997997997,3.8,44087.0,Very High,Valid,Valid,Available,100,Excellent,False,Flipkart,Flipkart,https://www.flipkart.com/mkrb-top-load-front-liquid-detergent-machine-wash-detergent-lavender/p/itm85207a0ee3445?pid=LDGGHD8CUDMVMZRZ&lid=LSTLDGGHD8CUDMVMZRZBAU0WR&marketplace=FLIPKART&q=liquid+laundry+detergent&store=rja%2Fplv%2Fxdq&srno=s_1_5&otracker=search&fm=organic&iid=e7026340-8f51-48ad-b3ba-9b5010b21cab.LDGGHD8CUDMVMZRZ.SEARCH&ppt=None&ppn=None&ssid=lw3jxa0l800000001786988001070&qH=268dd2fba3560d47&ov_redirect=true&ov_redirect=true,https://rukminim2.flixcart.com/image/612/612/xif0q/liquid-detergent/5/a/n/5000-top-load-and-front-load-liquid-detergent-machine-wash-original-imagmvpgzgu2eg9k.jpeg?q=70,17-08-26,4.0,,Valid,Valid,Very High
88,FLIP_0032,Cleannxo,Cleannxo,Competitor,Not Team Thai,"cleannxo Advanced Classic Liquid Laundry Detergent 10L ... 2 x 5 L ₹270₹1,29979% off Only few left",Liquid Detergent,2 x 5 L,5.0,l,5000.0,,Not Specified,1299.0,270.0,5.4,,Mass Market,79.0,79.21478060046189,,0.0,No Reviews,Valid,No Rating,Available,90,Excellent,False,Flipkart,Flipkart,https://www.flipkart.com/cleannxo-advanced-classic-liquid-laundry-detergent-10l-front-top-load-wash/p/itma3cadcdb20afa?pid=LDGHZU4HWZHYJQUX&lid=LSTLDGHZU4HWZHYJQUXQVAG0P&marketplace=FLIPKART&q=liquid+laundry+detergent&store=rja%2Fplv%2Fxdq&srno=s_1_10&otracker=search&fm=organic&iid=e7026340-8f51-48ad-b3ba-9b5010b21cab.LDGHZU4HWZHYJQUX.SEARCH&ppt=None&ppn=None&ssid=lw3jxa0l800000001786988001070&qH=268dd2fba3560d47&ov_redirect=true&ov_redirect=true,https://rukminim2.flixcart.com/image/612/612/xif0q/liquid-detergent/6/o/g/10-advanced-classic-liquid-laundry-detergent-10l-front-top-load-original-imahzu4hga2g34gq.jpeg?q=70,17-08-26,5.4,,Valid,Valid,No Reviews
89,FLIP_0033,Flisko,Flisko,Competitor,Not Team Thai,Flisko Liquid Laundry Detergent 5L Deep Clean Soft Fabr... 5 L 3.8(44) ₹248₹99975% off Only few left,Liquid Detergent,5L,5.0,l,5000.0,,Not Specified,999.0,248.0,4.96,,Mass Market,75.0,75.17517517517518,3.8,44.0,Low,Valid,Valid,Available,100,Excellent,False,Flipkart,Flipkart,https://www.flipkart.com/flisko-liquid-laundry-detergent-5l-deep-clean-soft-fabric-long-lasting-fresh-scent-lavender/p/itm8bd32b1c41c98?pid=LDGHMZ3SHSXABYDX&lid=LSTLDGHMZ3SHSXABYDXXQKNTR&marketplace=FLIPKART&q=liquid+laundry+detergent&store=rja%2Fplv%2Fxdq&srno=s_1_13&otracker=search&fm=organic&iid=e7026340-8f51-48ad-b3ba-9b5010b21cab.LDGHMZ3SHSXABYDX.SEARCH&ppt=None&ppn=None&ssid=lw3jxa0l800000001786988001070&qH=268dd2fba3560d47&ov_redirect=true&ov_redirect=true,https://rukminim2.flixcart.com/image/612/612/xif0q/liquid-detergent/7/y/k/5000-liquid-detergent-5l-power-wash-front-top-load-tough-stain-original-imahn9t7gmfedkxm.jpeg?q=70,17-08-26,4.96,,Valid,Valid,Low
92,FLIP_0036,Procent,Procent,Competitor,Not Team Thai,"Procent Premium LiquidLaundry Detergent for Deep Cleani... 5 L ₹448₹1,19962% off",Liquid Detergent,5 L,5.0,l,5000.0,,Not Specified,1199.0,448.0,8.959999999999999,,Mid Premium,62.0,62.63552960800667,,0.0,No Reviews,Valid,No Rating,Available,90,Excellent,False,Flipkart,Flipkart,https://www.flipkart.com/procent-premium-liquidlaundry-detergent-deep-cleaning-clothes-powerful-rose-liquid/p/itm3d2c6affa5eb0?pid=LDGHQ4HM2YT3MZ6H&lid=LSTLDGHQ4HM2YT3MZ6HTDTOJL&marketplace=FLIPKART&q=liquid+laundry+detergent&store=rja%2Fplv%2Fxdq&srno=s_1_18&otracker=search&fm=organic&iid=en_7XsA6SjN2rZEpex8_rP_YQLz0dbhWAo4YOPzr1thxef3KW04TJHdPRKOPQfqw9GZx1_sZ-GhEcTGUkyP10SqcmXY8Lygy2sr9neMsh6ZrsrRgEWudYBPOYxMtQ96YpM2&ppt=None&ppn=None&ssid=lw3jxa0l800000001786988001070&qH=268dd2fba3560d47&ov_redirect=true&ov_redirect=true,https://rukminim2.flixcart.com/image/612/612/xif0q/liquid-detergent/r/b/o/5-0-premium-liquidlaundry-detergent-for-deep-cleaning-clothes-original-imahq4hmsjgneg3u.jpeg?q=70,17-08-26,8.959999999999999,,Valid,Valid,No Reviews
93,FLIP_0037,Clinermax,Clinermax,Competitor,Not Team Thai,"Currently unavailable Clinermax Intense Clean Liquid Detergent 5L for Washing... 5 L ₹246₹1,49983% off Only few left",Liquid Detergent,5L,5.0,l,5000.0,,Not Specified,1499.0,246.0,4.92,,Mass Market,83.0,83.58905937291527,,0.0,No Reviews,Valid,No Rating,Available,90,Excellent,False,Flipkart,Flipkart,https://www.flipkart.com/clinermax-intense-clean-liquid-detergent-5l-washing-machine-laundry-fresh-fragrance-aqua/p/itm6dce805830e5a?pid=LDGHH737T4TGWYVB&lid=LSTLDGHH737T4TGWYVBRNIJ4O&marketplace=FLIPKART&q=liquid+laundry+detergent&store=rja%2Fplv%2Fxdq&srno=s_1_19&otracker=search&fm=organic&iid=e7026340-8f51-48ad-b3ba-9b5010b21cab.LDGHH737T4TGWYVB.SEARCH&ppt=None&ppn=None&ssid=lw3jxa0l800000001786988001070&qH=268dd2fba3560d47&ov_redirect=true&ov_redirect=true,https://rukminim2.flixcart.com/image/612/612/xif0q/liquid-detergent/l/j/5/5-intense-clean-liquid-detergent-5l-for-washing-machine-laundry-original-imahmqrvfggkmxds.jpeg?q=70,17-08-26,4.92,,Valid,Valid,No Reviews
94,FLIP_0038,Cleannxo,Cleannxo,Competitor,Not Team Thai,"cleannxo Classic Liquid Detergent 5L Front & Top Load M... 5 L ₹216₹1,19981% off Only few left",Liquid Detergent,5L,5.0,l,5000.0,,Top Load,1199.0,216.0,4.32,,Mass Market,81.0,81.98498748957465,,0.0,No Reviews,Valid,No Rating,Available,90,Excellent,False,Flipkart,Flipkart,https://www.flipkart.com/cleannxo-classic-liquid-detergent-5l-front-top-load-machine-wash-pack/p/itmd68d4e510ee68?pid=LDGHZRZ6ZTPSPPNS&lid=LSTLDGHZRZ6ZTPSPPNSMQQFSM&marketplace=FLIPKART&q=liquid+laundry+detergent&store=rja%2Fplv%2Fxdq&srno=s_1_20&otracker=search&fm=organic&iid=e7026340-8f51-48ad-b3ba-9b5010b21cab.LDGHZRZ6ZTPSPPNS.SEARCH&ppt=sp&ppn=sp&ssid=9pogdi7w740000001786988008837&qH=268dd2fba3560d47&ov_redirect=true&ov_redirect=true,https://rukminim2.flixcart.com/image/612/612/xif0q/liquid-detergent/6/2/x/5-classic-liquid-detergent-5l-front-top-load-machine-wash-liquid-original-imahzrz6puffmaxt.jpeg?q=70,17-08-26,4.32,,Valid,Valid,No Reviews
95,FLIP_0039,Octive,Octive,Competitor,Not Team Thai,"OCTIVE Premium Liquid Detergent 5 Litre Refill Pack Ori... 2 x 5 L 4(20) ₹525₹2,49978% off",Liquid Detergent,2 x 5 L,5.0,l,5000.0,,Not Specified,2499.0,525.0,10.5,,Mid Premium,78.0,78.99159663865547,4.0,20.0,Low,Valid,Valid,Available,100,Excellent,False,Flipkart,Flipkart,https://www.flipkart.com/octive-premium-liquid-detergent-5-litre-refill-pack-oriental/p/itmbb47cdb7aac36?pid=LDGHKUHNFXBHY776&lid=LSTLDGHKUHNFXBHY776VZHXRB&marketplace=FLIPKART&q=liquid+laundry+detergent&store=rja%2Fplv%2Fxdq&srno=s_1_21&otracker=search&fm=organic&iid=en_7XsA6SjN2rZEpex8_rP_YQLz0dbhWAo4YOPzr1thxedVA61cq47Uqm7Q2gYtueCuqwRUG_TqZoqtst2YK1ddZvfVv9afXn3wfZ_GjHVV6b3RgEWudYBPOYxMtQ96YpM2&ppt=sp&ppn=sp&ssid=9pogdi7w740000001786988008837&qH=268dd2fba3560d47&ov_redirect=true&ov_redirect=true,https://rukminim2.flixcart.com/image/612/612/xif0q/liquid-detergent/3/x/n/10-premium-liquid-detergent-5-litre-refill-pack-oriental-liquid-original-imahkuh8c2tdz7gm.jpeg?q=70,17-08-26,10.5,,Valid,Valid,Low
96,FLIP_0040,Axxl,Axxl,Competitor,Not Team Thai,"axxl Detergent Liquid|Washing Machine Liquid Detergent|... 5 L ₹366₹1,50075% off",Liquid Detergent,5 L,5.0,l,5000.0,,Not Specified,1500.0,366.0,7.32,,Mid Premium,75.0,75.6,,0.0,No Reviews,Valid,No Rating,Available,90,Excellent,False,Flipkart,Flipkart,https://www.flipkart.com/axxl-detergent-liquid-washing-machine-liquid-detergent-long-lasting-freshness-jasmine/p/itm13d0bb5213565?pid=LDGHQ6ZFVHNM6KFF&lid=LSTLDGHQ6ZFVHNM6KFFVIMCFR&marketplace=FLIPKART&q=liquid+laundry+detergent&store=rja%2Fplv%2Fxdq&srno=s_1_22&otracker=search&fm=organic&iid=en_7XsA6SjN2rZEpex8_rP_YQLz0dbhWAo4YOPzr1thxeeYXfMOvwWYGbasbkAHXvZauOIFKDXzbRz9mtFYx5WMRvqjK35hGfPj_XmMFq_xVsfRgEWudYBPOYxMtQ96YpM2&ppt=sp&ppn=sp&ssid=9pogdi7w740000001786988008837&qH=268dd2fba3560d47&ov_redirect=true&ov_redirect=true,https://rukminim2.flixcart.com/image/612/612/xif0q/liquid-detergent/k/o/4/5-detergent-liquid-washing-machine-liquid-detergent-long-lasting-original-imahq6zf6yhwshng.jpeg?q=70,17-08-26,7.32,,Valid,Valid,No Reviews
97,FLIP_0041,Cleannxo,Cleannxo,Competitor,Not Team Thai,"cleannxo Classic Liquid Detergent 5L | Front & Top Load... 5 L ₹214₹1,19982% off Only few left",Liquid Detergent,5L,5.0,l,5000.0,,Top Load,1199.0,214.0,4.279999999999999,,Mass Market,82.0,82.15179316096747,,0.0,No Reviews,Valid,No Rating,Available,90,Excellent,False,Flipkart,Flipkart,https://www.flipkart.com/cleannxo-classic-liquid-detergent-5l-front-top-load-laundry-wash/p/itm4874f39420c70?pid=LDGHZU5XFAH4APHH&lid=LSTLDGHZU5XFAH4APHHWOOQ1E&marketplace=FLIPKART&q=liquid+laundry+detergent&store=rja%2Fplv%2Fxdq&srno=s_1_23&otracker=search&fm=organic&iid=e7026340-8f51-48ad-b3ba-9b5010b21cab.LDGHZU5XFAH4APHH.SEARCH&ppt=sp&ppn=sp&ssid=9pogdi7w740000001786988008837&qH=268dd2fba3560d47&ov_redirect=true&ov_redirect=true,https://rukminim2.flixcart.com/image/612/612/xif0q/liquid-detergent/8/d/j/5-classic-liquid-detergent-5l-front-top-load-laundry-wash-original-imahzu5xyjfkttb9.jpeg?q=70,17-08-26,4.279999999999999,,Valid,Valid,No Reviews
98,FLIP_0042,Cleannxo,Cleannxo,Competitor,Not Team Thai,"cleannxo Lavender Liquid Detergent 5L | Premium Laundry... 5 L ₹214₹1,19982% off Only few left",Liquid Detergent,5L,5.0,l,5000.0,,Not Specified,1199.0,214.0,4.279999999999999,,Mass Market,82.0,82.15179316096747,,0.0,No Reviews,Valid,No Rating,Available,90,Excellent,False,Flipkart,Flipkart,https://www.flipkart.com/cleannxo-lavender-liquid-detergent-5l-premium-laundry-wash-all-machines/p/itmb4e2110e5b966?pid=LDGHZV4CHA2CQ8ZZ&lid=LSTLDGHZV4CHA2CQ8ZZZCUHQA&marketplace=FLIPKART&q=liquid+laundry+detergent&store=rja%2Fplv%2Fxdq&srno=s_1_24&otracker=search&fm=organic&iid=e7026340-8f51-48ad-b3ba-9b5010b21cab.LDGHZV4CHA2CQ8ZZ.SEARCH&ppt=sp&ppn=sp&ssid=9pogdi7w740000001786988008837&qH=268dd2fba3560d47&ov_redirect=true&ov_redirect=true,https://rukminim2.flixcart.com/image/612/612/xif0q/liquid-detergent/r/j/v/5-lavender-liquid-detergent-5l-premium-laundry-wash-for-all-original-imahzv4chpnyhgjg.jpeg?q=70,17-08-26,4.279999999999999,,Valid,Valid,No Reviews
100,FLIP_0044,Luvion,Luvion,Competitor,Not Team Thai,LUVION Liquid Detergent Fresh Finish | Soft Fabric Lily... 500 ml ₹174₹49965% off Only few left,Liquid Detergent,500 ml,500.0,ml,500.0,,Not Specified,499.0,174.0,34.8,,Mass Market,65.0,65.13026052104209,,0.0,No Reviews,Valid,No Rating,Available,90,Excellent,False,Flipkart,Flipkart,https://www.flipkart.com/luvion-liquid-detergent-fresh-finish-soft-fabric-lily/p/itmacb8e328b941a?pid=LDGHZX3TXFNHQ8YG&lid=LSTLDGHZX3TXFNHQ8YGMCOJIR&marketplace=FLIPKART&q=liquid+laundry+detergent&store=rja%2Fplv%2Fxdq&srno=s_1_28&otracker=search&fm=organic&iid=e7026340-8f51-48ad-b3ba-9b5010b21cab.LDGHZX3TXFNHQ8YG.SEARCH&ppt=sp&ppn=sp&ssid=9pogdi7w740000001786988008837&qH=268dd2fba3560d47&ov_redirect=true&ov_redirect=true,https://rukminim2.flixcart.com/image/612/612/xif0q/liquid-detergent/n/h/5/500-liquid-detergent-fresh-finish-soft-fabric-luvion-original-imahzx3rwznrtzyg.jpeg?q=70,17-08-26,34.8,,Valid,Valid,No Reviews
101,FLIP_0045,Flisko,Flisko,Competitor,Not Team Thai,Flisko Ultra Wash Liquid Detergent 5L | Front & Top Loa... 5000 ml 4.2(23) ₹248₹59958% off,Liquid Detergent,5000 ml,5000.0,ml,5000.0,,Not Specified,599.0,248.0,4.96,,Mass Market,58.0,58.59766277128548,4.2,23.0,Low,Valid,Valid,Available,100,Excellent,False,Flipkart,Flipkart,https://www.flipkart.com/flisko-ultra-wash-liquid-detergent-5l-front-top-load-stain-removal-lavender/p/itm02a1ad0e7ce95?pid=LDGHK77YXSJUMNV6&lid=LSTLDGHK77YXSJUMNV6SPK3PY&marketplace=FLIPKART&q=liquid+laundry+detergent&store=rja%2Fplv%2Fxdq&srno=s_1_29&otracker=search&fm=organic&iid=e7026340-8f51-48ad-b3ba-9b5010b21cab.LDGHK77YXSJUMNV6.SEARCH&ppt=sp&ppn=sp&ssid=9pogdi7w740000001786988008837&qH=268dd2fba3560d47&ov_redirect=true&ov_redirect=true,https://rukminim2.flixcart.com/image/612/612/xif0q/liquid-detergent/4/o/7/5000-ultra-wash-liquid-detergent-5l-front-top-load-stain-removal-original-imahnz2fs6z32krf.jpeg?q=70,17-08-26,4.96,,Valid,Valid,Low
102,FLIP_0046,Right,Right,Competitor,Not Team Thai,ISZK Liquid Detergent Bright Home Liquid Detergent for ... 5000 ml 5(21) ₹190₹99980% off Only few left,Liquid Detergent,5000 ml,5000.0,ml,5000.0,,Not Specified,999.0,190.0,3.8,,Mass Market,80.0,80.98098098098097,5.0,21.0,Low,Valid,Valid,Available,100,Excellent,False,Flipkart,Flipkart,https://www.flipkart.com/iszk-liquid-detergent-bright-home-modern-families-multi-fragrance/p/itmd952871e521fc?pid=LDGHPZYNNCX4BBKR&lid=LSTLDGHPZYNNCX4BBKRMI8GNQ&marketplace=FLIPKART&q=liquid+laundry+detergent&store=rja%2Fplv%2Fxdq&srno=s_1_30&otracker=search&fm=organic&iid=e7026340-8f51-48ad-b3ba-9b5010b21cab.LDGHPZYNNCX4BBKR.SEARCH&ppt=sp&ppn=sp&ssid=9pogdi7w740000001786988008837&qH=268dd2fba3560d47&ov_redirect=true&ov_redirect=true,https://rukminim2.flixcart.com/image/612/612/xif0q/liquid-detergent/e/2/6/5000-liquid-detergent-bright-home-liquid-detergent-for-modern-original-imahpzyngg6xqdkg.jpeg?q=70,17-08-26,3.8,,Valid,Valid,Low
104,FLIP_0048,Flisko,Flisko,Competitor,Not Team Thai,Flisko Liquid Detergent 5L Power Wash | Front & Top Loa... 5000 ml 4(9) ₹248₹59958% off Only few left,Liquid Detergent,5000 ml,5000.0,ml,5000.0,,Not Specified,599.0,248.0,4.96,,Mass Market,58.0,58.59766277128548,4.0,9.0,Very Low,Valid,Valid,Available,100,Excellent,False,Flipkart,Flipkart,https://www.flipkart.com/flisko-liquid-detergent-5l-power-wash-front-top-load-tough-stain-removal-lavender/p/itm823a7ada16afe?pid=LDGHK782VD6TSXQP&lid=LSTLDGHK782VD6TSXQPIFWZQO&marketplace=FLIPKART&q=liquid+laundry+detergent&store=rja%2Fplv%2Fxdq&srno=s_1_33&otracker=search&fm=organic&iid=e7026340-8f51-48ad-b3ba-9b5010b21cab.LDGHK782VD6TSXQP.SEARCH&ppt=sp&ppn=sp&ssid=9pogdi7w740000001786988008837&qH=268dd2fba3560d47&ov_redirect=true&ov_redirect=true,https://rukminim2.flixcart.com/image/612/612/xif0q/liquid-detergent/7/y/k/5000-liquid-detergent-5l-power-wash-front-top-load-tough-stain-original-imahn9t7gmfedkxm.jpeg?q=70,17-08-26,4.96,,Valid,Valid,Very Low
106,FLIP_0050,Wng,Wng,Competitor,Not Team Thai,"WNG Laundry Liquid for Washing machine | Suitable for h... 5 ml 3.8(176) ₹217₹1,49985% off Hot Deal",Liquid Detergent,5 ml,5.0,ml,5.0,,Not Specified,1499.0,217.0,4340.0,,Mass Market,85.0,85.52368245496999,3.8,176.0,Moderate,Valid,Valid,Available,100,Excellent,False,Flipkart,Flipkart,https://www.flipkart.com/wng-laundry-liquid-washing-machine-suitable-handwash-also-aqua-detergent/p/itm0aa3cb10fc45f?pid=LDGGW939HWW2JFQ8&lid=LSTLDGGW939HWW2JFQ8ZTSG3O&marketplace=FLIPKART&q=liquid+laundry+detergent&store=rja%2Fplv%2Fxdq&srno=s_1_36&otracker=search&fm=organic&iid=e7026340-8f51-48ad-b3ba-9b5010b21cab.LDGGW939HWW2JFQ8.SEARCH&ppt=sp&ppn=sp&ssid=9pogdi7w740000001786988008837&qH=268dd2fba3560d47&ov_redirect=true&ov_redirect=true,https://rukminim2.flixcart.com/image/612/612/xif0q/liquid-detergent/l/n/q/5-laundry-liquid-for-fabric-care-suitable-for-top-load-and-front-original-imagw92y9ahr56zw.jpeg?q=70,17-08-26,4340.0,,Valid,Valid,Moderate
110,FLIP_0054,Moon,Moon,Competitor,Not Team Thai,"Moon and Mount Liquid Detergent 5 Liter, Washing Machin... 5 L 4.2(274) ₹397₹99960% off Hot Deal",Liquid Detergent,5 Liter,5.0,l,5000.0,,Not Specified,999.0,397.0,7.939999999999999,,Mid Premium,60.0,60.26026026026025,4.2,274.0,Moderate,Valid,Valid,Available,100,Excellent,False,Flipkart,Flipkart,https://www.flipkart.com/moon-mount-liquid-detergent-5-liter-washing-machine-top-front-load-lavender/p/itm89cc4b66cf32d?pid=LDGHDYA4BH4ZGQYA&lid=LSTLDGHDYA4BH4ZGQYAQY5009&marketplace=FLIPKART&q=washing+machine+liquid+detergent&store=rja%2Fplv%2Fxdq&srno=s_1_2&otracker=search&fm=organic&iid=en_sgO1yjH9ADHXWzLUYRrCh008PztDYlLYIub5e9sx-ruPIXeVy3JajENV1YlYOByNLYfTDXKMLfc-f69-G2Mwhzbb0VkFB_O69DOoZdCqxmQmi5X4SS-0OBKCPf2GbUTW&ppt=sp&ppn=sp&ssid=8aa19tuzjk0000001786988017234&qH=2721e1dc434c5ada&ov_redirect=true&ov_redirect=true,https://rukminim2.flixcart.com/image/612/612/xif0q/liquid-detergent/g/m/p/5-liquid-detergent-5-liter-machine-liquid-for-top-front-load-original-imahqy4yszruxgvr.jpeg?q=70,17-08-26,7.939999999999999,,Valid,Valid,Moderate
111,FLIP_0055,Iszk,Iszk,Competitor,Not Team Thai,Trending ISZK Liquid Detergent 10L Liquid Detergent for Washing ... 2 x 5 L 3(5) ₹315₹99968% off Only few left,Liquid Detergent,2 x 5 L,5.0,l,5000.0,,Not Specified,999.0,315.0,6.3,,Mid Premium,68.0,68.46846846846847,3.0,5.0,Very Low,Valid,Valid,Available,100,Excellent,False,Flipkart,Flipkart,https://www.flipkart.com/iszk-liquid-detergent-10l-washing-machines-balanced-ph-lavender/p/itmcfaed6db999a2?pid=LDGHJGGNQNU4GZKF&lid=LSTLDGHJGGNQNU4GZKFRWAICX&marketplace=FLIPKART&q=washing+machine+liquid+detergent&store=rja%2Fplv%2Fxdq&spotlightTagId=default_TrendingId_rja%2Fplv%2Fxdq&srno=s_1_4&otracker=search&fm=organic&iid=0516046a-1df3-4f87-a595-481a08c3b310.LDGHJGGNQNU4GZKF.SEARCH&ppt=sp&ppn=sp&ssid=8aa19tuzjk0000001786988017234&qH=2721e1dc434c5ada&ov_redirect=true&ov_redirect=true,https://rukminim2.flixcart.com/image/612/612/xif0q/liquid-detergent/6/t/k/10-liquid-detergent-10l-liquid-detergent-for-washing-machines-original-imahjggnschygyyw.jpeg?q=70,17-08-26,6.3,,Valid,Valid,Very Low
113,FLIP_0057,Flisko,Flisko,Competitor,Not Team Thai,Flisko Ultra Clean Liquid Detergent 5L | Front & Top Lo... 5 L 5(39) ₹213₹79973% off Only few left,Liquid Detergent,5L,5.0,l,5000.0,,Not Specified,799.0,213.0,4.26,,Mass Market,73.0,73.34167709637046,5.0,39.0,Low,Valid,Valid,Available,100,Excellent,False,Flipkart,Flipkart,https://www.flipkart.com/flisko-ultra-clean-liquid-detergent-5l-front-top-load-washing-machine-fresh/p/itmc1e143ee47179?pid=LDGHPBQH5SG9D7MQ&lid=LSTLDGHPBQH5SG9D7MQDBJPFK&marketplace=FLIPKART&q=washing+machine+liquid+detergent&store=rja%2Fplv%2Fxdq&srno=s_1_10&otracker=search&fm=organic&iid=0516046a-1df3-4f87-a595-481a08c3b310.LDGHPBQH5SG9D7MQ.SEARCH&ppt=sp&ppn=sp&ssid=8aa19tuzjk0000001786988017234&qH=2721e1dc434c5ada&ov_redirect=true&ov_redirect=true,https://rukminim2.flixcart.com/image/612/612/xif0q/liquid-detergent/8/q/h/5-ultra-clean-liquid-detergent-5l-front-top-load-washing-machine-original-imahpcy9awsygv6g.jpeg?q=70,17-08-26,4.26,,Valid,Valid,Low
114,FLIP_0058,Lightglow,Lightglow,Competitor,Not Team Thai,"Lightglow Matic Liquid Detergent |Best Use For Top and ... 5000 ml 3.6(21) ₹133₹1,09987% off Hot Deal",Liquid Detergent,5000 ml,5000.0,ml,5000.0,,Not Specified,1099.0,133.0,2.66,,Budget,87.0,87.89808917197452,3.6,21.0,Low,Valid,Valid,Available,100,Excellent,False,Flipkart,Flipkart,https://www.flipkart.com/lightglow-matic-liquid-detergent-best-use-top-front-load-washing-machine-fresh/p/itmc0280c4e5208c?pid=LDGGHFV4YZMG4GYT&lid=LSTLDGGHFV4YZMG4GYTNQPBXF&marketplace=FLIPKART&q=washing+machine+liquid+detergent&store=rja%2Fplv%2Fxdq&srno=s_1_11&otracker=search&fm=organic&iid=en_sgO1yjH9ADHXWzLUYRrCh008PztDYlLYIub5e9sx-rtZis6o1AYcolc3VQBMVSmZApIbh1cVJfbkHO8ulXD9RMe6zqCSRF8foKcM12A3WsjQL34Ekj37TIMO1mPsObtL&ppt=sp&ppn=sp&ssid=8aa19tuzjk0000001786988017234&qH=2721e1dc434c5ada&ov_redirect=true&ov_redirect=true,https://rukminim2.flixcart.com/image/612/612/xif0q/shopsy-liquid-detergent/0/x/o/5000-matic-liquid-detergent-best-use-for-top-and-front-load-original-imaghfuyya9wxmnj.jpeg?q=70,17-08-26,2.66,,Valid,Valid,Low
115,FLIP_0059,Mrn,Mrn,Competitor,Not Team Thai,MRN TRADING Liquid Detergent |Front & Top Load Washing ... 1000 ml ₹135₹19932% off,Liquid Detergent,1000 ml,1000.0,ml,1000.0,,Top Load,199.0,135.0,13.5,,Budget,32.0,32.1608040201005,,0.0,No Reviews,Valid,No Rating,Available,90,Excellent,False,Flipkart,Flipkart,https://www.flipkart.com/mrn-trading-liquid-detergent-front-top-load-washing-machine-pink-1l-multi-fragrance/p/itm8d57332a3c511?pid=LDGHPW4HRKG2ZEHS&lid=LSTLDGHPW4HRKG2ZEHSIMRQ7T&marketplace=FLIPKART&q=washing+machine+liquid+detergent&store=rja%2Fplv%2Fxdq&srno=s_1_12&otracker=search&fm=organic&iid=en_sgO1yjH9ADHXWzLUYRrCh008PztDYlLYIub5e9sx-rshc2Qqx8gsglSFkp6wakFNro5iEi5k5xnDmDn4pDbgE2TwW8tV4P_ycyy6_RBfld68BfjObFZeDYeMcMh6a40G&ppt=sp&ppn=sp&ssid=8aa19tuzjk0000001786988017234&qH=2721e1dc434c5ada&ov_redirect=true&ov_redirect=true,https://rukminim2.flixcart.com/image/612/612/xif0q/liquid-detergent/f/e/a/1000-liquid-detergent-front-top-load-washing-machine-pink-1l-mrn-original-imahpw4khmgcefre.jpeg?q=70,17-08-26,13.5,,Valid,Valid,No Reviews
116,FLIP_0060,Elovia,Elovia,Competitor,Not Team Thai,ELOVIA Washing Machine Liquid Aqua Liquid Detergent 4.5 L 5(12) ₹382₹89957% off Super Deals,Liquid Detergent,4.5 L,4.5,l,4500.0,,Not Specified,899.0,382.0,8.488888888888889,,Mid Premium,57.0,57.50834260289211,5.0,12.0,Low,Valid,Valid,Available,100,Excellent,False,Flipkart,Flipkart,https://www.flipkart.com/elovia-washing-machine-liquid-aqua-detergent/p/itm976662573345a?pid=LDGHP73SQAVPUPF8&lid=LSTLDGHP73SQAVPUPF8ZJZXBH&marketplace=FLIPKART&q=washing+machine+liquid+detergent&store=rja%2Fplv%2Fxdq&srno=s_1_13&otracker=search&fm=organic&iid=0516046a-1df3-4f87-a595-481a08c3b310.LDGHP73SQAVPUPF8.SEARCH&ppt=sp&ppn=sp&ssid=8aa19tuzjk0000001786988017234&qH=2721e1dc434c5ada&ov_redirect=true&ov_redirect=true,https://rukminim2.flixcart.com/image/612/612/xif0q/liquid-detergent/g/z/3/4-5-washing-machine-liquid-elovia-original-imahp8egjfrgtnwm.jpeg?q=70,17-08-26,8.488888888888889,,Valid,Valid,Low
117,FLIP_0061,Mrn,Mrn,Competitor,Not Team Thai,MRN TRADING Washing Machine Liquid Detergent Laundry To... 5000 ml ₹268₹49946% off,Liquid Detergent,5000 ml,5000.0,ml,5000.0,,Not Specified,499.0,268.0,5.36,,Mass Market,46.0,46.292585170340686,,0.0,No Reviews,Valid,No Rating,Available,90,Excellent,False,Flipkart,Flipkart,https://www.flipkart.com/mrn-trading-washing-machine-liquid-detergent-laundry-top-front-load-bucket-wash-aqua/p/itm04123c9f83bd9?pid=LDGHPXXKZPRGXSHH&lid=LSTLDGHPXXKZPRGXSHHGABG1M&marketplace=FLIPKART&q=washing+machine+liquid+detergent&store=rja%2Fplv%2Fxdq&srno=s_1_17&otracker=search&fm=organic&iid=en_sgO1yjH9ADHXWzLUYRrCh008PztDYlLYIub5e9sx-ruEGma0sna384xSa9tnp0uoeeJMQSN1v5hyCCZpkZXnx2TwW8tV4P_ycyy6_RBfld68BfjObFZeDYeMcMh6a40G&ppt=sp&ppn=sp&ssid=8aa19tuzjk0000001786988017234&qH=2721e1dc434c5ada&ov_redirect=true&ov_redirect=true,https://rukminim2.flixcart.com/image/612/612/xif0q/liquid-detergent/j/9/l/5000-washing-machine-liquid-detergent-laundry-top-front-load-original-imahpxxhxc764yzy.jpeg?q=70,17-08-26,5.36,,Valid,Valid,No Reviews
118,FLIP_0062,Purela,Purela,Competitor,Not Team Thai,"PURELA Liquid Detergent Suitable For Top Load & Front L... 5 L 4.1(109) ₹489₹1,09955% off Hot Deal",Liquid Detergent,5 L,5.0,l,5000.0,,Top Load,1099.0,489.0,9.78,,Mid Premium,55.0,55.50500454959055,4.1,109.0,Moderate,Valid,Valid,Available,100,Excellent,False,Flipkart,Flipkart,https://www.flipkart.com/purela-liquid-detergent-suitable-top-load-front-washing-machine-classic/p/itm58d32a339d6f3?pid=LDGGWZQSERBDGFNN&lid=LSTLDGGWZQSERBDGFNN8IGSEJ&marketplace=FLIPKART&q=washing+machine+liquid+detergent&store=rja%2Fplv%2Fxdq&srno=s_1_19&otracker=search&fm=organic&iid=0516046a-1df3-4f87-a595-481a08c3b310.LDGGWZQSERBDGFNN.SEARCH&ppt=sp&ppn=sp&ssid=8aa19tuzjk0000001786988017234&qH=2721e1dc434c5ada&ov_redirect=true&ov_redirect=true,https://rukminim2.flixcart.com/image/612/612/xif0q/liquid-detergent/7/t/b/5-ultra-matic-liquid-detergent-lavender-5l-front-top-load-original-imahpknwj2ajfynr.jpeg?q=70,17-08-26,9.78,,Valid,Valid,Moderate
119,FLIP_0063,Right,Right,Competitor,Not Team Thai,Right to Clean Liquid Detergent 5kg Pink Lily | Matic f... 5 kg 4(68) ₹360₹84957% off Hot Deal,Liquid Detergent,5kg,5.0,kg,,5000.0,Not Specified,849.0,360.0,,7.199999999999999,Mid Premium,57.0,57.59717314487632,4.0,68.0,Low,Valid,Valid,Available,100,Excellent,False,Flipkart,Flipkart,https://www.flipkart.com/right-clean-liquid-detergent-5kg-pink-lily-matic-front-top-load-washing-machine/p/itm420490d21121e?pid=LDGHNUD9SPGF9QJN&lid=LSTLDGHNUD9SPGF9QJNVTELQJ&marketplace=FLIPKART&q=washing+machine+liquid+detergent&store=rja%2Fplv%2Fxdq&srno=s_1_20&otracker=search&fm=organic&iid=0516046a-1df3-4f87-a595-481a08c3b310.LDGHNUD9SPGF9QJN.SEARCH&ppt=sp&ppn=sp&ssid=8aa19tuzjk0000001786988017234&qH=2721e1dc434c5ada&ov_redirect=true&ov_redirect=true,https://rukminim2.flixcart.com/image/612/612/xif0q/liquid-detergent/6/n/j/5-liquid-detergent-5kg-rose-matic-for-front-top-load-washing-original-imahnud9fwqunefv.jpeg?q=70,17-08-26,,7.199999999999999,Valid,Valid,Low
120,FLIP_0064,Mrn,Mrn,Competitor,Not Team Thai,MRN TRADING Lavender Fresh Liquid Detergent 5L | Front ... 5000 ml ₹268₹49946% off,Liquid Detergent,5000 ml,5000.0,ml,5000.0,,Not Specified,499.0,268.0,5.36,,Mass Market,46.0,46.292585170340686,,0.0,No Reviews,Valid,No Rating,Available,90,Excellent,False,Flipkart,Flipkart,https://www.flipkart.com/mrn-trading-lavender-fresh-liquid-detergent-5l-front-top-load-aqua/p/itm11b1d8c551e4c?pid=LDGHQFZUVYWU7HHD&lid=LSTLDGHQFZUVYWU7HHDC4OJID&marketplace=FLIPKART&q=washing+machine+liquid+detergent&store=rja%2Fplv%2Fxdq&srno=s_1_21&otracker=search&fm=organic&iid=en_sgO1yjH9ADHXWzLUYRrCh008PztDYlLYIub5e9sx-rsn3UJ4WdXMArxvpNJfErUgsTpJmT-WWuKN3ts5QjCuJ2TwW8tV4P_ycyy6_RBfld68BfjObFZeDYeMcMh6a40G&ppt=sp&ppn=sp&ssid=8aa19tuzjk0000001786988017234&qH=2721e1dc434c5ada&ov_redirect=true&ov_redirect=true,https://rukminim2.flixcart.com/image/612/612/xif0q/liquid-detergent/c/b/w/5000-lavender-fresh-liquid-detergent-5l-front-top-load-fresh-original-imahqfzu9ugzpc3s.jpeg?q=70,17-08-26,5.36,,Valid,Valid,No Reviews
121,FLIP_0065,Moon,Moon,Competitor,Not Team Thai,"Moon and Mount Liquid detergent 5 Liter, Machine Liquid... 5 L 4.3(102) ₹489₹99951% off Lowest price in the year",Liquid Detergent,5 Liter,5.0,l,5000.0,,Not Specified,999.0,489.0,9.78,,Mid Premium,51.0,51.051051051051054,4.3,102.0,Moderate,Valid,Valid,Available,100,Excellent,False,Flipkart,Flipkart,https://www.flipkart.com/moon-mount-liquid-detergent-5-liter-machine-top-front-load-lavender/p/itm6a04cf196ed0f?pid=LDGGZSQXE5ZUCH3N&lid=LSTLDGGZSQXE5ZUCH3NQ3R0TO&marketplace=FLIPKART&q=washing+machine+liquid+detergent&store=rja%2Fplv%2Fxdq&srno=s_1_22&otracker=search&fm=organic&iid=en_sgO1yjH9ADHXWzLUYRrCh008PztDYlLYIub5e9sx-rtsNJMCcIitg-TQOyQA-m4ayH6J07Y0V0edyT-lqle8bH5dYBe2LRLbajY13p-8f2rQL34Ekj37TIMO1mPsObtL&ppt=sp&ppn=sp&ssid=8aa19tuzjk0000001786988017234&qH=2721e1dc434c5ada&ov_redirect=true&ov_redirect=true,https://rukminim2.flixcart.com/image/612/612/xif0q/liquid-detergent/g/m/p/5-liquid-detergent-5-liter-machine-liquid-for-top-front-load-original-imahqy4yszruxgvr.jpeg?q=70,17-08-26,9.78,,Valid,Valid,Moderate
122,FLIP_0066,Iszk,Iszk,Competitor,Not Team Thai,ISZK heavy Liquid Detergent suitable for washing machin... 5000 ml 3.4(16) ₹180₹99981% off Only few left,Liquid Detergent,5000 ml,5000.0,ml,5000.0,,Not Specified,999.0,180.0,3.6,,Mass Market,81.0,81.98198198198197,3.4,16.0,Low,Valid,Valid,Available,100,Excellent,False,Flipkart,Flipkart,https://www.flipkart.com/iszk-heavy-liquid-detergent-suitable-washing-machine-use-hand-wash-5-ltr-rose/p/itm74f48ccc852aa?pid=LDGHDA8HVMZPR2WD&lid=LSTLDGHDA8HVMZPR2WDF3C447&marketplace=FLIPKART&q=washing+machine+liquid+detergent&store=rja%2Fplv%2Fxdq&srno=s_1_23&otracker=search&fm=organic&iid=0516046a-1df3-4f87-a595-481a08c3b310.LDGHDA8HVMZPR2WD.SEARCH&ppt=sp&ppn=sp&ssid=8aa19tuzjk0000001786988017234&qH=2721e1dc434c5ada&ov_redirect=true&ov_redirect=true,https://rukminim2.flixcart.com/image/612/612/xif0q/liquid-detergent/z/2/a/5000-heavy-liquid-detergent-suitable-for-washing-machine-and-use-original-imahda8gygh6qfrv.jpeg?q=70,17-08-26,3.6,,Valid,Valid,Low
124,FLIP_0068,Flisko,Flisko,Competitor,Not Team Thai,"Flisko Washing Machine Liquid Detergent Laundry Multi-F... 5 L 3.3(9) ₹248₹1,66085% off",Liquid Detergent,5 L,5.0,l,5000.0,,Not Specified,1660.0,248.0,4.96,,Mass Market,85.0,85.06024096385542,3.3,9.0,Very Low,Valid,Valid,Available,100,Excellent,False,Flipkart,Flipkart,https://www.flipkart.com/flisko-washing-machine-liquid-detergent-laundry-multi-fragrance/p/itm67815fda74a32?pid=LDGGPZGBTNYUDVWB&lid=LSTLDGGPZGBTNYUDVWBSWGB50&marketplace=FLIPKART&q=washing+machine+liquid+detergent&store=rja%2Fplv%2Fxdq&srno=s_1_25&otracker=search&fm=organic&iid=0516046a-1df3-4f87-a595-481a08c3b310.LDGGPZGBTNYUDVWB.SEARCH&ppt=sp&ppn=sp&ssid=8aa19tuzjk0000001786988017234&qH=2721e1dc434c5ada&ov_redirect=true&ov_redirect=true,https://rukminim2.flixcart.com/image/612/612/xif0q/shopsy-liquid-detergent/7/d/c/5-laundry-liquid-detergent-5-liter-deep-cleaning-stain-removal-original-imahnbzxetnayezz.jpeg?q=70,17-08-26,4.96,,Valid,Valid,Very Low
125,FLIP_0069,Leelambari,Leelambari,Competitor,Not Team Thai,Leelambari Washing Machine Liquid Detergent Top Load An... 5000 ml 3.2(18) ₹144₹99985% off Hot Deal,Liquid Detergent,5000 ml,5000.0,ml,5000.0,,Top Load,999.0,144.0,2.88,,Budget,85.0,85.58558558558559,3.2,18.0,Low,Valid,Valid,Available,100,Excellent,False,Flipkart,Flipkart,https://www.flipkart.com/leelambari-washing-machine-liquid-detergent-top-load-front-aqua/p/itmae3574509bddf?pid=LDGH8QZZ8RWUUUHB&lid=LSTLDGH8QZZ8RWUUUHBPDZOFZ&marketplace=FLIPKART&q=washing+machine+liquid+detergent&store=rja%2Fplv%2Fxdq&srno=s_1_27&otracker=search&fm=organic&iid=en_sgO1yjH9ADHXWzLUYRrCh008PztDYlLYIub5e9sx-rvXbrNZU6OEgVoRUp3lDSFQfiO3a0dpacaOgi-4mM1NkpLETuPzZhsXDE7u9-3Ey_nQL34Ekj37TIMO1mPsObtL&ppt=sp&ppn=sp&ssid=8aa19tuzjk0000001786988017234&qH=2721e1dc434c5ada&ov_redirect=true&ov_redirect=true,https://rukminim2.flixcart.com/image/612/612/xif0q/liquid-detergent/v/f/p/5000-washing-machine-liquid-detergent-top-load-and-front-load-original-imah8qzzcey3qekc.jpeg?q=70,17-08-26,2.88,,Valid,Valid,Low
126,FLIP_0070,Ibf,IBF,Competitor,Not Team Thai,IBF 3L washing machine liquid | Fresh Liquid Detergent 3 x 1 L ₹539₹99946% off Only few left,Liquid Detergent,3 x 1 L,1.0,l,1000.0,,Not Specified,999.0,539.0,53.900000000000006,,Mid Premium,46.0,46.04604604604605,,0.0,No Reviews,Valid,No Rating,Available,90,Excellent,False,Flipkart,Flipkart,https://www.flipkart.com/ibf-3l-washing-machine-liquid-fresh-detergent/p/itm31c6255875b37?pid=LDGH6CKPZWXBKXRF&lid=LSTLDGH6CKPZWXBKXRFELZQ70&marketplace=FLIPKART&q=washing+machine+liquid+detergent&store=rja%2Fplv%2Fxdq&srno=s_1_30&otracker=search&fm=organic&iid=0516046a-1df3-4f87-a595-481a08c3b310.LDGH6CKPZWXBKXRF.SEARCH&ppt=sp&ppn=sp&ssid=8aa19tuzjk0000001786988017234&qH=2721e1dc434c5ada&ov_redirect=true&ov_redirect=true,https://rukminim2.flixcart.com/image/612/612/xif0q/liquid-detergent/w/v/q/3-pink-front-top-load-fabric-liquid-detergent-machine-3l-ibf-original-imahhutgryvzzgpy.jpeg?q=70,17-08-26,53.900000000000006,,Valid,Valid,No Reviews
127,FLIP_0071,Axxl,Axxl,Competitor,Not Team Thai,"axxl Detergent Liquid|Laundry Detergent For Front Load ... 5 L ₹364₹1,50075% off",Liquid Detergent,5 L,5.0,l,5000.0,,Front Load,1500.0,364.0,7.28,,Mid Premium,75.0,75.73333333333333,,0.0,No Reviews,Valid,No Rating,Available,90,Excellent,False,Flipkart,Flipkart,https://www.flipkart.com/axxl-detergent-liquid-laundry-front-load-top-washing-machine-jasmine-liquid/p/itm545d180b067c4?pid=LDGHQ6ZMRVNNW7CM&lid=LSTLDGHQ6ZMRVNNW7CM4TZCD8&marketplace=FLIPKART&q=washing+machine+liquid+detergent&store=rja%2Fplv%2Fxdq&srno=s_1_31&otracker=search&fm=organic&iid=en_sgO1yjH9ADHXWzLUYRrCh008PztDYlLYIub5e9sx-rs2Q4hbbr_dprEqokQnPIjM3qm3wkUKxxkJfH5k3iF2ZPqjK35hGfPj_XmMFq_xVse8BfjObFZeDYeMcMh6a40G&ppt=sp&ppn=sp&ssid=8aa19tuzjk0000001786988017234&qH=2721e1dc434c5ada&ov_redirect=true&ov_redirect=true,https://rukminim2.flixcart.com/image/612/612/xif0q/liquid-detergent/1/g/7/5-detergent-liquid-laundry-detergent-for-front-load-top-load-original-imahq6zmzvjz2hqz.jpeg?q=70,17-08-26,7.28,,Valid,Valid,No Reviews
128,FLIP_0072,Igreja,Igreja,Competitor,Not Team Thai,"IGREJA Washing machine liquid detergent top load and fr... 2 x 2.5 L 3.9(10) ₹334₹2,49986% off Super Deals",Liquid Detergent,2 x 2.5 L,2.5,l,2500.0,,Top Load,2499.0,334.0,13.36,,Mid Premium,86.0,86.63465386154462,3.9,10.0,Low,Valid,Valid,Available,100,Excellent,False,Flipkart,Flipkart,https://www.flipkart.com/igreja-washing-machine-liquid-detergent-top-load-front-transferent-5-ltr-aqua/p/itmdb314d42b3de7?pid=LDGHFMC2TKPZ4CW9&lid=LSTLDGHFMC2TKPZ4CW9O0PXSS&marketplace=FLIPKART&q=washing+machine+liquid+detergent&store=rja%2Fplv%2Fxdq&srno=s_1_33&otracker=search&fm=organic&iid=0516046a-1df3-4f87-a595-481a08c3b310.LDGHFMC2TKPZ4CW9.SEARCH&ppt=sp&ppn=sp&ssid=8aa19tuzjk0000001786988017234&qH=2721e1dc434c5ada&ov_redirect=true&ov_redirect=true,https://rukminim2.flixcart.com/image/612/612/xif0q/liquid-detergent/w/k/o/5-washing-machine-liquid-detergent-top-load-and-front-load-original-imahfmc4ux3gggvk.jpeg?q=70,17-08-26,13.36,,Valid,Valid,Low
129,FLIP_0073,Cleannxo,Cleannxo,Competitor,Not Team Thai,"cleannxo Classic Liquid Detergent 5L Pack for Front&Top... 5 kg ₹231₹1,09978% off Only few left",Liquid Detergent,5L,5.0,l,5000.0,,Not Specified,1099.0,231.0,4.62,,Mass Market,78.0,78.98089171974523,,0.0,No Reviews,Valid,No Rating,Available,90,Excellent,False,Flipkart,Flipkart,https://www.flipkart.com/cleannxo-classic-liquid-detergent-5l-pack-front-top-load-washing-machine/p/itm04203ae04ab45?pid=LDGHPG34HWDNHQNW&lid=LSTLDGHPG34HWDNHQNWSOOLBD&marketplace=FLIPKART&q=washing+machine+liquid+detergent&store=rja%2Fplv%2Fxdq&srno=s_1_34&otracker=search&fm=organic&iid=0516046a-1df3-4f87-a595-481a08c3b310.LDGHPG34HWDNHQNW.SEARCH&ppt=sp&ppn=sp&ssid=8aa19tuzjk0000001786988017234&qH=2721e1dc434c5ada&ov_redirect=true&ov_redirect=true,https://rukminim2.flixcart.com/image/612/612/xif0q/liquid-detergent/i/q/v/5-classic-liquid-detergent-5l-pack-for-front-top-load-washing-original-imahpg34hmrxdmyy.jpeg?q=70,17-08-26,4.62,,Valid,Valid,No Reviews
130,FLIP_0074,Purela,Purela,Competitor,Not Team Thai,"PURELA Liquid Detergent 5 Liter, Washing Machine Liquid... 5 kg 4(93) ₹489₹1,09955% off Only few left",Liquid Detergent,5 Liter,5.0,l,5000.0,,Not Specified,1099.0,489.0,9.78,,Mid Premium,55.0,55.50500454959055,4.0,93.0,Low,Valid,Valid,Available,100,Excellent,False,Flipkart,Flipkart,https://www.flipkart.com/purela-liquid-detergent-5-liter-washing-machine-top-front-load-lavender/p/itm04441dec340ea?pid=LDGHYHBYJFAQTUZ7&lid=LSTLDGHYHBYJFAQTUZ7MEPLVJ&marketplace=FLIPKART&q=washing+machine+liquid+detergent&store=rja%2Fplv%2Fxdq&srno=s_1_35&otracker=search&fm=organic&iid=0516046a-1df3-4f87-a595-481a08c3b310.LDGHYHBYJFAQTUZ7.SEARCH&ppt=sp&ppn=sp&ssid=8aa19tuzjk0000001786988017234&qH=2721e1dc434c5ada&ov_redirect=true&ov_redirect=true,https://rukminim2.flixcart.com/image/612/612/xif0q/liquid-detergent/p/r/w/5-liquid-detergent-5-liter-washing-machine-liquid-for-top-front-original-imahpp4ykgsuumzy.jpeg?q=70,17-08-26,9.78,,Valid,Valid,Low
131,FLIP_0075,Ibf,IBF,Competitor,Not Team Thai,"IBF Premium liquid detergent for machine & hand wash Mu... 5 L ₹1,193₹1,99540% off Only few left",Liquid Detergent,5 L,5.0,l,5000.0,,Hand Wash,1995.0,1193.0,23.86,,Luxury / High Premium,40.0,40.20050125313283,,0.0,No Reviews,Valid,No Rating,Available,90,Excellent,False,Flipkart,Flipkart,https://www.flipkart.com/ibf-premium-liquid-detergent-machine-hand-wash-multi-fragrance/p/itm60218ac31b0d3?pid=LDGH695HBXRUHEPM&lid=LSTLDGH695HBXRUHEPMVZFZW2&marketplace=FLIPKART&q=washing+machine+liquid+detergent&store=rja%2Fplv%2Fxdq&srno=s_1_37&otracker=search&fm=organic&iid=0516046a-1df3-4f87-a595-481a08c3b310.LDGH695HBXRUHEPM.SEARCH&ppt=sp&ppn=sp&ssid=8aa19tuzjk0000001786988017234&qH=2721e1dc434c5ada&ov_redirect=true&ov_redirect=true,https://rukminim2.flixcart.com/image/612/612/xif0q/liquid-detergent/s/h/7/5-liquid-detergent-ibf-original-imahgqf44hm6xku4.jpeg?q=70,17-08-26,23.86,,Valid,Valid,No Reviews
132,FLIP_0076,Ifb,IFB,Competitor,Not Team Thai,"Front Load ifb Fluff Essentials Liquid Detergent |Tough... 10 x 100 ml 5(19) ₹1,990₹3,60044% off",Liquid Detergent,10 x 100 ml,100.0,ml,100.0,,Front Load,3600.0,1990.0,1990.0,,Luxury / High Premium,44.0,44.72222222222222,5.0,19.0,Low,Valid,Valid,Available,100,Excellent,False,Flipkart,Flipkart,https://www.flipkart.com/front-load-ifb-fluff-essentials-liquid-detergent-tough-stain-remover/p/itmd82f741283872?pid=LDGHPHFHGFPGMWW6&lid=LSTLDGHPHFHGFPGMWW6TSOPY8&marketplace=FLIPKART&q=liquid+detergent+front+load&store=rja%2Fplv%2Fxdq&srno=s_1_1&otracker=search&fm=organic&iid=en_-FwR0_Z-uCwkqStfYlzIyGLpLdwdGDYeeDiahGA_HnHRKvVymHCEQLUWOz5D9ySxlhhMGwlem0JqJaFSqo_ppkmt5U_uyOb4HdH7puGr2tptKg-DsJl2aX2RAiCMK7Ud&ppt=sp&ppn=sp&ssid=r2w85k1iio0000001786988029527&qH=512f6544c3919989&ov_redirect=true&ov_redirect=true,https://rukminim2.flixcart.com/image/612/612/xif0q/liquid-detergent/r/t/x/10-ifb-fluff-essentials-liquid-detergent-tough-stain-remover-original-imahp7c4kxm3gzhs.jpeg?q=70,17-08-26,1990.0,,Valid,Valid,Low
133,FLIP_0077,Ifb,IFB,Competitor,Not Team Thai,Front Load IFB Fluff Matic Front Load Liquid Detergent ... 2 x 500 ml 3.7(42) ₹395₹72045% off Hot Deal,Liquid Detergent,2 x 500 ml,500.0,ml,500.0,,Front Load,720.0,395.0,79.0,,Mid Premium,45.0,45.13888888888889,3.7,42.0,Low,Valid,Valid,Available,100,Excellent,False,Flipkart,Flipkart,https://www.flipkart.com/front-load-ifb-fluff-matic-liquid-detergent-floral/p/itm97743aad5f1bc?pid=LDGHZGGHMJCTM839&lid=LSTLDGHZGGHMJCTM839ZJRGPT&marketplace=FLIPKART&q=liquid+detergent+front+load&store=rja%2Fplv%2Fxdq&srno=s_1_4&otracker=search&fm=organic&iid=4e7f22b4-9de2-4d69-8348-38203ce1ad3e.LDGHZGGHMJCTM839.SEARCH&ppt=sp&ppn=sp&ssid=r2w85k1iio0000001786988029527&qH=512f6544c3919989&ov_redirect=true&ov_redirect=true,https://rukminim2.flixcart.com/image/612/612/xif0q/liquid-detergent/v/a/t/1000-ifb-fluff-matic-front-load-liquid-detergent-frontload-original-imahzgghzeneeeh8.jpeg?q=70,17-08-26,79.0,,Valid,Valid,Low
134,FLIP_0078,Henko,Henko,Competitor,Not Team Thai,"Henko Stain Care Front Load Fresh Liquid Detergent 2 L 4.3(3,395) ₹166₹44062% off Value 365",Liquid Detergent,2 L,2.0,l,2000.0,,Front Load,440.0,166.0,8.3,,Mass Market,62.0,62.27272727272727,4.3,3395.0,High,Valid,Valid,Available,100,Excellent,False,Flipkart,Flipkart,https://www.flipkart.com/henko-stain-care-front-load-fresh-liquid-detergent/p/itm19e32433ec8e2?pid=LDGHFPS9RBZNJXVU&lid=LSTLDGHFPS9RBZNJXVU7WBYFJ&marketplace=FLIPKART&q=liquid+detergent+front+load&store=rja%2Fplv%2Fxdq&srno=s_1_5&otracker=search&fm=organic&iid=4e7f22b4-9de2-4d69-8348-38203ce1ad3e.LDGHFPS9RBZNJXVU.SEARCH&ppt=sp&ppn=sp&ssid=r2w85k1iio0000001786988029527&qH=512f6544c3919989&ov_redirect=true&ov_redirect=true,https://rukminim2.flixcart.com/image/612/612/xif0q/liquid-detergent/h/a/y/-original-imah3apruzxvz4wj.jpeg?q=70,17-08-26,8.3,,Valid,Valid,High
135,FLIP_0079,Organic,Organic,Competitor,Not Team Thai,ORGANIC RAINBOW Front Load Enzyme Liquid Detergent Lime... 2000 ml 5(1) ₹229₹39942% off,Liquid Detergent,2000 ml,2000.0,ml,2000.0,,Front Load,399.0,229.0,11.45,,Mass Market,42.0,42.606516290726816,5.0,1.0,Very Low,Valid,Valid,Available,100,Excellent,False,Flipkart,Flipkart,https://www.flipkart.com/organic-rainbow-front-load-enzyme-liquid-detergent-lime/p/itm8f56957b727dc?pid=LDGHHVH7CE9CBWPY&lid=LSTLDGHHVH7CE9CBWPY44PIYS&marketplace=FLIPKART&q=liquid+detergent+front+load&store=rja%2Fplv%2Fxdq&srno=s_1_6&otracker=search&fm=organic&iid=en_-FwR0_Z-uCwkqStfYlzIyGLpLdwdGDYeeDiahGA_HnGY0BKmwD9S-3UdLYZXIvcdynaA6xdV0ORDB_84JrgoJxs_5xFzrpmMxX6kXlqvRoyT7UYEnDz0abyUuBm-PLcj&ppt=sp&ppn=sp&ssid=r2w85k1iio0000001786988029527&qH=512f6544c3919989&ov_redirect=true&ov_redirect=true,https://rukminim2.flixcart.com/image/612/612/xif0q/liquid-detergent/n/o/q/2000-front-load-enzyme-liquid-detergent-organic-rainbow-original-imahhvh7pdvftcxz.jpeg?q=70,17-08-26,11.45,,Valid,Valid,Very Low
136,FLIP_0080,Ifb,IFB,Competitor,Not Team Thai,IFB Front load liquid detergent (Pack of 2) Multi-Fragr... 2 L 3.7(152) ₹627₹72012% off Only 2 left,Liquid Detergent,2 L,2.0,l,2000.0,,Front Load,720.0,627.0,31.35,,Premium,12.0,12.916666666666668,3.7,152.0,Moderate,Valid,Valid,Available,100,Excellent,False,Flipkart,Flipkart,https://www.flipkart.com/ifb-front-load-liquid-detergent-pack-2-multi-fragrance/p/itm9a2f42ff00030?pid=LDGFVK8SYV6WNCHF&lid=LSTLDGFVK8SYV6WNCHFVYCYS2&marketplace=FLIPKART&q=liquid+detergent+front+load&store=rja%2Fplv%2Fxdq&srno=s_1_7&otracker=search&fm=organic&iid=4e7f22b4-9de2-4d69-8348-38203ce1ad3e.LDGFVK8SYV6WNCHF.SEARCH&ppt=sp&ppn=sp&ssid=r2w85k1iio0000001786988029527&qH=512f6544c3919989&ov_redirect=true&ov_redirect=true,https://rukminim2.flixcart.com/image/612/612/k5si2kw0/liquid-detergent/z/d/f/1-liquid-detergent-for-washing-clothes-ifb-original-imafnkegesqcgudx.jpeg?q=70,17-08-26,31.35,,Valid,Valid,Moderate
137,FLIP_0081,Front,Front,Competitor,Not Team Thai,Front Load Fluff Essentials Liquid Detergent | Tough St... 2 x 1 L 4.5(4) ₹460₹72036% off Only few left,Liquid Detergent,2 x 1 L,1.0,l,1000.0,,Front Load,720.0,460.0,46.0,,Mid Premium,36.0,36.11111111111111,4.5,4.0,Very Low,Valid,Valid,Available,100,Excellent,False,Flipkart,Flipkart,https://www.flipkart.com/front-load-fluff-essentials-liquid-detergent-tough-stain-remover-color-care-laundry-floral/p/itmf06d863fb423f?pid=LDGHPFU86BMHGERY&lid=LSTLDGHPFU86BMHGERYU6HIT8&marketplace=FLIPKART&q=liquid+detergent+front+load&store=rja%2Fplv%2Fxdq&srno=s_1_8&otracker=search&fm=organic&iid=4e7f22b4-9de2-4d69-8348-38203ce1ad3e.LDGHPFU86BMHGERY.SEARCH&ppt=sp&ppn=sp&ssid=r2w85k1iio0000001786988029527&qH=512f6544c3919989&ov_redirect=true&ov_redirect=true,https://rukminim2.flixcart.com/image/612/612/xif0q/shopsy-liquid-detergent/d/r/7/2-fluff-liquid-detergent-2-multi-fragrance-liquid-detergent-ifb-original-imah4cbzyuv7g8bz.jpeg?q=70,17-08-26,46.0,,Valid,Valid,Very Low
138,FLIP_0082,Rin,Rin,Competitor,Not Team Thai,Rin Matic Front Load Fresh Liquid Detergent 2 L 4.5(122) ₹345 Only few left,Liquid Detergent,2 L,2.0,l,2000.0,,Front Load,345.0,345.0,17.25,,Mid Premium,0.0,0.0,4.5,122.0,Moderate,Valid,Valid,Available,100,Excellent,False,Flipkart,Flipkart,https://www.flipkart.com/rin-matic-front-load-fresh-liquid-detergent/p/itme4742e41d20cc?pid=LDGHYYPYQRYNWJPD&lid=LSTLDGHYYPYQRYNWJPDFTK5RA&marketplace=FLIPKART&q=liquid+detergent+front+load&store=rja%2Fplv%2Fxdq&srno=s_1_9&otracker=search&fm=organic&iid=4e7f22b4-9de2-4d69-8348-38203ce1ad3e.LDGHYYPYQRYNWJPD.SEARCH&ppt=sp&ppn=sp&ssid=r2w85k1iio0000001786988029527&qH=512f6544c3919989&ov_redirect=true&ov_redirect=true,https://rukminim2.flixcart.com/image/612/612/xif0q/liquid-detergent/g/o/h/-original-imahmb445f9cpg8k.jpeg?q=70,17-08-26,17.25,,Valid,Valid,Moderate
139,FLIP_0083,Purela,Purela,Competitor,Not Team Thai,"PURELA liquid detergent pink for all type of cloth, top... 5 kg 4(11) ₹489₹1,09955% off",Liquid Detergent,5 kg,5.0,kg,,5000.0,Not Specified,1099.0,489.0,,9.78,Mid Premium,55.0,55.50500454959055,4.0,11.0,Low,Valid,Valid,Available,100,Excellent,False,Flipkart,Flipkart,https://www.flipkart.com/purela-liquid-detergent-pink-all-type-cloth-top-load-front-machine-rose/p/itm0cbb3be26232c?pid=LDGHYHBJCDA79MEJ&lid=LSTLDGHYHBJCDA79MEJOZLJ4C&marketplace=FLIPKART&q=liquid+detergent+front+load&store=rja%2Fplv%2Fxdq&srno=s_1_12&otracker=search&fm=organic&iid=en_-FwR0_Z-uCwkqStfYlzIyGLpLdwdGDYeeDiahGA_HnGA5FeigWQPweFgPG3BzzD8S1IajwKBgJ_DyRWIrkbkWdAfR6PtVGucFZh5VXleIeKT7UYEnDz0abyUuBm-PLcj&ppt=sp&ppn=sp&ssid=r2w85k1iio0000001786988029527&qH=512f6544c3919989&ov_redirect=true&ov_redirect=true,https://rukminim2.flixcart.com/image/612/612/xif0q/liquid-detergent/g/e/q/5-liquid-detergent-pink-for-all-type-of-cloth-top-load-and-front-original-imahpp5jz3gdzfh4.jpeg?q=70,17-08-26,,9.78,Valid,Valid,Low
140,FLIP_0084,Ifb,IFB,Competitor,Not Team Thai,IFB Essensial Liquid detergent for Front Load Multi-Fra... 1000 ml 4.3(369) ₹267₹36025% off Hot Deal,Liquid Detergent,1000 ml,1000.0,ml,1000.0,,Front Load,360.0,267.0,26.700000000000003,,Mass Market,25.0,25.833333333333336,4.3,369.0,Moderate,Valid,Valid,Available,100,Excellent,False,Flipkart,Flipkart,https://www.flipkart.com/ifb-essensial-liquid-detergent-front-load-multi-fragrance/p/itmfenmy8cc3t58x?pid=LDGFEN7FZ56GH3QM&lid=LSTLDGFEN7FZ56GH3QMLZCFVS&marketplace=FLIPKART&q=liquid+detergent+front+load&store=rja%2Fplv%2Fxdq&srno=s_1_14&otracker=search&fm=organic&iid=4e7f22b4-9de2-4d69-8348-38203ce1ad3e.LDGFEN7FZ56GH3QM.SEARCH&ppt=sp&ppn=sp&ssid=r2w85k1iio0000001786988029527&qH=512f6544c3919989&ov_redirect=true&ov_redirect=true,https://rukminim2.flixcart.com/image/612/612/l1grgcw0/dish-washing-detergent/t/u/1/lemon-500-123-1-keshvikeshav-original-imafemwf6ejhmdwk.jpeg?q=70,17-08-26,26.700000000000003,,Valid,Valid,Moderate
141,FLIP_0085,Purela,Purela,Competitor,Not Team Thai,"PURELA Liquid Detergent, Suitable for top load detergen... 5000 ml 4.1(4,848) ₹489₹1,09955% off Only few left",Liquid Detergent,5000 ml,5000.0,ml,5000.0,,Top Load,1099.0,489.0,9.78,,Mid Premium,55.0,55.50500454959055,4.1,4848.0,High,Valid,Valid,Available,100,Excellent,False,Flipkart,Flipkart,https://www.flipkart.com/purela-liquid-detergent-suitable-top-load-detergent-front-wash-machine-hand-fresh/p/itmc5c16db069223?pid=LDGGFBSQJGWVPTW9&lid=LSTLDGGFBSQJGWVPTW97DUNF2&marketplace=FLIPKART&q=liquid+detergent+front+load&store=rja%2Fplv%2Fxdq&srno=s_1_16&otracker=search&fm=organic&iid=4e7f22b4-9de2-4d69-8348-38203ce1ad3e.LDGGFBSQJGWVPTW9.SEARCH&ppt=sp&ppn=sp&ssid=r2w85k1iio0000001786988029527&qH=512f6544c3919989&ov_redirect=true&ov_redirect=true,https://rukminim2.flixcart.com/image/612/612/xif0q/liquid-detergent/f/1/4/5000-liquid-detergent-suitable-for-top-load-detergent-and-front-original-imahgypyvtgnh8nh.jpeg?q=70,17-08-26,9.78,,Valid,Valid,High
142,FLIP_0086,Egret,Egret,Competitor,Not Team Thai,Egret Front Load Rose Liquid Detergent 4 x 1 L ₹536₹70023% off Only few left,Liquid Detergent,4 x 1 L,1.0,l,1000.0,,Front Load,700.0,536.0,53.6,,Mid Premium,23.0,23.42857142857143,,0.0,No Reviews,Valid,No Rating,Available,90,Excellent,False,Flipkart,Flipkart,https://www.flipkart.com/egret-front-load-rose-liquid-detergent/p/itm5beb6f843af2b?pid=LDGGZ4NENG4GWJPS&lid=LSTLDGGZ4NENG4GWJPS0ZGKJA&marketplace=FLIPKART&q=liquid+detergent+front+load&store=rja%2Fplv%2Fxdq&srno=s_1_20&otracker=search&fm=organic&iid=4e7f22b4-9de2-4d69-8348-38203ce1ad3e.LDGGZ4NENG4GWJPS.SEARCH&ppt=sp&ppn=sp&ssid=r2w85k1iio0000001786988029527&qH=512f6544c3919989&ov_redirect=true&ov_redirect=true,https://rukminim2.flixcart.com/image/612/612/xif0q/liquid-detergent/t/d/j/4-front-load-egret-original-imagz4nehjkkfgts.jpeg?q=70,17-08-26,53.6,,Valid,Valid,No Reviews
143,FLIP_0087,Henko,Henko,Competitor,Not Team Thai,"Henko Stain Care Front Load Fresh Liquid Detergent 1 L 4.3(3,395) ₹129₹21038% off Value 365",Liquid Detergent,1 L,1.0,l,1000.0,,Front Load,210.0,129.0,12.9,,Budget,38.0,38.57142857142858,4.3,3395.0,High,Valid,Valid,Available,100,Excellent,False,Flipkart,Flipkart,https://www.flipkart.com/henko-stain-care-front-load-fresh-liquid-detergent/p/itm19e32433ec8e2?pid=LDGHFPS9SVTQCERZ&lid=LSTLDGHFPS9SVTQCERZLS810X&marketplace=FLIPKART&q=liquid+detergent+front+load&store=rja%2Fplv%2Fxdq&srno=s_1_22&otracker=search&fm=organic&iid=4e7f22b4-9de2-4d69-8348-38203ce1ad3e.LDGHFPS9SVTQCERZ.SEARCH&ppt=sp&ppn=sp&ssid=r2w85k1iio0000001786988029527&qH=512f6544c3919989&ov_redirect=true&ov_redirect=true,https://rukminim2.flixcart.com/image/612/612/xif0q/liquid-detergent/k/h/v/1-stain-care-detergent-liquid-front-load-henko-enriched-transparent-original-imah38khbt8ttyh6.png?q=70,17-08-26,12.9,,Valid,Valid,High
144,FLIP_0088,Binrola,Binrola,Competitor,Not Team Thai,"Binrola Liquid Detergent, Suitable Detergent for top lo... 5000 ml 4(83) ₹405₹1,19966% off Hot Deal",Liquid Detergent,5000 ml,5000.0,ml,5000.0,,Not Specified,1199.0,405.0,8.1,,Mid Premium,66.0,66.22185154295246,4.0,83.0,Low,Valid,Valid,Available,100,Excellent,False,Flipkart,Flipkart,https://www.flipkart.com/binrola-liquid-detergent-suitable-detergent-top-load-front-laundry-yellow-lime/p/itm3c97f3a07856b?pid=LDGGWZXNV62NHUMH&lid=LSTLDGGWZXNV62NHUMHPYIQIF&marketplace=FLIPKART&q=liquid+detergent+front+load&store=rja%2Fplv%2Fxdq&srno=s_1_23&otracker=search&fm=organic&iid=4e7f22b4-9de2-4d69-8348-38203ce1ad3e.LDGGWZXNV62NHUMH.SEARCH&ppt=sp&ppn=sp&ssid=r2w85k1iio0000001786988029527&qH=512f6544c3919989&ov_redirect=true&ov_redirect=true,https://rukminim2.flixcart.com/image/612/612/xif0q/liquid-detergent/d/p/e/5000-liquid-detergent-suitable-detergent-for-top-load-front-load-original-imagwzxgbbhz5a5f.jpeg?q=70,17-08-26,8.1,,Valid,Valid,Low
145,FLIP_0089,Dr,Dr.Wash,Team Thai,High,"Dr Wash Liquid Detergent for Front Load Machines, Ultra... 2 L 4.5(2) ₹270₹46041% off Only few left",Liquid Detergent,2 L,2.0,l,2000.0,,Front Load,460.0,270.0,13.5,,Mass Market,41.0,41.30434782608695,4.5,2.0,Very Low,Valid,Valid,Available,100,Excellent,False,Flipkart,Flipkart,https://www.flipkart.com/wash-liquid-detergent-front-load-machines-ultra-power-matic-formula-2-l-fresh/p/itm85c5c53f47326?pid=LDGHZYMBKDWDHHHN&lid=LSTLDGHZYMBKDWDHHHNVFNKCY&marketplace=FLIPKART&q=liquid+detergent+front+load&store=rja%2Fplv%2Fxdq&srno=s_1_24&otracker=search&fm=organic&iid=4e7f22b4-9de2-4d69-8348-38203ce1ad3e.LDGHZYMBKDWDHHHN.SEARCH&ppt=sp&ppn=sp&ssid=r2w85k1iio0000001786988029527&qH=512f6544c3919989&ov_redirect=true&ov_redirect=true,https://rukminim2.flixcart.com/image/612/612/xif0q/liquid-detergent/4/k/8/2-ultra-power-matic-formula-for-front-load-machines-dr-wash-original-imahhefbregpkfgg.jpeg?q=70,17-08-26,13.5,,Valid,Valid,Very Low
146,FLIP_0090,Binrola,Binrola,Competitor,Not Team Thai,"Binrola Liquid Detergent, Suitable Detergent for top lo... 5000 ml 4.1(139) ₹405₹1,19966% off Hot Deal",Liquid Detergent,5000 ml,5000.0,ml,5000.0,,Not Specified,1199.0,405.0,8.1,,Mid Premium,66.0,66.22185154295246,4.1,139.0,Moderate,Valid,Valid,Available,100,Excellent,False,Flipkart,Flipkart,https://www.flipkart.com/binrola-liquid-detergent-suitable-detergent-top-load-front-detergent-purple-classic/p/itm08427496e2142?pid=LDGGXYYQHGA7RUQS&lid=LSTLDGGXYYQHGA7RUQSISBT0S&marketplace=FLIPKART&q=liquid+detergent+front+load&store=rja%2Fplv%2Fxdq&srno=s_1_25&otracker=search&fm=organic&iid=4e7f22b4-9de2-4d69-8348-38203ce1ad3e.LDGGXYYQHGA7RUQS.SEARCH&ppt=sp&ppn=sp&ssid=r2w85k1iio0000001786988029527&qH=512f6544c3919989&ov_redirect=true&ov_redirect=true,https://rukminim2.flixcart.com/image/612/612/xif0q/liquid-detergent/r/i/j/5000-liquid-detergent-suitable-detergent-for-top-load-front-load-original-imagwzyzzqwbygm3.jpeg?q=70,17-08-26,8.1,,Valid,Valid,Moderate
147,FLIP_0091,Parryware,Parryware,Competitor,Not Team Thai,Parryware Fab Det Liquid Detergent for Front Load machi... 1000 ml 4.3(4) ₹309₹36014% off Only few left,Liquid Detergent,1000 ml,1000.0,ml,1000.0,,Front Load,360.0,309.0,30.9,,Mid Premium,14.0,14.166666666666666,4.3,4.0,Very Low,Valid,Valid,Available,100,Excellent,False,Flipkart,Flipkart,https://www.flipkart.com/parryware-fab-det-liquid-detergent-front-load-machines-1l-pack-power-clean-formula-fresh/p/itm16717ee2e4c90?pid=LDGH6AF4XZ5PYNUD&lid=LSTLDGH6AF4XZ5PYNUDPNWK6Z&marketplace=FLIPKART&q=liquid+detergent+front+load&store=rja%2Fplv%2Fxdq&srno=s_1_26&otracker=search&fm=organic&iid=4e7f22b4-9de2-4d69-8348-38203ce1ad3e.LDGH6AF4XZ5PYNUD.SEARCH&ppt=sp&ppn=sp&ssid=r2w85k1iio0000001786988029527&qH=512f6544c3919989&ov_redirect=true&ov_redirect=true,https://rukminim2.flixcart.com/image/612/612/xif0q/shopsy-liquid-detergent/g/5/r/1000-fab-det-liquid-detergent-for-front-load-washing-machine-low-original-imah7jxyrrvn4qcu.jpeg?q=70,17-08-26,30.9,,Valid,Valid,Very Low
148,FLIP_0092,Purela,Purela,Competitor,Not Team Thai,"PURELA Ultra Matic Liquid Detergent 5kg | Front & Top L... 5 kg 3.8(8) ₹397₹1,09963% off Hot Deal",Liquid Detergent,5kg,5.0,kg,,5000.0,Not Specified,1099.0,397.0,,7.939999999999999,Mid Premium,63.0,63.87625113739763,3.8,8.0,Very Low,Valid,Valid,Available,100,Excellent,False,Flipkart,Flipkart,https://www.flipkart.com/purela-ultra-matic-liquid-detergent-5kg-front-top-load-machines-fresh/p/itm8acb9104462eb?pid=LDGHJY8AZEXFGHXA&lid=LSTLDGHJY8AZEXFGHXAMXWHKW&marketplace=FLIPKART&q=liquid+detergent+front+load&store=rja%2Fplv%2Fxdq&srno=s_1_27&otracker=search&fm=organic&iid=4e7f22b4-9de2-4d69-8348-38203ce1ad3e.LDGHJY8AZEXFGHXA.SEARCH&ppt=sp&ppn=sp&ssid=r2w85k1iio0000001786988029527&qH=512f6544c3919989&ov_redirect=true&ov_redirect=true,https://rukminim2.flixcart.com/image/612/612/xif0q/liquid-detergent/7/t/b/5-ultra-matic-liquid-detergent-lavender-5l-front-top-load-original-imahpknwj2ajfynr.jpeg?q=70,17-08-26,,7.939999999999999,Valid,Valid,Very Low
149,FLIP_0093,Pumk,Pumk,Competitor,Not Team Thai,PUMK TOP LOAD FRONT LOAD PREMIUM LIQUID DETERGENT 10L A... 10000 ml 3.7(110) ₹149₹99985% off Lowest price since launch,Liquid Detergent,10000 ml,10000.0,ml,10000.0,,Front + Top Load,999.0,149.0,1.49,,Budget,85.0,85.08508508508508,3.7,110.0,Moderate,Valid,Valid,Available,100,Excellent,False,Flipkart,Flipkart,https://www.flipkart.com/pumk-top-load-front-premium-liquid-detergent-10l-aqua-after-wash/p/itm84d6ea9d2641d?pid=LDGHKFMSC3NTNUTA&lid=LSTLDGHKFMSC3NTNUTAFI4QLG&marketplace=FLIPKART&q=liquid+detergent+front+load&store=rja%2Fplv%2Fxdq&srno=s_1_28&otracker=search&fm=organic&iid=4e7f22b4-9de2-4d69-8348-38203ce1ad3e.LDGHKFMSC3NTNUTA.SEARCH&ppt=sp&ppn=sp&ssid=r2w85k1iio0000001786988029527&qH=512f6544c3919989&ov_redirect=true&ov_redirect=true,https://rukminim2.flixcart.com/image/612/612/xif0q/liquid-detergent/x/t/h/5000-top-load-front-load-premium-liquid-detergent-5l-blue-pumk-original-imahjyjuh3zn4uag.jpeg?q=70,17-08-26,1.49,,Valid,Valid,Moderate
150,FLIP_0094,Binrola,Binrola,Competitor,Not Team Thai,"Binrola Liquid Detergent Suitable Detergent for top & f... 5000 ml 3.9(67) ₹399₹1,19966% off Hot Deal",Liquid Detergent,5000 ml,5000.0,ml,5000.0,,Not Specified,1199.0,399.0,7.979999999999999,,Mid Premium,66.0,66.72226855713093,3.9,67.0,Low,Valid,Valid,Available,100,Excellent,False,Flipkart,Flipkart,https://www.flipkart.com/binrola-liquid-detergent-suitable-top-front-load-detergent-green-neem/p/itmf4978b5c3d1ba?pid=LDGGWZX28NEV7UYM&lid=LSTLDGGWZX28NEV7UYMA8TU4J&marketplace=FLIPKART&q=liquid+detergent+front+load&store=rja%2Fplv%2Fxdq&srno=s_1_29&otracker=search&fm=organic&iid=4e7f22b4-9de2-4d69-8348-38203ce1ad3e.LDGGWZX28NEV7UYM.SEARCH&ppt=sp&ppn=sp&ssid=r2w85k1iio0000001786988029527&qH=512f6544c3919989&ov_redirect=true&ov_redirect=true,https://rukminim2.flixcart.com/image/612/612/xif0q/liquid-detergent/f/p/m/5000-liquid-detergent-suitable-detergent-for-top-front-load-original-imagwzx2zczqkzbg.jpeg?q=70,17-08-26,7.979999999999999,,Valid,Valid,Low
151,FLIP_0095,Krishpa,Krishpa,Competitor,Not Team Thai,"Krishpa Front Load Liquid Detergent 5 Litre Liquid Dete... 5 L ₹852₹1,00014% off Only few left",Liquid Detergent,5 Litre,5.0,l,5000.0,,Front Load,1000.0,852.0,17.04,,Premium,14.0,14.8,,0.0,No Reviews,Valid,No Rating,Available,90,Excellent,False,Flipkart,Flipkart,https://www.flipkart.com/krishpa-front-load-liquid-detergent-5-litre/p/itm28eed9e21c82b?pid=LDGH7RGBTGTKV9FT&lid=LSTLDGH7RGBTGTKV9FTGR1DGU&marketplace=FLIPKART&q=liquid+detergent+front+load&store=rja%2Fplv%2Fxdq&srno=s_1_30&otracker=search&fm=organic&iid=4e7f22b4-9de2-4d69-8348-38203ce1ad3e.LDGH7RGBTGTKV9FT.SEARCH&ppt=sp&ppn=sp&ssid=r2w85k1iio0000001786988029527&qH=512f6544c3919989&ov_redirect=true&ov_redirect=true,https://rukminim2.flixcart.com/image/612/612/xif0q/liquid-detergent/g/g/8/5-front-load-liquid-detergent-5-litre-krishpa-original-imah7rpf6uz42fhh.jpeg?q=70,17-08-26,17.04,,Valid,Valid,No Reviews
152,FLIP_0096,Binrola,Binrola,Competitor,Not Team Thai,"Binrola Liquid Detergent, Suitable Detergent for top lo... 5000 ml 3.8(20) ₹399₹1,19966% off Only few left",Liquid Detergent,5000 ml,5000.0,ml,5000.0,,Not Specified,1199.0,399.0,7.979999999999999,,Mid Premium,66.0,66.72226855713093,3.8,20.0,Low,Valid,Valid,Available,100,Excellent,False,Flipkart,Flipkart,https://www.flipkart.com/binrola-liquid-detergent-suitable-detergent-top-load-front-laundry-classic/p/itm95d7529e5de24?pid=LDGGWYHFAEX5FGZJ&lid=LSTLDGGWYHFAEX5FGZJGCIHWB&marketplace=FLIPKART&q=liquid+detergent+front+load&store=rja%2Fplv%2Fxdq&srno=s_1_31&otracker=search&fm=organic&iid=4e7f22b4-9de2-4d69-8348-38203ce1ad3e.LDGGWYHFAEX5FGZJ.SEARCH&ppt=sp&ppn=sp&ssid=r2w85k1iio0000001786988029527&qH=512f6544c3919989&ov_redirect=true&ov_redirect=true,https://rukminim2.flixcart.com/image/612/612/xif0q/liquid-detergent/g/u/v/5000-liquid-detergent-suitable-detergent-for-top-load-front-load-original-imagwyhfutn9ey3p.jpeg?q=70,17-08-26,7.979999999999999,,Valid,Valid,Low
153,FLIP_0097,Lisops,Lisops,Competitor,Not Team Thai,LiSops Matic Laundry Liquid Detergent (for front load t... 2000 ml 3.3(18) ₹262₹69962% off Hot Deal,Liquid Detergent,2000 ml,2000.0,ml,2000.0,,Front Load,699.0,262.0,13.1,,Mass Market,62.0,62.51788268955652,3.3,18.0,Low,Valid,Valid,Available,100,Excellent,False,Flipkart,Flipkart,https://www.flipkart.com/lisops-matic-laundry-liquid-detergent-for-front-load-top-machines-multi-fragrance/p/itm271ea910205eb?pid=LDGFZ89GDUYBBXKE&lid=LSTLDGFZ89GDUYBBXKEW3AB3F&marketplace=FLIPKART&q=liquid+detergent+front+load&store=rja%2Fplv%2Fxdq&srno=s_1_32&otracker=search&fm=organic&iid=4e7f22b4-9de2-4d69-8348-38203ce1ad3e.LDGFZ89GDUYBBXKE.SEARCH&ppt=sp&ppn=sp&ssid=r2w85k1iio0000001786988029527&qH=512f6544c3919989&ov_redirect=true&ov_redirect=true,https://rukminim2.flixcart.com/image/612/612/xif0q/liquid-detergent/h/v/a/2000-matic-laundry-liquid-detergent-for-front-load-top-load-original-imah883afuua9zf7.jpeg?q=70,17-08-26,13.1,,Valid,Valid,Low
154,FLIP_0098,Ibf,IBF,Competitor,Not Team Thai,IBF Front & Top Load Advance Matic Liquid Detergent Mul... 2 x 1 L 3.8(12) ₹389₹49922% off Only few left,Liquid Detergent,2 x 1 L,1.0,l,1000.0,,Top Load,499.0,389.0,38.9,,Mid Premium,22.0,22.044088176352705,3.8,12.0,Low,Valid,Valid,Available,100,Excellent,False,Flipkart,Flipkart,https://www.flipkart.com/ibf-front-top-load-advance-matic-liquid-detergent-multi-fragrance/p/itm0e5f63e7b3b51?pid=LDGH5ZJGHRGHS2YC&lid=LSTLDGH5ZJGHRGHS2YCGPHRSJ&marketplace=FLIPKART&q=liquid+detergent+front+load&store=rja%2Fplv%2Fxdq&srno=s_1_33&otracker=search&fm=organic&iid=4e7f22b4-9de2-4d69-8348-38203ce1ad3e.LDGH5ZJGHRGHS2YC.SEARCH&ppt=sp&ppn=sp&ssid=r2w85k1iio0000001786988029527&qH=512f6544c3919989&ov_redirect=true&ov_redirect=true,https://rukminim2.flixcart.com/image/612/612/xif0q/liquid-detergent/j/x/j/2-front-top-load-advance-matic-liquid-detergent-ibf-original-imahmd82jpkrneyk.jpeg?q=70,17-08-26,38.9,,Valid,Valid,Low
155,FLIP_0099,Egret,Egret,Competitor,Not Team Thai,Egret Front Load Jasmine Liquid Detergent 5 L ₹655₹89526% off Only few left,Liquid Detergent,5 L,5.0,l,5000.0,,Front Load,895.0,655.0,13.1,,Premium,26.0,26.81564245810056,,0.0,No Reviews,Valid,No Rating,Available,90,Excellent,False,Flipkart,Flipkart,https://www.flipkart.com/egret-front-load-jasmine-liquid-detergent/p/itm5beb6f843af2b?pid=LDGHYP56EUHSZPQP&lid=LSTLDGHYP56EUHSZPQPMGCWME&marketplace=FLIPKART&q=liquid+detergent+front+load&store=rja%2Fplv%2Fxdq&srno=s_1_34&otracker=search&fm=organic&iid=4e7f22b4-9de2-4d69-8348-38203ce1ad3e.LDGHYP56EUHSZPQP.SEARCH&ppt=sp&ppn=sp&ssid=r2w85k1iio0000001786988029527&qH=512f6544c3919989&ov_redirect=true&ov_redirect=true,https://rukminim2.flixcart.com/image/612/612/xif0q/liquid-detergent/v/q/x/5-front-load-egret-original-imahnpyqbndp3gah.jpeg?q=70,17-08-26,13.1,,Valid,Valid,No Reviews
156,FLIP_0100,Bryght,Bryght,Competitor,Not Team Thai,BRYGHT LYF Liquid Detergent Front Load 5L Liquid Deterg... 5000 ml ₹645₹85824% off Only few left,Liquid Detergent,5000 ml,5000.0,ml,5000.0,,Front Load,858.0,645.0,12.9,,Premium,24.0,24.825174825174827,,0.0,No Reviews,Valid,No Rating,Available,90,Excellent,False,Flipkart,Flipkart,https://www.flipkart.com/bryght-lyf-liquid-detergent-front-load-5l/p/itm9510043c6f068?pid=LDGHZGPUUJ6DJ9SX&lid=LSTLDGHZGPUUJ6DJ9SXQONHYP&marketplace=FLIPKART&q=liquid+detergent+front+load&store=rja%2Fplv%2Fxdq&srno=s_1_35&otracker=search&fm=organic&iid=4e7f22b4-9de2-4d69-8348-38203ce1ad3e.LDGHZGPUUJ6DJ9SX.SEARCH&ppt=sp&ppn=sp&ssid=r2w85k1iio0000001786988029527&qH=512f6544c3919989&ov_redirect=true&ov_redirect=true,https://rukminim2.flixcart.com/image/612/612/xif0q/liquid-detergent/s/f/u/5000-liquid-detergent-front-load-5l-bryght-lyf-original-imahzgpub2zhhped.jpeg?q=70,17-08-26,12.9,,Valid,Valid,No Reviews
157,FLIP_0101,Shynix,Shynix,Competitor,Not Team Thai,shyniX Front Load Fresh Liquid Detergent 5 L ₹428₹85049% off Only few left,Liquid Detergent,5 L,5.0,l,5000.0,,Front Load,850.0,428.0,8.559999999999999,,Mid Premium,49.0,49.64705882352941,,0.0,No Reviews,Valid,No Rating,Available,90,Excellent,False,Flipkart,Flipkart,https://www.flipkart.com/shynix-front-load-fresh-liquid-detergent/p/itm60bf8ea456561?pid=LDGHAP6HBYGHZ4D9&lid=LSTLDGHAP6HBYGHZ4D9C9NV06&marketplace=FLIPKART&q=liquid+detergent+front+load&store=rja%2Fplv%2Fxdq&srno=s_1_36&otracker=search&fm=organic&iid=4e7f22b4-9de2-4d69-8348-38203ce1ad3e.LDGHAP6HBYGHZ4D9.SEARCH&ppt=sp&ppn=sp&ssid=r2w85k1iio0000001786988029527&qH=512f6544c3919989&ov_redirect=true&ov_redirect=true,https://rukminim2.flixcart.com/image/612/612/xif0q/liquid-detergent/r/r/e/5-front-load-shynix-original-imahap6h4z6shhpz.jpeg?q=70,17-08-26,8.559999999999999,,Valid,Valid,No Reviews
158,FLIP_0102,Ibf,IBF,Competitor,Not Team Thai,IBF Washing Machine Liquid Detergent TOP & FRONT LOAD (... 2 x 1 L 3.3(3) ₹583₹79927% off Only few left,Liquid Detergent,2 x 1 L,1.0,l,1000.0,,Front Load,799.0,583.0,58.3,,Mid Premium,27.0,27.03379224030037,3.3,3.0,Very Low,Valid,Valid,Available,100,Excellent,False,Flipkart,Flipkart,https://www.flipkart.com/ibf-washing-machine-liquid-detergent-top-front-load-2l-multi-fragrance/p/itm5274ea315c269?pid=LDGHFGA4KQHSXW5W&lid=LSTLDGHFGA4KQHSXW5W54TFSY&marketplace=FLIPKART&q=liquid+detergent+front+load&store=rja%2Fplv%2Fxdq&srno=s_1_37&otracker=search&fm=organic&iid=4e7f22b4-9de2-4d69-8348-38203ce1ad3e.LDGHFGA4KQHSXW5W.SEARCH&ppt=sp&ppn=sp&ssid=r2w85k1iio0000001786988029527&qH=512f6544c3919989&ov_redirect=true&ov_redirect=true,https://rukminim2.flixcart.com/image/612/612/xif0q/liquid-detergent/v/y/p/2-washing-machine-liquid-detergent-top-front-load-2l-ibf-original-imahfga4fag53mvb.jpeg?q=70,17-08-26,58.3,,Valid,Valid,Very Low
159,FLIP_0103,Aquaone,Aquaone,Competitor,Not Team Thai,AQUAONE Suitable for top & front load liquid detergent ... 5000 ml 3.8(85) ₹135₹99986% off Hot Deal,Liquid Detergent,5000 ml,5000.0,ml,5000.0,,Front Load,999.0,135.0,2.7,,Budget,86.0,86.48648648648648,3.8,85.0,Low,Valid,Valid,Available,100,Excellent,False,Flipkart,Flipkart,https://www.flipkart.com/aquaone-suitable-top-front-load-liquid-detergent-machine-hand-wash-aqua/p/itm888206b98a964?pid=LDGHJYJU9EPXMJGE&lid=LSTLDGHJYJU9EPXMJGEXLU8EV&marketplace=FLIPKART&q=liquid+detergent+front+load&store=rja%2Fplv%2Fxdq&srno=s_1_38&otracker=search&fm=organic&iid=4e7f22b4-9de2-4d69-8348-38203ce1ad3e.LDGHJYJU9EPXMJGE.SEARCH&ppt=sp&ppn=sp&ssid=r2w85k1iio0000001786988029527&qH=512f6544c3919989&ov_redirect=true&ov_redirect=true,https://rukminim2.flixcart.com/image/612/612/xif0q/liquid-detergent/i/e/r/5000-suitable-for-top-front-load-liquid-detergent-for-machine-original-imahjyjuev4vzhhk.jpeg?q=70,17-08-26,2.7,,Valid,Valid,Low
160,FLIP_0104,Febway,Febway,Competitor,Not Team Thai,"FEBWAY for top & front load liquid detergent for Machin... 5000 ml 3.7(1,079) ₹130₹1,29989% off Hot Deal",Liquid Detergent,5000 ml,5000.0,ml,5000.0,,Front Load,1299.0,130.0,2.6,,Budget,89.0,89.99230177059276,3.7,1079.0,High,Valid,Valid,Available,100,Excellent,False,Flipkart,Flipkart,https://www.flipkart.com/febway-top-front-load-liquid-detergent-machine-handwash-multi-fragrance/p/itmf3eb0c8ae8bcc?pid=LDGH5CNK5AZHUSNC&lid=LSTLDGH5CNK5AZHUSNCX9NRDQ&marketplace=FLIPKART&q=liquid+detergent+front+load&store=rja%2Fplv%2Fxdq&srno=s_1_39&otracker=search&fm=organic&iid=4e7f22b4-9de2-4d69-8348-38203ce1ad3e.LDGH5CNK5AZHUSNC.SEARCH&ppt=sp&ppn=sp&ssid=r2w85k1iio0000001786988029527&qH=512f6544c3919989&ov_redirect=true&ov_redirect=true,https://rukminim2.flixcart.com/image/612/612/xif0q/liquid-detergent/x/8/f/5000-for-top-front-load-liquid-detergent-for-machine-and-original-imah5cnk6u2nhx2j.jpeg?q=70,17-08-26,2.6,,Valid,Valid,High
161,FLIP_0105,Wokav,Wokav,Competitor,Not Team Thai,WOKAV Liquid detergent For Front load machine Fresh Liq... 1 L 4.3(3) ₹203₹79974% off Only few left,Liquid Detergent,1 L,1.0,l,1000.0,,Front Load,799.0,203.0,20.3,,Mass Market,74.0,74.59324155193993,4.3,3.0,Very Low,Valid,Valid,Available,100,Excellent,False,Flipkart,Flipkart,https://www.flipkart.com/wokav-liquid-detergent-front-load-machine-fresh/p/itm9c64b423fd90f?pid=LDGHMZC3B35VGQ8A&lid=LSTLDGHMZC3B35VGQ8AHYNS5K&marketplace=FLIPKART&q=liquid+detergent+front+load&store=rja%2Fplv%2Fxdq&srno=s_1_40&otracker=search&fm=organic&iid=4e7f22b4-9de2-4d69-8348-38203ce1ad3e.LDGHMZC3B35VGQ8A.SEARCH&ppt=sp&ppn=sp&ssid=r2w85k1iio0000001786988029527&qH=512f6544c3919989&ov_redirect=true&ov_redirect=true,https://rukminim2.flixcart.com/image/612/612/xif0q/liquid-detergent/j/u/y/1-liquid-detergent-for-front-load-machine-wokav-original-imahnbmatr6tsvsa.jpeg?q=70,17-08-26,20.3,,Valid,Valid,Very Low
162,FLIP_0106,Trending,Trending,Competitor,Not Team Thai,"Trending Dhaxi TOP LOAD AND FRONT LOAD LAUNDRY DETERGENT LIQUID ... 2 x 5 L 4.2(12) ₹306₹1,19974% off Only few left",Liquid Detergent,2 x 5 L,5.0,l,5000.0,,Front + Top Load,1199.0,306.0,6.12,,Mid Premium,74.0,74.47873227689742,4.2,12.0,Low,Valid,Valid,Available,100,Excellent,False,Flipkart,Flipkart,https://www.flipkart.com/dhaxi-top-load-front-laundry-detergent-liquid-rose/p/itm12a1f06e47acb?pid=LDGHBFYB9GGHEJWP&lid=LSTLDGHBFYB9GGHEJWPFPCJZM&marketplace=FLIPKART&q=liquid+detergent+top+load&store=rja%2Fplv%2Fxdq&spotlightTagId=default_TrendingId_rja%2Fplv%2Fxdq&srno=s_1_3&otracker=search&fm=organic&iid=a587ce83-077c-4fbe-9e8e-f8572f028c2e.LDGHBFYB9GGHEJWP.SEARCH&ppt=sp&ppn=sp&ssid=82b4scq38g0000001786988040648&qH=eb302e080935c655&ov_redirect=true&ov_redirect=true,https://rukminim2.flixcart.com/image/612/612/xif0q/liquid-detergent/n/e/s/10-top-load-and-front-load-laundry-detergent-liquid-dhaxi-original-imahcrq8hkanthgg.jpeg?q=70,17-08-26,6.12,,Valid,Valid,Low
163,FLIP_0107,Ifb,IFB,Competitor,Not Team Thai,"IFB Liquid Detergent -Top Load ( Pack of 3 ) Multi-Frag... 3 x 1 L 4.3(189) ₹839₹1,29935% off Only few left",Liquid Detergent,3 x 1 L,1.0,l,1000.0,,Top Load,1299.0,839.0,83.89999999999999,,Premium,35.0,35.411855273287145,4.3,189.0,Moderate,Valid,Valid,Available,100,Excellent,False,Flipkart,Flipkart,https://www.flipkart.com/ifb-liquid-detergent-top-load-pack-3-multi-fragrance/p/itmcb045f0cb397c?pid=LDGGHRGV9JZDMRZW&lid=LSTLDGGHRGV9JZDMRZWF1PMNL&marketplace=FLIPKART&q=liquid+detergent+top+load&store=rja%2Fplv%2Fxdq&srno=s_1_7&otracker=search&fm=organic&iid=a587ce83-077c-4fbe-9e8e-f8572f028c2e.LDGGHRGV9JZDMRZW.SEARCH&ppt=sp&ppn=sp&ssid=82b4scq38g0000001786988040648&qH=eb302e080935c655&ov_redirect=true&ov_redirect=true,https://rukminim2.flixcart.com/image/612/612/xif0q/liquid-detergent/u/k/n/3-liquid-detergent-top-load-pack-of-3-ifb-original-imaghrgupz3cpwee.jpeg?q=70,17-08-26,83.89999999999999,,Valid,Valid,Moderate
164,FLIP_0108,Ifb,IFB,Competitor,Not Team Thai,IFB Top load liquid detergent ( Pack of 2 ) Multi-Fragr... 2 L 4.3(256) ₹569₹64011% off Only few left,Liquid Detergent,2 L,2.0,l,2000.0,,Top Load,640.0,569.0,28.45,,Mid Premium,11.0,11.09375,4.3,256.0,Moderate,Valid,Valid,Available,100,Excellent,False,Flipkart,Flipkart,https://www.flipkart.com/ifb-top-load-liquid-detergent-pack-2-multi-fragrance/p/itm16d068e237de8?pid=LDGFVK8VWBG4DVWY&lid=LSTLDGFVK8VWBG4DVWYTKEPMB&marketplace=FLIPKART&q=liquid+detergent+top+load&store=rja%2Fplv%2Fxdq&srno=s_1_10&otracker=search&fm=organic&iid=a587ce83-077c-4fbe-9e8e-f8572f028c2e.LDGFVK8VWBG4DVWY.SEARCH&ppt=sp&ppn=sp&ssid=82b4scq38g0000001786988040648&qH=eb302e080935c655&ov_redirect=true&ov_redirect=true,https://rukminim2.flixcart.com/image/612/612/keykscw0/liquid-detergent/w/5/t/1000-fluff-liquid-detergent-ifb-liquid-det-original-imafvg9qzhj5g8zt.jpeg?q=70,17-08-26,28.45,,Valid,Valid,Moderate
165,FLIP_0109,Right,Right,Competitor,Not Team Thai,Right to Clean Liquid Detergent 5kg Fresh | Matic for F... 5 kg 4.3(76) ₹360₹84957% off Hot Deal,Liquid Detergent,5kg,5.0,kg,,5000.0,Not Specified,849.0,360.0,,7.199999999999999,Mid Premium,57.0,57.59717314487632,4.3,76.0,Low,Valid,Valid,Available,100,Excellent,False,Flipkart,Flipkart,https://www.flipkart.com/right-clean-liquid-detergent-5kg-fresh-matic-front-top-load-washing-machine/p/itm2e16f2096d1e6?pid=LDGHMKWYM6QFNRRY&lid=LSTLDGHMKWYM6QFNRRYQAUYUX&marketplace=FLIPKART&q=liquid+detergent+top+load&store=rja%2Fplv%2Fxdq&srno=s_1_11&otracker=search&fm=organic&iid=en_IuMJ3AraOtxWKx5ZnpapE3g6acWYfHNhfDcn5qZip0ALpDWwr5ZXILo65FW1dtyI9MTLKl_1vC8qjBY-2vhS3lgXqNjgYC55iL6sHB2-ONIY7_lL8i2O20WRyEcXP-Qd&ppt=sp&ppn=sp&ssid=82b4scq38g0000001786988040648&qH=eb302e080935c655&ov_redirect=true&ov_redirect=true,https://rukminim2.flixcart.com/image/612/612/xif0q/liquid-detergent/z/p/v/5-liquid-detergent-5l-fresh-matic-for-front-top-load-washing-original-imahmhfxushzwpzm.jpeg?q=70,17-08-26,,7.199999999999999,Valid,Valid,Low
166,FLIP_0110,Clinermax,Clinermax,Competitor,Not Team Thai,"Clinermax DIY Liquid Detergent Paste 1kg | Makes 5L | T... 1000 g ₹369₹1,49975% off",Liquid Detergent,5L,5.0,l,5000.0,,Not Specified,1499.0,369.0,7.380000000000001,,Mid Premium,75.0,75.38358905937291,,0.0,No Reviews,Valid,No Rating,Available,90,Excellent,False,Flipkart,Flipkart,https://www.flipkart.com/clinermax-diy-liquid-detergent-paste-1kg-makes-5l-top-front-load-aqua/p/itm41ca12c9267e3?pid=LDGHPZGRYTVGDMYY&lid=LSTLDGHPZGRYTVGDMYYQ6JIXN&marketplace=FLIPKART&q=liquid+detergent+top+load&store=rja%2Fplv%2Fxdq&srno=s_1_12&otracker=search&fm=organic&iid=en_IuMJ3AraOtxWKx5ZnpapE3g6acWYfHNhfDcn5qZip0DNE1yATfJwC1TUteoOPRYWtNX35O98EpcJ4azKDnJ-u8QNim4WRy1MVh3f9HIBke4Y7_lL8i2O20WRyEcXP-Qd&ppt=sp&ppn=sp&ssid=82b4scq38g0000001786988040648&qH=eb302e080935c655&ov_redirect=true&ov_redirect=true,https://rukminim2.flixcart.com/image/612/612/xif0q/liquid-detergent/n/s/s/1000-diy-liquid-detergent-paste-1kg-makes-5l-top-front-load-original-imahpz3mzzbpgjpq.jpeg?q=70,17-08-26,7.380000000000001,,Valid,Valid,No Reviews
167,FLIP_0111,Ibf,IBF,Competitor,Not Team Thai,"IBF Top & Front Load Fresh Liquid Detergent Multi-Fragr... 5 L 4.4(9) ₹796₹1,99960% off Lowest price since launch",Liquid Detergent,5 L,5.0,l,5000.0,,Front Load,1999.0,796.0,15.920000000000002,,Premium,60.0,60.18009004502252,4.4,9.0,Very Low,Valid,Valid,Available,100,Excellent,False,Flipkart,Flipkart,https://www.flipkart.com/ibf-top-front-load-fresh-liquid-detergent-multi-fragrance/p/itm7d0eb5f4ee566?pid=LDGHFCTZ9FNMWSHZ&lid=LSTLDGHFCTZ9FNMWSHZT6JZ08&marketplace=FLIPKART&q=liquid+detergent+top+load&store=rja%2Fplv%2Fxdq&srno=s_1_13&otracker=search&fm=organic&iid=a587ce83-077c-4fbe-9e8e-f8572f028c2e.LDGHFCTZ9FNMWSHZ.SEARCH&ppt=sp&ppn=sp&ssid=82b4scq38g0000001786988040648&qH=eb302e080935c655&ov_redirect=true&ov_redirect=true,https://rukminim2.flixcart.com/image/612/612/xif0q/liquid-detergent/c/y/t/5-liquid-fresh-ultimate-clean-for-your-clothes-ibf-original-imahf65zyarga5xy.jpeg?q=70,17-08-26,15.920000000000002,,Valid,Valid,Very Low
170,FLIP_0114,Flisko,Flisko,Competitor,Not Team Thai,Flisko Liquid Detergent 5L Super Wash | Front & Top Loa... 5000 ml 3.7(63) ₹248₹59958% off Only few left,Liquid Detergent,5000 ml,5000.0,ml,5000.0,,Not Specified,599.0,248.0,4.96,,Mass Market,58.0,58.59766277128548,3.7,63.0,Low,Valid,Valid,Available,100,Excellent,False,Flipkart,Flipkart,https://www.flipkart.com/flisko-liquid-detergent-5l-super-wash-front-top-load-deep-stain-removal-rose/p/itm63ed8d55716f7?pid=LDGHK7BJUW2RZGH8&lid=LSTLDGHK7BJUW2RZGH8S0BUKE&marketplace=FLIPKART&q=liquid+detergent+top+load&store=rja%2Fplv%2Fxdq&srno=s_1_23&otracker=search&fm=organic&iid=a587ce83-077c-4fbe-9e8e-f8572f028c2e.LDGHK7BJUW2RZGH8.SEARCH&ppt=sp&ppn=sp&ssid=82b4scq38g0000001786988040648&qH=eb302e080935c655&ov_redirect=true&ov_redirect=true,https://rukminim2.flixcart.com/image/612/612/xif0q/liquid-detergent/z/e/o/5000-liquid-detergent-5l-super-wash-front-top-load-deep-stain-original-imahm9xfcf7nz8tt.jpeg?q=70,17-08-26,4.96,,Valid,Valid,Low
171,FLIP_0115,Brillyarie,Brillyarie,Competitor,Not Team Thai,Brillyarie shine detergent Brillyarie Shine Liquid Dete... 5000 ml 4.8(43) ₹234₹99976% off Hot Deal,Liquid Detergent,5000 ml,5000.0,ml,5000.0,,Not Specified,999.0,234.0,4.68,,Mass Market,76.0,76.57657657657657,4.8,43.0,Low,Valid,Valid,Available,100,Excellent,False,Flipkart,Flipkart,https://www.flipkart.com/brillyarie-shine-detergent-liquid-5l-top-load-wash-transparent-fresh/p/itmc80a184db6012?pid=LDGHKYVWHFHUWYVY&lid=LSTLDGHKYVWHFHUWYVY4I5VC8&marketplace=FLIPKART&q=liquid+detergent+top+load&store=rja%2Fplv%2Fxdq&srno=s_1_26&otracker=search&fm=organic&iid=a587ce83-077c-4fbe-9e8e-f8572f028c2e.LDGHKYVWHFHUWYVY.SEARCH&ppt=sp&ppn=sp&ssid=82b4scq38g0000001786988040648&qH=eb302e080935c655&ov_redirect=true&ov_redirect=true,https://rukminim2.flixcart.com/image/612/612/xif0q/liquid-detergent/e/u/j/5000-brillyarie-shine-liquid-detergent-5l-top-load-wash-original-imahmtngjh2bscgh.jpeg?q=70,17-08-26,4.68,,Valid,Valid,Low
173,FLIP_0117,Trivion,Trivion,Competitor,Not Team Thai,TRIVION Ultra Clean Detergent Liquid 1L for Top Load & ... 1000 ml ₹178₹39955% off Hot Deal,Liquid Detergent,1000 ml,1000.0,ml,1000.0,,Top Load,399.0,178.0,17.8,,Mass Market,55.0,55.38847117794487,,0.0,No Reviews,Valid,No Rating,Available,90,Excellent,False,Flipkart,Flipkart,https://www.flipkart.com/trivion-ultra-clean-detergent-liquid-1l-top-load-front-washing-machines-jasmine/p/itm19e47740fcc5a?pid=LDGHPRMGBRX8BXCZ&lid=LSTLDGHPRMGBRX8BXCZGDNKEO&marketplace=FLIPKART&q=liquid+detergent+top+load&store=rja%2Fplv%2Fxdq&srno=s_1_29&otracker=search&fm=organic&iid=a587ce83-077c-4fbe-9e8e-f8572f028c2e.LDGHPRMGBRX8BXCZ.SEARCH&ppt=sp&ppn=sp&ssid=82b4scq38g0000001786988040648&qH=eb302e080935c655&ov_redirect=true&ov_redirect=true,https://rukminim2.flixcart.com/image/612/612/xif0q/liquid-detergent/q/d/v/1000-detergent-liquid-powerful-stain-remover-fresh-fragrance-original-imahprem3e5hymku.jpeg?q=70,17-08-26,17.8,,Valid,Valid,No Reviews
174,FLIP_0118,Ibf,IBF,Competitor,Not Team Thai,"IBF Front & Top Load Advance Matic Liquid Detergent (5 ... 5 x 1 L 4.1(94) ₹774₹1,79956% off Hot Deal",Liquid Detergent,5 x 1 L,1.0,l,1000.0,,Top Load,1799.0,774.0,77.4,,Premium,56.0,56.97609783212896,4.1,94.0,Low,Valid,Valid,Available,100,Excellent,False,Flipkart,Flipkart,https://www.flipkart.com/ibf-front-top-load-advance-matic-liquid-detergent-5-l-multi-fragrance/p/itme9084821fc4e9?pid=LDGGZ4MYK8Q6UUNE&lid=LSTLDGGZ4MYK8Q6UUNEEEBAFL&marketplace=FLIPKART&q=liquid+detergent+top+load&store=rja%2Fplv%2Fxdq&srno=s_1_30&otracker=search&fm=organic&iid=a587ce83-077c-4fbe-9e8e-f8572f028c2e.LDGGZ4MYK8Q6UUNE.SEARCH&ppt=sp&ppn=sp&ssid=82b4scq38g0000001786988040648&qH=eb302e080935c655&ov_redirect=true&ov_redirect=true,https://rukminim2.flixcart.com/image/612/612/xif0q/liquid-detergent/a/s/d/5-front-top-load-advance-matic-liquid-detergent-5-l-ibf-original-imahmd85ykydgzxh.jpeg?q=70,17-08-26,77.4,,Valid,Valid,Low
175,FLIP_0119,Trivion,Trivion,Competitor,Not Team Thai,TRIVION Detergent Liquid | Powerful Stain Remover | Fre... 1000 ml ₹198₹39950% off Only few left,Liquid Detergent,1000 ml,1000.0,ml,1000.0,,Not Specified,399.0,198.0,19.8,,Mass Market,50.0,50.37593984962406,,0.0,No Reviews,Valid,No Rating,Available,90,Excellent,False,Flipkart,Flipkart,https://www.flipkart.com/trivion-detergent-liquid-powerful-stain-remover-fresh-fragrance-front-top-load-jasmine/p/itmfce325597f6a5?pid=LDGHPREMWF9J4MDH&lid=LSTLDGHPREMWF9J4MDHEUPO7W&marketplace=FLIPKART&q=liquid+detergent+top+load&store=rja%2Fplv%2Fxdq&srno=s_1_34&otracker=search&fm=organic&iid=a587ce83-077c-4fbe-9e8e-f8572f028c2e.LDGHPREMWF9J4MDH.SEARCH&ppt=sp&ppn=sp&ssid=82b4scq38g0000001786988040648&qH=eb302e080935c655&ov_redirect=true&ov_redirect=true,https://rukminim2.flixcart.com/image/612/612/xif0q/liquid-detergent/5/g/s/1000-laundry-detergent-liquid-1-l-deep-stain-removal-machine-original-imahprbnn8q3h76z.jpeg?q=70,17-08-26,19.8,,Valid,Valid,No Reviews
176,FLIP_0120,Bosch,Bosch,Competitor,Not Team Thai,BOSCH Detergent for Top Load Washing Machine Liquid Det... 3 x 1 L 2.3(4) ₹792₹89711% off,Liquid Detergent,3 x 1 L,1.0,l,1000.0,,Top Load,897.0,792.0,79.2,,Premium,11.0,11.705685618729095,2.3,4.0,Very Low,Valid,Valid,Available,100,Excellent,False,Flipkart,Flipkart,https://www.flipkart.com/bosch-detergent-top-load-washing-machine-liquid-lavender/p/itmfab0a57d60435?pid=LDGHMHZCFCCR33MM&lid=LSTLDGHMHZCFCCR33MMD5SHJG&marketplace=FLIPKART&q=liquid+detergent+top+load&store=rja%2Fplv%2Fxdq&srno=s_1_36&otracker=search&fm=organic&iid=a587ce83-077c-4fbe-9e8e-f8572f028c2e.LDGHMHZCFCCR33MM.SEARCH&ppt=sp&ppn=sp&ssid=82b4scq38g0000001786988040648&qH=eb302e080935c655&ov_redirect=true&ov_redirect=true,https://rukminim2.flixcart.com/image/612/612/xif0q/liquid-detergent/t/c/q/3-0-detergent-for-top-load-washing-machine-liquid-detergent-original-imahmhzc77dseybx.jpeg?q=70,17-08-26,79.2,,Valid,Valid,Very Low
177,FLIP_0121,Right,Right,Competitor,Not Team Thai,Right to Clean Liquid Detergent 5kg Lavender | Matic fo... 5 kg 4.8(33) ₹360₹84957% off Hot Deal,Liquid Detergent,5kg,5.0,kg,,5000.0,Not Specified,849.0,360.0,,7.199999999999999,Mid Premium,57.0,57.59717314487632,4.8,33.0,Low,Valid,Valid,Available,100,Excellent,False,Flipkart,Flipkart,https://www.flipkart.com/right-clean-liquid-detergent-5kg-lavender-matic-front-top-load-washing-machine/p/itm821501110eb93?pid=LDGHNUDCZN8PTTAY&lid=LSTLDGHNUDCZN8PTTAYB1TQGU&marketplace=FLIPKART&q=liquid+detergent+top+load&store=rja%2Fplv%2Fxdq&srno=s_1_37&otracker=search&fm=organic&iid=a587ce83-077c-4fbe-9e8e-f8572f028c2e.LDGHNUDCZN8PTTAY.SEARCH&ppt=sp&ppn=sp&ssid=82b4scq38g0000001786988040648&qH=eb302e080935c655&ov_redirect=true&ov_redirect=true,https://rukminim2.flixcart.com/image/612/612/xif0q/liquid-detergent/t/o/n/5-liquid-detergent-5kg-lavender-matic-for-front-top-load-washing-original-imahnudcpcvuxkbp.jpeg?q=70,17-08-26,,7.199999999999999,Valid,Valid,Low
179,BB_0001,Godrej Fab,Godrej Fab,Competitor,Not Team Thai,"Godrej Fab Liquid Detergent For Machine & Bucket Wash, 800 g",Liquid Detergent,800 g,800.0,g,,800.0,Bucket Wash,99.0,99.0,,12.375,Budget,0.0,0.0,4.4,3429.0,High,Valid,Valid,Available,100,Excellent,False,BigBasket,BigBasket,https://www.bigbasket.com/pd/900456920/godrej-fab-liquid-detergent-for-machine-hand-wash-1-l-refill-pouch/,"https://www.bbassets.com/media/uploads/p/s/900456920_9-godrej-fab-liquid-detergent-for-machine-hand-wash.jpg?tr=w-80,q-80",18-08-26,,12.375,Valid,Valid,High
180,BB_0002,Rin,Rin,Competitor,Not Team Thai,"Rin Matic Top Load Liquid Detergent, 2 kg Pouch",Liquid Detergent,2 kg,2.0,kg,,2000.0,Top Load,260.0,221.0,,11.05,Mass Market,15.0,15.0,4.2,2418.0,High,Valid,Valid,Available,100,Excellent,False,BigBasket,BigBasket,https://www.bigbasket.com/pd/40281926/rin-matic-liquid-removes-tough-stains-safe-on-hands-for-hand-machine-wash-2-l-pouch/,"https://www.bbassets.com/media/uploads/p/s/40281926_11-rin-matic-liquid-removes-tough-stains-safe-on-hands-for-hand-machine-wash.jpg?tr=w-80,q-80",18-08-26,,11.05,Valid,Valid,High
181,BB_0003,Beco,Beco,Competitor,Not Team Thai,"Beco Natural Laundry Liquid Detergent - Top Load, 2 L Refill Pack",Liquid Detergent,2 L,2.0,l,2000.0,,Top Load,299.0,249.0,12.45,,Mass Market,17.0,16.722408026755854,4.5,206.0,Moderate,Valid,Valid,Available,100,Excellent,False,BigBasket,BigBasket,https://www.bigbasket.com/pd/40335384/beco-natural-laundry-liquid-refill-top-load-2-l/,"https://www.bbassets.com/media/uploads/p/s/40335384_5-beco-natural-laundry-liquid-refill-top-load.jpg?tr=w-80,q-80",18-08-26,12.45,,Valid,Valid,Moderate
182,BB_0004,Surf Excel,Surf Excel,Competitor,Not Team Thai,"Surf Excel Matic Top Load Liquid Detergent, 4 kg Refill Pouch",Liquid Detergent,4 kg,4.0,kg,,4000.0,Top Load,718.0,524.14,,13.1035,Mid Premium,27.0,27.0,4.1,8387.0,High,Valid,Valid,Available,100,Excellent,False,BigBasket,BigBasket,https://www.bigbasket.com/pd/40320189/surf-excel-matic-top-load-liquid-detergent-refill-4-l-pouch/,"https://www.bbassets.com/media/uploads/p/s/40320189_6-surf-excel-matic-top-load-liquid-detergent-refill.jpg?tr=w-80,q-80",18-08-26,,13.1035,Valid,Valid,High
183,BB_0005,Mr. White,Mr White,Competitor,Not Team Thai,"Mr. White Liquid Detergent, 2 L",Liquid Detergent,2 L,2.0,l,2000.0,,Not Specified,220.0,190.0,9.5,,Mass Market,14.0,13.636363636363637,4.2,294.0,Moderate,Valid,Valid,Available,100,Excellent,False,BigBasket,BigBasket,https://www.bigbasket.com/pd/40336853/mr-white-liquid-detergent-2-l/,"https://www.bbassets.com/media/uploads/p/s/40336853_1-mr-white-liquid-detergent.jpg?tr=w-80,q-80",18-08-26,9.5,,Valid,Valid,Moderate
184,BB_0006,Surf Excel,Surf Excel,Competitor,Not Team Thai,"Surf Excel Matic Front Load Liquid Detergent, 5 kg",Liquid Detergent,5 kg,5.0,kg,,5000.0,Front Load,932.0,749.0,,14.98,Premium,20.0,19.63519313304721,1.5,3648.0,High,Valid,Valid,Available,100,Excellent,False,BigBasket,BigBasket,https://www.bigbasket.com/pd/40334084/surf-excel-matic-front-load-liquid-detergent-5-l-pouch/,"https://www.bbassets.com/media/uploads/p/s/40334084_9-surf-excel-matic-front-load-liquid-detergent.jpg?tr=w-80,q-80",18-08-26,,14.98,Valid,Valid,High
185,BB_0007,Beco,Beco,Competitor,Not Team Thai,"Beco Natural Laundry Detergent Liquid - Front Load, 960 ml",Liquid Detergent,960 ml,960.0,ml,960.0,,Front Load,250.0,159.0,16.5625,,Mass Market,36.0,36.4,1.5,57.0,Low,Valid,Valid,Available,100,Excellent,False,BigBasket,BigBasket,https://www.bigbasket.com/pd/40313359/beco-natural-laundry-liquid-top-load-lavender-vanilla-1-l/,"https://www.bbassets.com/media/uploads/p/s/40313359_2-beco-natural-laundry-liquid-top-load-lavender-vanilla.jpg?tr=w-80,q-80",18-08-26,16.5625,,Valid,Valid,Low
186,BB_0008,Genteel,Genteel,Competitor,Not Team Thai,"Genteel Matic Liquid Detergent - For Top Load Washing, 2 kg Pouch",Liquid Detergent,2 kg,2.0,kg,,2000.0,Top Load,290.0,272.6,,13.63,Mass Market,6.0,5.999999999999992,4.2,9106.0,High,Valid,Valid,Available,100,Excellent,False,BigBasket,BigBasket,https://www.bigbasket.com/pd/40191480/genteel-liquid-detergent-refill-2-kg-pouch/,"https://www.bbassets.com/media/uploads/p/s/40191480_6-genteel-liquid-detergent-refill.jpg?tr=w-80,q-80",18-08-26,,13.63,Valid,Valid,High
187,BB_0009,Ariel,Ariel,Competitor,Not Team Thai,"Ariel Power Gel Top Load & Semi Auto Liquid Detergent, 2 kg (Get 500 g Free)",Liquid Detergent,2 kg,2.0,kg,,2000.0,Top Load,455.0,432.25,,21.6125,Mid Premium,5.0,5.0,4.2,9120.0,High,Valid,Valid,Available,100,Excellent,False,BigBasket,BigBasket,https://www.bigbasket.com/pd/40195403/ariel-matic-liquid-detergent-top-load-25-l/,"https://www.bbassets.com/media/uploads/p/s/40195403_17-ariel-matic-liquid-detergent-top-load.jpg?tr=w-80,q-80",18-08-26,,21.6125,Valid,Valid,High
188,BB_0010,Surf Excel,Surf Excel,Competitor,Not Team Thai,"Surf Excel Quick Wash Liquid Detergent, 1 L",Liquid Detergent,1 L,1.0,l,1000.0,,Not Specified,205.0,205.0,20.5,,Mass Market,0.0,0.0,4.1,778.0,Moderate,Valid,Valid,Available,100,Excellent,False,BigBasket,BigBasket,https://www.bigbasket.com/pd/40000153/surf-excel-quick-wash-liquid-with-super-soak-technology-1-l/,"https://www.bbassets.com/media/uploads/p/s/40000153_15-surf-excel-quick-wash-liquid-with-super-soak-technology.jpg?tr=w-80,q-80",18-08-26,20.5,,Valid,Valid,Moderate
189,BB_0011,Godrej Fab,Godrej Fab,Competitor,Not Team Thai,"Godrej Fab Fab Liquid Detergent For Machine & Bucket Wash, 4 kg",Liquid Detergent,4 kg,4.0,kg,,4000.0,Bucket Wash,499.0,424.15,,10.60375,Mid Premium,15.0,15.000000000000004,4.4,637.0,Moderate,Valid,Valid,Available,100,Excellent,False,BigBasket,BigBasket,https://www.bigbasket.com/pd/40341395/godrej-fab-liquid-detergent-for-machine-bucket-wash-4-l/,"https://www.bbassets.com/media/uploads/p/s/40341395_3-godrej-fab-liquid-detergent-for-machine-bucket-wash.jpg?tr=w-80,q-80",18-08-26,,10.60375,Valid,Valid,Moderate
190,BB_0012,Ariel,Ariel,Competitor,Not Team Thai,"Ariel Power Gel Front Load Liquid Detergent, 6 kg",Liquid Detergent,6 kg,6.0,kg,,6000.0,Front Load,1135.0,862.6,,14.376666666666669,Premium,24.0,24.0,4.1,3281.0,High,Valid,Valid,Available,100,Excellent,False,BigBasket,BigBasket,https://www.bigbasket.com/pd/40326742/ariel-matic-front-load-liquid-detergent-4-l/,"https://www.bbassets.com/media/uploads/p/s/40326742_13-ariel-matic-front-load-liquid-detergent.jpg?tr=w-80,q-80",18-08-26,,14.376666666666669,Valid,Valid,High
191,BB_0013,Safewash,Safewash,Competitor,Not Team Thai,"Safewash Matic Top Load Liquid Detergent, 1800 ml Pouch",Liquid Detergent,1800 ml,1800.0,ml,1800.0,,Top Load,430.0,387.0,21.5,,Mid Premium,10.0,10.0,4.0,673.0,Moderate,Valid,Valid,Available,100,Excellent,False,BigBasket,BigBasket,https://www.bigbasket.com/pd/40176759/safewash-matic-top-load-2-l-500-ml/,"https://www.bbassets.com/media/uploads/p/s/40176759_19-safewash-matic-top-load.jpg?tr=w-80,q-80",18-08-26,21.5,,Valid,Valid,Moderate
192,BB_0014,Tide,Tide,Competitor,Not Team Thai,"Tide Power Gel Freshness Boost Top Load & Front Load Liquid Detergent, 2 kg",Liquid Detergent,2 kg,2.0,kg,,2000.0,Front + Top Load,305.0,256.2,,12.81,Mass Market,16.0,16.000000000000004,4.3,1686.0,High,Valid,Valid,Available,100,Excellent,False,BigBasket,BigBasket,https://www.bigbasket.com/pd/40273793/tide-matic-liquid-detergent-top-load-removes-stains-gives-fresh-fragrance-2-l-get-200-ml-free/,"https://www.bbassets.com/media/uploads/p/s/40273793_6-tide-matic-liquid-detergent-top-load-removes-stains-gives-fresh-fragrance.jpg?tr=w-80,q-80",18-08-26,,12.81,Valid,Valid,High
193,BB_0015,Beco,Beco,Competitor,Not Team Thai,"Beco Natural Laundry Detergent Liquid - Top Load, 960 ml",Liquid Detergent,960 ml,960.0,ml,960.0,,Top Load,220.0,149.0,15.520833333333334,,Budget,32.0,32.27272727272727,4.0,67.0,Low,Valid,Valid,Available,100,Excellent,False,BigBasket,BigBasket,https://www.bigbasket.com/pd/40313358/beco-natural-laundry-liquid-front-load-lavender-vanilla-1-l/,"https://www.bbassets.com/media/uploads/p/s/40313358_2-beco-natural-laundry-liquid-front-load-lavender-vanilla.jpg?tr=w-80,q-80",18-08-26,15.520833333333334,,Valid,Valid,Low
194,BB_0016,Rin,Rin,Competitor,Not Team Thai,"Rin Matic Front Load Liquid Detergent, 4 kg",Liquid Detergent,4 kg,4.0,kg,,4000.0,Front Load,505.0,445.0,,11.125,Mid Premium,12.0,11.88118811881188,4.1,46.0,Low,Valid,Valid,Available,100,Excellent,False,BigBasket,BigBasket,https://www.bigbasket.com/pd/40361660/rin-matic-front-load-liquid-detergent-4-l/,"https://www.bbassets.com/media/uploads/p/s/40361660_5-rin-matic-front-load-liquid-detergent.jpg?tr=w-80,q-80",18-08-26,,11.125,Valid,Valid,Low
195,BB_0017,Ujala,Ujala,Competitor,Not Team Thai,"Ujala Liquid Detergent - For Top Load/ Bucket Wash, 2 L",Liquid Detergent,2 L,2.0,l,2000.0,,Top Load,245.0,170.0,8.5,,Mass Market,31.0,30.612244897959183,4.3,465.0,Moderate,Valid,Valid,Available,100,Excellent,False,BigBasket,BigBasket,https://www.bigbasket.com/pd/40272836/ujala-liquid-detergent-instant-dirt-dissolvers-refreshing-fragrance-kills-999-germs-2-l/,"https://www.bbassets.com/media/uploads/p/s/40272836_7-ujala-liquid-detergent-instant-dirt-dissolvers-refreshing-fragrance-kills-999-germs.jpg?tr=w-80,q-80",18-08-26,8.5,,Valid,Valid,Moderate
196,BB_0018,Unknown,Unknown,Competitor,Not Team Thai,"Maxs Matic Liquid Detergent - Top Load, 2 L Pouch",Liquid Detergent,2 L,2.0,l,2000.0,,Top Load,340.0,238.0,11.9,,Mass Market,30.0,30.0,1.5,8.0,Very Low,Valid,Valid,Available,100,Excellent,False,BigBasket,BigBasket,https://www.bigbasket.com/pd/900457643/maxs-matic-liquid-detergent-top-load-2-l-pouch/,"https://www.bbassets.com/media/uploads/p/s/900457643_1-maxs-matic-liquid-detergent-top-load.jpg?tr=w-80,q-80",18-08-26,11.9,,Valid,Valid,Very Low
197,BB_0019,Surf Excel,Surf Excel,Competitor,Not Team Thai,"Surf Excel Easy Wash Liquid Detergent, 1 L",Liquid Detergent,1 L,1.0,l,1000.0,,Not Specified,205.0,205.0,20.5,,Mass Market,0.0,0.0,4.3,5264.0,High,Valid,Valid,Available,100,Excellent,False,BigBasket,BigBasket,https://www.bigbasket.com/pd/40164596/surf-excel-easy-wash-detergent-liquid-1-l/,"https://www.bbassets.com/media/uploads/p/s/40164596_7-surf-excel-easy-wash-detergent-liquid.jpg?tr=w-80,q-80",18-08-26,20.5,,Valid,Valid,High
198,BB_0020,Ariel,Ariel,Competitor,Not Team Thai,"Ariel Power Gel Front Load Liquid Detergent, 2 kg (Get 500 g Free)",Liquid Detergent,2 kg,2.0,kg,,2000.0,Front Load,525.0,498.75,,24.9375,Mid Premium,5.0,5.0,4.2,5837.0,High,Valid,Valid,Available,100,Excellent,False,BigBasket,BigBasket,https://www.bigbasket.com/pd/40195404/ariel-ariel-matic-front-load-liquid-detergent-25-l/,"https://www.bbassets.com/media/uploads/p/s/40195404_17-ariel-ariel-matic-front-load-liquid-detergent.jpg?tr=w-80,q-80",18-08-26,,24.9375,Valid,Valid,High
199,BB_0021,Ariel,Ariel,Competitor,Not Team Thai,"Ariel Power Gel Top Load & Semi-Auto Liquid Detergent - Lavender Freshness, 3.6 kg",Liquid Detergent,3.6 kg,3.6,kg,,3600.0,Top Load,765.0,604.35,,16.7875,Premium,21.0,21.0,3.6,53.0,Low,Valid,Valid,Available,100,Excellent,False,BigBasket,BigBasket,https://www.bigbasket.com/pd/40344990/ariel-liquid-detergent-top-load-with-lavender-freshness-fragnance-removes-7-day-dried-in-stains-in-1-wash-inside-washing-machine-protects-colours-dissolves-faster-36-ml/,"https://www.bbassets.com/media/uploads/p/s/40344990_4-ariel-liquid-detergent-top-load-with-lavender-freshness-fragnance-removes-7-day-dried-in-stains-in-1-wash-inside-washing-machine-protects-colours-dissolves-faster.jpg?tr=w-80,q-80",18-08-26,,16.7875,Valid,Valid,Low
200,BB_0022,Surf Excel,Surf Excel,Competitor,Not Team Thai,"Surf Excel Matic Front Load Liquid Detergent, 1 L Bottle",Liquid Detergent,1 L,1.0,l,1000.0,,Front Load,220.0,220.0,22.0,,Mass Market,0.0,0.0,4.0,1011.0,High,Valid,Valid,Available,100,Excellent,False,BigBasket,BigBasket,https://www.bigbasket.com/pd/40077762/surf-excel-matic-liquid-front-load-102-l/,"https://www.bbassets.com/media/uploads/p/s/40077762_15-surf-excel-matic-liquid-front-load.jpg?tr=w-80,q-80",18-08-26,22.0,,Valid,Valid,High
201,BB_0023,Born Good,Born Good,Competitor,Not Team Thai,"Born Good Plant Based Brazilian Rosewood Fragrance Liquid Detergent | Baby & Pet Safe, 5 L Can",Liquid Detergent,5 L,5.0,l,5000.0,,Not Specified,1499.0,949.02,18.9804,,Premium,37.0,36.68979319546364,4.3,6.0,Very Low,Valid,Valid,Available,100,Excellent,False,BigBasket,BigBasket,https://www.bigbasket.com/pd/40259855/born-good-plant-based-concentrated-liquid-laundry-detergent-brazilian-rosewood-eco-friendly-gentle-on-skin-5-l-can/,"https://www.bbassets.com/media/uploads/p/s/40259855_2-born-good-plant-based-concentrated-liquid-laundry-detergent-brazilian-rosewood-eco-friendly-gentle-on-skin.jpg?tr=w-80,q-80",18-08-26,18.9804,,Valid,Valid,Very Low
202,BB_0024,Ariel,Ariel,Competitor,Not Team Thai,"Ariel Power Gel Top Load & Semi Auto Liquid Detergent, 6 kg",Liquid Detergent,6 kg,6.0,kg,,6000.0,Top Load,1009.0,758.5,,12.641666666666667,Premium,25.0,24.826560951437067,4.2,3819.0,High,Valid,Valid,Available,100,Excellent,False,BigBasket,BigBasket,https://www.bigbasket.com/pd/40326741/ariel-matic-top-load-liquid-detergent-4-l/,"https://www.bbassets.com/media/uploads/p/s/40326741_13-ariel-matic-top-load-liquid-detergent.jpg?tr=w-80,q-80",18-08-26,,12.641666666666667,Valid,Valid,High
203,BB_0025,Bb Home,BB Home,Competitor,Not Team Thai,"bb home Super Matic Top Load Liquid Detergent, 3.2 L",Liquid Detergent,3.2 L,3.2,l,3200.0,,Top Load,650.0,409.0,12.78125,,Mid Premium,37.0,37.07692307692308,3.2,132.0,Moderate,Valid,Valid,Available,100,Excellent,False,BigBasket,BigBasket,https://www.bigbasket.com/pd/40332551/bb-home-liquid-detergent-top-load-32-l/,"https://www.bbassets.com/media/uploads/p/s/40332551_5-bb-home-liquid-detergent-top-load.jpg?tr=w-80,q-80",18-08-26,12.78125,,Valid,Valid,Moderate
204,BB_0026,Bb Home,BB Home,Competitor,Not Team Thai,"bb home Top Load Liquid Detergent, 1 L Bottle",Liquid Detergent,1 L,1.0,l,1000.0,,Top Load,225.0,175.0,17.5,,Mass Market,22.0,22.22222222222222,4.1,411.0,Moderate,Valid,Valid,Available,100,Excellent,False,BigBasket,BigBasket,https://www.bigbasket.com/pd/40316719/bb-home-liquid-detergent-top-load-1-l-bottle/,"https://www.bbassets.com/media/uploads/p/s/40316719_4-bb-home-liquid-detergent-top-load.jpg?tr=w-80,q-80",18-08-26,17.5,,Valid,Valid,Moderate
205,BB_0027,Godrej Ezee,Godrej Ezee,Competitor,Not Team Thai,"Godrej Ezee Liquid Detergent For Winterwear, 2 kg Pouch",Liquid Detergent,2 kg,2.0,kg,,2000.0,Not Specified,390.0,382.2,,19.11,Mid Premium,2.0,2.0000000000000027,4.1,1849.0,High,Valid,Valid,Available,100,Excellent,False,BigBasket,BigBasket,https://www.bigbasket.com/pd/40191479/godrej-ezee-liquid-detergent-refill-for-winterwear-2-kg/,"https://www.bbassets.com/media/uploads/p/s/40191479_6-godrej-ezee-liquid-detergent-refill-for-winterwear.jpg?tr=w-80,q-80",18-08-26,,19.11,Valid,Valid,High
206,BB_0028,Tide,Tide,Competitor,Not Team Thai,"Tide Power Gel Liquid Detergent For Top & Front Load Washing Machine, 1 kg",Liquid Detergent,1 kg,1.0,kg,,1000.0,Front Load,139.0,124.41,,12.441,Budget,10.5,10.496402877697845,4.5,56.0,Low,Valid,Valid,Available,100,Excellent,False,BigBasket,BigBasket,https://www.bigbasket.com/pd/40366606/tide-power-gel-liquid-detergent-1-kg/,"https://www.bbassets.com/media/uploads/p/s/40366606_3-tide-power-gel-liquid-detergent.jpg?tr=w-80,q-80",18-08-26,,12.441,Valid,Valid,Low
207,BB_0029,Rin,Rin,Competitor,Not Team Thai,"Rin Matic Front Load & Bucket Wash Liquid Detergent, 2 kg Pouch",Liquid Detergent,2 kg,2.0,kg,,2000.0,Front Load,300.0,251.0,,12.55,Mass Market,16.0,16.333333333333332,4.2,328.0,Moderate,Valid,Valid,Available,100,Excellent,False,BigBasket,BigBasket,https://www.bigbasket.com/pd/900457426/rin-matic-liquid-front-load-2-l-pouch/,"https://www.bbassets.com/media/uploads/p/s/900457426_6-rin-matic-liquid-front-load.jpg?tr=w-80,q-80",18-08-26,,12.55,Valid,Valid,Moderate
208,BB_0030,Ujala,Ujala,Competitor,Not Team Thai,"Ujala Liquid Detergent - Front Load Machine Wash, 4 L",Liquid Detergent,4 L,4.0,l,4000.0,,Front Load,720.0,471.02,11.7755,,Mid Premium,35.0,34.58055555555556,4.2,34.0,Low,Valid,Valid,Available,100,Excellent,False,BigBasket,BigBasket,https://www.bigbasket.com/pd/40336852/ujala-liquid-detergent-front-load-machine-wash-4-l/,"https://www.bbassets.com/media/uploads/p/s/40336852_1-ujala-liquid-detergent-front-load-machine-wash.jpg?tr=w-80,q-80",18-08-26,11.7755,,Valid,Valid,Low
209,BB_0031,Genteel,Genteel,Competitor,Not Team Thai,"Genteel Matic Liquid Detergent Refill For Front Load Washing, 2 kg Pouch",Liquid Detergent,2 kg,2.0,kg,,2000.0,Front Load,360.0,342.0,,17.1,Mid Premium,5.0,5.0,4.1,105.0,Moderate,Valid,Valid,Available,100,Excellent,False,BigBasket,BigBasket,https://www.bigbasket.com/pd/900461535/genteel-matic-liquid-detergent-refill-for-front-load-washing-2-kg-pouch/,"https://www.bbassets.com/media/uploads/p/s/900461535_3-genteel-matic-liquid-detergent-refill-for-front-load-washing.jpg?tr=w-80,q-80",18-08-26,,17.1,Valid,Valid,Moderate
210,BB_0032,Tide,Tide,Competitor,Not Team Thai,"Tide Matic Liquid Detergent Front Load - Stain Removal In Washing Machine, 2 L",Liquid Detergent,2 L,2.0,l,2000.0,,Front Load,430.0,322.5,16.125,,Mid Premium,25.0,25.0,4.1,394.0,Moderate,Valid,Valid,Available,100,Excellent,False,BigBasket,BigBasket,https://www.bigbasket.com/pd/40273792/tide-matic-liquid-detergent-front-load-removes-stains-gives-fresh-fragrance-2-l-get-200-ml-free/,"https://www.bbassets.com/media/uploads/p/s/40273792_5-tide-matic-liquid-detergent-front-load-removes-stains-gives-fresh-fragrance.jpg?tr=w-80,q-80",18-08-26,16.125,,Valid,Valid,Moderate
211,BB_0033,Unknown,Unknown,Competitor,Not Team Thai,"Maxs Matic Liquid Detergent - Front Load, 1 L",Liquid Detergent,1 L,1.0,l,1000.0,,Front Load,190.0,133.0,13.3,,Budget,30.0,30.0,1.5,0.0,No Reviews,Valid,Valid,Available,100,Excellent,False,BigBasket,BigBasket,https://www.bigbasket.com/pd/900457646/maxs-matic-liquid-detergent-front-load-1-l/,"https://www.bbassets.com/media/uploads/p/s/900457646_1-maxs-matic-liquid-detergent-front-load.jpg?tr=w-80,q-80",18-08-26,13.3,,Valid,Valid,No Reviews
212,BB_0034,Surf Excel,Surf Excel,Competitor,Not Team Thai,"Surf Excel Matic Top Load Liquid Detergent, 1 L Pouch",Liquid Detergent,1 L,1.0,l,1000.0,,Top Load,179.0,179.0,17.9,,Mass Market,0.0,0.0,4.4,44.0,Low,Valid,Valid,Available,100,Excellent,False,BigBasket,BigBasket,https://www.bigbasket.com/pd/40281922/surf-excel-matic-liquid-top-load-removes-tough-stains-safe-on-clothes-1-l-pouch/,"https://www.bbassets.com/media/uploads/p/s/40281922_1-surf-excel-matic-liquid-top-load-removes-tough-stains-safe-on-clothes.jpg?tr=w-80,q-80",18-08-26,17.9,,Valid,Valid,Low
213,BB_0035,Patanjali,Patanjali,Competitor,Not Team Thai,"Patanjali Somya Liquid Detergent, 500 ml",Liquid Detergent,500 ml,500.0,ml,500.0,,Not Specified,80.0,77.6,15.519999999999998,,Budget,3.0,3.000000000000007,4.3,913.0,Moderate,Valid,Valid,Available,100,Excellent,False,BigBasket,BigBasket,https://www.bigbasket.com/pd/40075286/patanjali-liquid-detergent-somya-500-ml/,"https://www.bbassets.com/media/uploads/p/s/40075286_6-patanjali-liquid-detergent-somya.jpg?tr=w-80,q-80",18-08-26,15.519999999999998,,Valid,Valid,Moderate
214,BB_0036,Vanish,Vanish,Competitor,Not Team Thai,"Vanish Oxi Action All In One Stain Remover Detergent Liquid, 800 ml",Liquid Detergent,800 ml,800.0,ml,800.0,,Not Specified,215.0,197.8,24.725,,Mass Market,8.0,7.999999999999995,4.2,8081.0,High,Valid,Valid,Available,100,Excellent,False,BigBasket,BigBasket,https://www.bigbasket.com/pd/40007913/vanish-all-in-one-detergent-booster-bottle-oxi-action-800-ml/,"https://www.bbassets.com/media/uploads/p/s/40007913_17-vanish-all-in-one-detergent-booster-bottle-oxi-action.jpg?tr=w-80,q-80",18-08-26,24.725,,Valid,Valid,High
215,BB_0037,Safewash,Safewash,Competitor,Not Team Thai,"Safewash Front Load Matic Liquid Detergent, 1800 ml Pouch",Liquid Detergent,1800 ml,1800.0,ml,1800.0,,Front Load,490.0,441.0,24.5,,Mid Premium,10.0,10.0,4.0,289.0,Moderate,Valid,Valid,Available,100,Excellent,False,BigBasket,BigBasket,https://www.bigbasket.com/pd/40176760/safewash-matic-front-load-2-l-500-ml/,"https://www.bbassets.com/media/uploads/p/s/40176760_21-safewash-matic-front-load.jpg?tr=w-80,q-80",18-08-26,24.5,,Valid,Valid,Moderate
216,BB_0038,Beco,Beco,Competitor,Not Team Thai,"Beco Natural Laundry Liquid Detergent - Front Load, 2 L Refill Pack",Liquid Detergent,2 L,2.0,l,2000.0,,Front Load,349.0,259.0,12.95,,Mass Market,26.0,25.787965616045845,4.2,135.0,Moderate,Valid,Valid,Available,100,Excellent,False,BigBasket,BigBasket,https://www.bigbasket.com/pd/40335383/beco-natural-laundry-liquid-refill-front-load-2-l/,"https://www.bbassets.com/media/uploads/p/s/40335383_5-beco-natural-laundry-liquid-refill-front-load.jpg?tr=w-80,q-80",18-08-26,12.95,,Valid,Valid,Moderate
217,BB_0039,Bubblenut,Bubblenut,Competitor,Not Team Thai,"Bubblenut Wash Natural Laundry Detergent Liquid, 5 L",Liquid Detergent,5 L,5.0,l,5000.0,,Not Specified,1499.0,1499.0,29.98,,Luxury / High Premium,0.0,0.0,4.8,4.0,Very Low,Valid,Valid,Available,100,Excellent,False,BigBasket,BigBasket,https://www.bigbasket.com/pd/40189527/bubblenut-wash-natural-laundry-detergent-5-l/,"https://www.bbassets.com/media/uploads/p/s/40189527_2-bubblenut-wash-natural-laundry-detergent.jpg?tr=w-80,q-80",18-08-26,29.98,,Valid,Valid,Very Low
218,BB_0040,Unknown,Unknown,Competitor,Not Team Thai,"Zimmer Aufraumen Gentle Laundry Wash Liquid Detergent - For Baby Clothes, Front Load Machine, 500 ml",Liquid Detergent,500 ml,500.0,ml,500.0,,Front Load,195.0,99.45,19.89,,Budget,49.0,49.0,5.0,1.0,Very Low,Valid,Valid,Available,100,Excellent,False,BigBasket,BigBasket,https://www.bigbasket.com/pd/40302486/zimmer-aufraumen-gentle-laundry-wash-liquid-detergent-for-baby-clothes-front-load-machine-500-ml/,"https://www.bbassets.com/media/uploads/p/s/40302486_1-zimmer-aufraumen-gentle-laundry-wash-liquid-detergent-for-baby-clothes-front-load-machine.jpg?tr=w-80,q-80",18-08-26,19.89,,Valid,Valid,Very Low
219,BB_0041,Azafran,Azafran,Competitor,Not Team Thai,"Azafran Tropical Breeze 6 in 1 Eco-Friendly Laundry Detergent Liquid - Top & Front Load, 1 L",Liquid Detergent,1 L,1.0,l,1000.0,,Front Load,400.0,400.0,40.0,,Mid Premium,0.0,0.0,4.6,5.0,Very Low,Valid,Valid,Available,100,Excellent,False,BigBasket,BigBasket,https://www.bigbasket.com/pd/40124381/azafran-liquid-laundry-detergent-tropical-breeze-eco-friendly-6-in-1-1-l/,"https://www.bbassets.com/media/uploads/p/s/40124381_1-azafran-liquid-laundry-detergent-tropical-breeze-eco-friendly-6-in-1.jpg?tr=w-80,q-80",18-08-26,40.0,,Valid,Valid,Very Low
220,BB_0042,Bubblenut,Bubblenut,Competitor,Not Team Thai,"Bubblenut Wash Natural Laundry Detergent Liquid, 1 L",Liquid Detergent,1 L,1.0,l,1000.0,,Not Specified,399.0,399.0,39.900000000000006,,Mid Premium,0.0,0.0,4.3,36.0,Low,Valid,Valid,Available,100,Excellent,False,BigBasket,BigBasket,https://www.bigbasket.com/pd/40112663/bubblenut-wash-pure-soapnut-liquid-natural-laundry-detergent-1000-ml/,"https://www.bbassets.com/media/uploads/p/s/40112663_4-bubblenut-wash-pure-soapnut-liquid-natural-laundry-detergent.jpg?tr=w-80,q-80",18-08-26,39.900000000000006,,Valid,Valid,Low
221,BB_0043,Koparo,Koparo,Competitor,Not Team Thai,"Koparo Clean Laundry Liquid Detergent - Lavender, Lilac & Bergamot, 0% Dyes, Bleach Formaldehyde, Keeps Clothes Clean, 5 L",Liquid Detergent,5 L,5.0,l,5000.0,,Not Specified,1749.0,891.99,17.8398,,Premium,49.0,49.0,4.3,4.0,Very Low,Valid,Valid,Available,100,Excellent,False,BigBasket,BigBasket,https://www.bigbasket.com/pd/40244355/koparo-clean-laundry-liquid-detergent-lavender-lilac-bergamot-0-dyes-bleach-formaldehyde-keeps-clothes-clean-5-l/,"https://www.bbassets.com/media/uploads/p/s/40244355_6-koparo-clean-laundry-liquid-detergent-lavender-lilac-bergamot-0-dyes-bleach-formaldehyde-keeps-clothes-clean.jpg?tr=w-80,q-80",18-08-26,17.8398,,Valid,Valid,Very Low
222,BB_0044,Koparo,Koparo,Competitor,Not Team Thai,"Koparo Clean Liquid Detergent - Lavender, Lilac & Bergamot Fragrance, 2 L",Liquid Detergent,2 L,2.0,l,2000.0,,Not Specified,585.0,298.35,14.9175,,Mass Market,49.0,48.99999999999999,4.3,3.0,Very Low,Valid,Valid,Available,100,Excellent,False,BigBasket,BigBasket,https://www.bigbasket.com/pd/40282752/koparo-clean-laundry-liquid-lavender-lilac-bergamot-non-toxic-gentle-on-fabrics-18-l/,"https://www.bbassets.com/media/uploads/p/s/40282752_5-koparo-clean-laundry-liquid-lavender-lilac-bergamot-non-toxic-gentle-on-fabrics.jpg?tr=w-80,q-80",18-08-26,14.9175,,Valid,Valid,Very Low
223,BB_0045,Unknown,Unknown,Competitor,Not Team Thai,"Mee Mee Baby Laundry Detergent - Liquid, Mild, 500 ml Pack of 1",Liquid Detergent,500 ml,500.0,ml,500.0,,Not Specified,329.0,240.17,48.034,,Mass Market,27.0,27.0,4.2,15.0,Low,Valid,Valid,Available,100,Excellent,False,BigBasket,BigBasket,https://www.bigbasket.com/pd/40118359/mee-mee-baby-laundry-detergent-liquid-mild-500-ml/,"https://www.bbassets.com/media/uploads/p/s/40118359_11-mee-mee-baby-laundry-detergent-liquid-mild.jpg?tr=w-80,q-80",18-08-26,48.034,,Valid,Valid,Low
224,BB_0046,Unknown,Unknown,Competitor,Not Team Thai,"Zimmer Aufraumen Gentle Laundry Wash Liquid Detergent - For Baby Clothes, Front Load Machine, 5 L",Liquid Detergent,5 L,5.0,l,5000.0,,Front Load,2800.0,2800.0,56.00000000000001,,Luxury / High Premium,0.0,0.0,,0.0,No Reviews,Valid,Missing,Available,90,Excellent,False,BigBasket,BigBasket,https://www.bigbasket.com/pd/40302503/zimmer-aufraumen-gentle-laundry-wash-liquid-detergent-for-baby-clothes-front-load-machine-5-l/,"https://www.bbassets.com/media/uploads/p/s/40302503_1-zimmer-aufraumen-gentle-laundry-wash-liquid-detergent-for-baby-clothes-front-load-machine.jpg?tr=w-80,q-80",18-08-26,56.00000000000001,,Valid,Valid,No Reviews
225,BB_0047,Unknown,Unknown,Competitor,Not Team Thai,"Zimmer Aufraumen Laundry Liquid Detergent - For Front Load Machine, 5 L",Liquid Detergent,5 L,5.0,l,5000.0,,Front Load,950.0,950.0,19.0,,Premium,0.0,0.0,,0.0,No Reviews,Valid,Missing,Available,90,Excellent,False,BigBasket,BigBasket,https://www.bigbasket.com/pd/40302500/zimmer-aufraumen-laundry-liquid-detergent-for-front-load-machine-5-l/,"https://www.bbassets.com/media/uploads/p/s/40302500_1-zimmer-aufraumen-laundry-liquid-detergent-for-front-load-machine.jpg?tr=w-80,q-80",18-08-26,19.0,,Valid,Valid,No Reviews
226,BB_0048,Unknown,Unknown,Competitor,Not Team Thai,"Zimmer Aufraumen Gentle Laundry Wash Liquid Detergent - For Baby Clothes, Top Load Machine, 500 ml",Liquid Detergent,500 ml,500.0,ml,500.0,,Top Load,195.0,99.45,19.89,,Budget,49.0,49.0,,0.0,No Reviews,Valid,Missing,Available,90,Excellent,False,BigBasket,BigBasket,https://www.bigbasket.com/pd/40302506/zimmer-aufraumen-gentle-laundry-wash-liquid-detergent-for-baby-clothes-top-load-machine-500-ml/,"https://www.bbassets.com/media/uploads/p/s/40302506_1-zimmer-aufraumen-gentle-laundry-wash-liquid-detergent-for-baby-clothes-top-load-machine.jpg?tr=w-80,q-80",18-08-26,19.89,,Valid,Valid,No Reviews
227,BB_0049,Unknown,Unknown,Competitor,Not Team Thai,"Entor Laundry Liquid - Autumn Bliss, Plant Based, 450 ml",Liquid Detergent,450 ml,450.0,ml,450.0,,Not Specified,180.0,180.0,40.0,,Mass Market,0.0,0.0,,0.0,No Reviews,Valid,Missing,Available,90,Excellent,False,BigBasket,BigBasket,https://www.bigbasket.com/pd/40248308/entor-laundry-liquid-autumn-bliss-plant-based-450-ml/,"https://www.bbassets.com/media/uploads/p/s/40248308_2-entor-laundry-liquid-autumn-bliss-plant-based.jpg?tr=w-80,q-80",18-08-26,40.0,,Valid,Valid,No Reviews
228,BB_0050,Unknown,Unknown,Competitor,Not Team Thai,"Zimmer Aufraumen Laundry Liquid Detergent - For Top Load Machine, 5 L",Liquid Detergent,5 L,5.0,l,5000.0,,Top Load,1299.0,1299.0,25.98,,Luxury / High Premium,0.0,0.0,,0.0,No Reviews,Valid,Missing,Available,90,Excellent,False,BigBasket,BigBasket,https://www.bigbasket.com/pd/40302499/zimmer-aufraumen-laundry-liquid-detergent-for-top-load-machine-5-l/,"https://www.bbassets.com/media/uploads/p/s/40302499_1-zimmer-aufraumen-laundry-liquid-detergent-for-top-load-machine.jpg?tr=w-80,q-80",18-08-26,25.98,,Valid,Valid,No Reviews
229,BB_0051,Unknown,Unknown,Competitor,Not Team Thai,"LuvLap Baby Laundry Liquid Detergent, 500 ml",Liquid Detergent,500 ml,500.0,ml,500.0,,Not Specified,349.0,349.0,69.8,,Mid Premium,0.0,0.0,,0.0,No Reviews,Valid,Missing,Available,90,Excellent,False,BigBasket,BigBasket,https://www.bigbasket.com/pd/40159123/luvlap-baby-laundry-liquid-detergent-500-ml/,"https://www.bbassets.com/media/uploads/p/s/40159123_1-luvlap-baby-laundry-liquid-detergent.jpg?tr=w-80,q-80",18-08-26,69.8,,Valid,Valid,No Reviews
230,BB_0052,Born Good,Born Good,Competitor,Not Team Thai,"Born Good Plant Based Concentrated Liquid Laundry Detergent | Baby Safe, 1 L Bottle",Liquid Detergent,1 L,1.0,l,1000.0,,Not Specified,749.0,618.97,61.897000000000006,,Premium,17.0,17.36048064085447,,0.0,No Reviews,Valid,Missing,Available,90,Excellent,False,BigBasket,BigBasket,https://www.bigbasket.com/pd/40259859/born-good-concentrated-liquid-laundry-detergent-plant-based-brazilian-rosewood-fragrance-500-ml-bottle/,"https://www.bbassets.com/media/uploads/p/s/40259859_2-born-good-concentrated-liquid-laundry-detergent-plant-based-brazilian-rosewood-fragrance.jpg?tr=w-80,q-80",18-08-26,61.897000000000006,,Valid,Valid,No Reviews
231,BB_0053,Unknown,Unknown,Competitor,Not Team Thai,"Pigeon Laundry Detergent - Liquid, 600 ml Bottle",Liquid Detergent,600 ml,600.0,ml,600.0,,Not Specified,425.0,425.0,70.83333333333334,,Mid Premium,0.0,0.0,,1000.0,High,Valid,Missing,Available,90,Excellent,False,BigBasket,BigBasket,https://www.bigbasket.com/pd/40153296/pigeon-laundry-detergent-liquid-600-ml-bottle/,"https://www.bbassets.com/media/uploads/p/s/40153296_1-pigeon-laundry-detergent-liquid.jpg?tr=w-80,q-80",18-08-26,70.83333333333334,,Valid,Valid,High
232,BB_0054,Koparo,Koparo,Competitor,Not Team Thai,"Koparo Clean Laundry Detergent Liquid - Fresh Cotton, Lily & Vanilla, Removes Tough Stains, 5 L",Liquid Detergent,5 L,5.0,l,5000.0,,Not Specified,1749.0,891.99,17.8398,,Premium,49.0,49.0,,0.0,No Reviews,Valid,Missing,Available,90,Excellent,False,BigBasket,BigBasket,https://www.bigbasket.com/pd/40261873/koparo-clean-laundry-detergent-liquid-fresh-cotton-lily-vanilla-removes-tough-stains-5-l/,"https://www.bbassets.com/media/uploads/p/s/40261873_5-koparo-clean-laundry-detergent-liquid-fresh-cotton-lily-vanilla-removes-tough-stains.jpg?tr=w-80,q-80",18-08-26,17.8398,,Valid,Valid,No Reviews
233,BB_0055,Unknown,Unknown,Competitor,Not Team Thai,"Eco Root Natural Laundry Liquid Detergent, 1 L",Liquid Detergent,1 L,1.0,l,1000.0,,Not Specified,330.0,330.0,33.0,,Mid Premium,0.0,0.0,,0.0,No Reviews,Valid,Missing,Available,90,Excellent,False,BigBasket,BigBasket,https://www.bigbasket.com/pd/40370780/eco-root-natural-laundry-liquid-detergent-1-l/,"https://www.bbassets.com/media/uploads/p/s/40370780_1-eco-root-natural-laundry-liquid-detergent.jpg?tr=w-80,q-80",18-08-26,33.0,,Valid,Valid,No Reviews
235,BB_0057,Ariel,Ariel,Competitor,Not Team Thai,"Ariel Power Gel Liquid Detergent - For Top & Semi-Automatic Washing Machine, 300 g",Liquid Detergent,300 g,300.0,g,,300.0,Not Specified,75.0,75.0,,25.0,Budget,0.0,0.0,4.5,22.0,Low,Valid,Valid,Available,100,Excellent,False,BigBasket,BigBasket,https://www.bigbasket.com/pd/40369108/ariel-power-gel-top-load-liquid-detergent-removes-100-stains-in-1-wash-300-g/,"https://www.bbassets.com/media/uploads/p/s/40369108_1-ariel-power-gel-top-load-liquid-detergent-removes-100-stains-in-1-wash.jpg?tr=w-80,q-80",18-08-26,,25.0,Valid,Valid,Low
236,BB_0058,Ariel,Ariel,Competitor,Not Team Thai,"Ariel Power Gel Liquid Detergent - For Front Load Washing Machine, 300 g",Liquid Detergent,300 g,300.0,g,,300.0,Front Load,75.0,75.0,,25.0,Budget,0.0,0.0,4.3,19.0,Low,Valid,Valid,Available,100,Excellent,False,BigBasket,BigBasket,https://www.bigbasket.com/pd/40369107/ariel-power-gel-front-load-liquid-detergent-removes-100-stains-in-1-wash-300-g/,"https://www.bbassets.com/media/uploads/p/s/40369107_1-ariel-power-gel-front-load-liquid-detergent-removes-100-stains-in-1-wash.jpg?tr=w-80,q-80",18-08-26,,25.0,Valid,Valid,Low
237,BB_0059,Tide,Tide,Competitor,Not Team Thai,"Tide Power Gel Freshness Boost Liquid Detergent - For Machine & Hand Wash, 5 kg",Liquid Detergent,5 kg,5.0,kg,,5000.0,Hand Wash,575.0,575.0,,11.5,Mid Premium,0.0,0.0,,0.0,No Reviews,Valid,Missing,Available,90,Excellent,False,BigBasket,BigBasket,https://www.bigbasket.com/pd/40369110/tide-power-gel-liquid-detergent-for-top-load-front-load-washing-machine-5-kg/,"https://www.bbassets.com/media/uploads/p/s/40369110_2-tide-power-gel-liquid-detergent-for-top-load-front-load-washing-machine.jpg?tr=w-80,q-80",18-08-26,,11.5,Valid,Valid,No Reviews
238,BB_0060,Tide,Tide,Competitor,Not Team Thai,"Tide Power Gel Freshness Boost Liquid Detergent - For Machine & Hand Wash, 300 g",Liquid Detergent,300 g,300.0,g,,300.0,Hand Wash,75.0,75.0,,25.0,Budget,0.0,0.0,,0.0,No Reviews,Valid,Missing,Available,90,Excellent,False,BigBasket,BigBasket,https://www.bigbasket.com/pd/40369109/tide-power-gel-liquid-detergent-for-top-load-front-load-washing-machine-300-g/,"https://www.bbassets.com/media/uploads/p/s/40369109_2-tide-power-gel-liquid-detergent-for-top-load-front-load-washing-machine.jpg?tr=w-80,q-80",18-08-26,,25.0,Valid,Valid,No Reviews
240,BB_0062,Surf Excel,Surf Excel,Competitor,Not Team Thai,"Surf Excel Matic Express Clean & Care Liquid Detergent, 2 L",Liquid Detergent,2 L,2.0,l,2000.0,,Not Specified,410.0,320.0,16.0,,Mid Premium,22.0,21.951219512195124,4.2,82.0,Low,Valid,Valid,Available,100,Excellent,False,BigBasket,BigBasket,https://www.bigbasket.com/pd/40348858/surf-excel-matic-express-clean-care-liquid-detergent-2-l/,"https://www.bbassets.com/media/uploads/p/s/40348858_6-surf-excel-matic-express-clean-care-liquid-detergent.jpg?tr=w-80,q-80",18-08-26,16.0,,Valid,Valid,Low
242,BB_0064,Surf Excel,Surf Excel,Competitor,Not Team Thai,"Surf Excel Matic Express Clean & Care Liquid Detergent, 830 ml",Liquid Detergent,830 ml,830.0,ml,830.0,,Not Specified,235.0,215.0,25.903614457831324,,Mass Market,8.51,8.51063829787234,4.5,25.0,Low,Valid,Valid,Available,100,Excellent,False,BigBasket,BigBasket,https://www.bigbasket.com/pd/40348856/surf-excel-matic-express-clean-care-liquid-detergent-830-ml/,"https://www.bbassets.com/media/uploads/p/s/40348856_2-surf-excel-matic-express-clean-care-liquid-detergent.jpg?tr=w-80,q-80",18-08-26,25.903614457831324,,Valid,Valid,Low
243,BB_0065,Surf Excel,Surf Excel,Competitor,Not Team Thai,"Surf Excel Matic Express Pro-S Tech Liquid Detergent, 830 ml",Liquid Detergent,830 ml,830.0,ml,830.0,,Not Specified,235.0,215.0,25.903614457831324,,Mass Market,8.51,8.51063829787234,4.3,30.0,Low,Valid,Valid,Available,100,Excellent,False,BigBasket,BigBasket,https://www.bigbasket.com/pd/40348857/surf-excel-matic-express-clean-fresh-liquid-detergent-830-ml/,"https://www.bbassets.com/media/uploads/p/s/40348857_3-surf-excel-matic-express-clean-fresh-liquid-detergent.jpg?tr=w-80,q-80",18-08-26,25.903614457831324,,Valid,Valid,Low
245,BB_0067,Surf Excel,Surf Excel,Competitor,Not Team Thai,"Surf Excel Matic Express Pro-S Tech Liquid Detergent, 2 L",Liquid Detergent,2 L,2.0,l,2000.0,,Not Specified,410.0,320.0,16.0,,Mid Premium,22.0,21.951219512195124,3.9,42.0,Low,Valid,Valid,Available,100,Excellent,False,BigBasket,BigBasket,https://www.bigbasket.com/pd/40348859/surf-excel-matic-express-clean-fresh-liquid-detergent-2-l/,"https://www.bbassets.com/media/uploads/p/s/40348859_3-surf-excel-matic-express-clean-fresh-liquid-detergent.jpg?tr=w-80,q-80",18-08-26,16.0,,Valid,Valid,Low
248,BB_0070,Unknown,Unknown,Competitor,Not Team Thai,"Bodyguard Plant Based Baby Laundry Liquid Detergent, 1 L Pouch",Liquid Detergent,1 L,1.0,l,1000.0,,Not Specified,599.0,,,,Unknown,0.0,,5.0,3.0,Very Low,Invalid,Valid,Available,75,Good,False,BigBasket,BigBasket,https://www.bigbasket.com/pd/40218502/bodyguard-baby-laundry-liquid-detergent-plant-based-with-bio-enzymes-lemon-oil-1-l-pouch/,"https://www.bbassets.com/media/uploads/p/s/40218502_1-bodyguard-baby-laundry-liquid-detergent-plant-based-with-bio-enzymes-lemon-oil.jpg?tr=w-80,q-80",18-08-26,0.0,,Valid,Valid,Very Low
249,BB_0071,Beco,Beco,Competitor,Not Team Thai,"Beco Laundry Detergent Liquid, 1 L",Liquid Detergent,1 L,1.0,l,1000.0,,Not Specified,325.0,,,,Unknown,0.0,,4.0,5.0,Very Low,Invalid,Valid,Available,75,Good,False,BigBasket,BigBasket,https://www.bigbasket.com/pd/40280606/beco-floor-cleaner-floral-aqua-essential-oil-phenyl-alternative-kids-pets-friendly-1-l/,"https://www.bbassets.com/media/uploads/p/s/40280606_3-beco-floor-cleaner-floral-aqua-essential-oil-phenyl-alternative-kids-pets-friendly.jpg?tr=w-80,q-80",18-08-26,0.0,,Valid,Valid,Very Low
250,BB_0072,Henko,Henko,Competitor,Not Team Thai,"Henko Matic Top Load Liquid Detergent, 3.2 l",Liquid Detergent,3.2 l,3.2,l,3200.0,,Top Load,480.0,387.07,12.0959375,,Mid Premium,19.0,19.36041666666667,3.2,416.0,Moderate,Valid,Valid,Available,100,Excellent,False,BigBasket,BigBasket,https://www.bigbasket.com/pd/900459236/henko-matic-top-load-liquid-detergent-32-l/,"https://www.bbassets.com/media/uploads/p/s/900459236_1-henko-matic-top-load-liquid-detergent.jpg?tr=w-80,q-80",18-08-26,12.0959375,,Valid,Valid,Moderate
251,BB_0073,Unknown,Unknown,Competitor,Not Team Thai,"Hot Wash Standard Liquid Detergent For All Types Of Washing Machine, 1 L Bottle",Liquid Detergent,1 L,1.0,l,1000.0,,Not Specified,150.0,150.0,15.0,,Mass Market,0.0,0.0,4.8,5.0,Very Low,Valid,Valid,Available,100,Excellent,False,BigBasket,BigBasket,https://www.bigbasket.com/pd/40278531/hot-wash-standard-liquid-detergent-for-all-types-of-washing-machine-1-l-bottle/,"https://www.bbassets.com/media/uploads/p/s/40278531_1-hot-wash-standard-liquid-detergent-for-all-types-of-washing-machine.jpg?tr=w-80,q-80",18-08-26,15.0,,Valid,Valid,Very Low
252,BB_0074,Unknown,Unknown,Competitor,Not Team Thai,"Stanfresh Liquid Detergent & Softener - Safe On Hands, Clothes, For Bucket & Machine Wash, 1 L",Liquid Detergent,1 L,1.0,l,1000.0,,Not Specified,179.0,179.0,17.9,,Mass Market,0.0,0.0,4.7,31.0,Low,Valid,Valid,Available,100,Excellent,False,BigBasket,BigBasket,https://www.bigbasket.com/pd/40274510/stanfresh-liquid-detergent-softener-safe-on-hands-clothes-for-bucket-machine-wash-1-l/,"https://www.bbassets.com/media/uploads/p/s/40274510_1-stanfresh-liquid-detergent-softener-safe-on-hands-clothes-for-bucket-machine-wash.jpg?tr=w-80,q-80",18-08-26,17.9,,Valid,Valid,Low
253,BB_0075,Unknown,Unknown,Competitor,Not Team Thai,"mugi Active Wash Liquid Detergent - Suitable For Machine & Bucket Wash, 1.8 l",Liquid Detergent,1.8 l,1.8,l,1800.0,,Bucket Wash,225.0,225.0,12.5,,Mass Market,0.0,0.0,1.8,27.0,Low,Valid,Valid,Available,100,Excellent,False,BigBasket,BigBasket,https://www.bigbasket.com/pd/40298185/mugi-active-wash-liquid-detergent-suitable-for-machine-bucket-wash-18-l/,"https://www.bbassets.com/media/uploads/p/s/40298185_1-mugi-active-wash-liquid-detergent-suitable-for-machine-bucket-wash.jpg?tr=w-80,q-80",18-08-26,12.5,,Valid,Valid,Low
254,BB_0076,Tide,Tide,Competitor,Not Team Thai,"Tide Matic Liquid Detergent Front Load - Stain Removal In Washing Machine, 850 ml",Liquid Detergent,850 ml,850.0,ml,850.0,,Front Load,155.0,155.0,18.235294117647054,,Mass Market,0.0,0.0,4.1,258.0,Moderate,Valid,Valid,Available,100,Excellent,False,BigBasket,BigBasket,https://www.bigbasket.com/pd/40273791/tide-matic-liquid-detergent-front-load-removes-stains-gives-fresh-fragrance-850-ml/,"https://www.bbassets.com/media/uploads/p/s/40273791_2-tide-matic-liquid-detergent-front-load-removes-stains-gives-fresh-fragrance.jpg?tr=w-80,q-80",18-08-26,18.23529411764705,,Valid,Valid,Moderate
255,BB_0077,Ujala,Ujala,Competitor,Not Team Thai,"Ujala Liquid Detergent - Top Load Machine & Bucket Wash, 4 L",Liquid Detergent,4 L,4.0,l,4000.0,,Top Load,700.0,432.67,10.81675,,Mid Premium,38.0,38.19,4.0,29.0,Low,Valid,Valid,Available,100,Excellent,False,BigBasket,BigBasket,https://www.bigbasket.com/pd/40336851/ujala-liquid-detergent-top-load-machine-bucket-wash-4-l/,"https://www.bbassets.com/media/uploads/p/s/40336851_1-ujala-liquid-detergent-top-load-machine-bucket-wash.jpg?tr=w-80,q-80",18-08-26,10.81675,,Valid,Valid,Low
256,BB_0078,Unknown,Unknown,Competitor,Not Team Thai,"Clean Day Advanced Liquid Detergent - For Both Hand & Machine Wash, 1 L",Liquid Detergent,1 L,1.0,l,1000.0,,Not Specified,140.0,126.0,12.6,,Budget,10.0,10.0,,0.0,No Reviews,Valid,Missing,Available,90,Excellent,False,BigBasket,BigBasket,https://www.bigbasket.com/pd/40315978/clean-day-advanced-liquid-detergent-for-both-hand-machine-wash-1-l/,"https://www.bbassets.com/media/uploads/p/s/40315978_1-clean-day-advanced-liquid-detergent-for-both-hand-machine-wash.jpg?tr=w-80,q-80",18-08-26,12.6,,Valid,Valid,No Reviews
257,BB_0079,Unknown,Unknown,Competitor,Not Team Thai,"Zimmer Aufraumen Woolen Wash Liquid Detergent - Top Load Machine, 5 L",Liquid Detergent,5 L,5.0,l,5000.0,,Top Load,1150.0,1150.0,23.0,,Luxury / High Premium,0.0,0.0,,0.0,No Reviews,Valid,Missing,Available,90,Excellent,False,BigBasket,BigBasket,https://www.bigbasket.com/pd/40302502/zimmer-aufraumen-woolen-wash-liquid-detergent-top-load-machine-5-l/,"https://www.bbassets.com/media/uploads/p/s/40302502_1-zimmer-aufraumen-woolen-wash-liquid-detergent-top-load-machine.jpg?tr=w-80,q-80",18-08-26,23.0,,Valid,Valid,No Reviews
258,BB_0080,Unknown,Unknown,Competitor,Not Team Thai,"Zimmer Aufraumen Wool Wash Liquid Detergent - Front Load Machine, 5 L",Liquid Detergent,5 L,5.0,l,5000.0,,Front Load,1150.0,1150.0,23.0,,Luxury / High Premium,0.0,0.0,,0.0,No Reviews,Valid,Missing,Available,90,Excellent,False,BigBasket,BigBasket,https://www.bigbasket.com/pd/40302501/zimmer-aufraumen-wool-wash-liquid-detergent-front-load-machine-5-l/,"https://www.bbassets.com/media/uploads/p/s/40302501_1-zimmer-aufraumen-wool-wash-liquid-detergent-front-load-machine.jpg?tr=w-80,q-80",18-08-26,23.0,,Valid,Valid,No Reviews
259,BB_0081,Rin,Rin,Competitor,Not Team Thai,"Rin Matic Top Load Liquid Detergent, 4 kg",Liquid Detergent,4 kg,4.0,kg,,4000.0,Top Load,440.0,396.0,,9.9,Mid Premium,10.0,10.0,4.8,138.0,Moderate,Valid,Valid,Available,100,Excellent,False,BigBasket,BigBasket,https://www.bigbasket.com/pd/40361659/rin-matic-top-load-liquid-detergent-4-l/,"https://www.bbassets.com/media/uploads/p/s/40361659_5-rin-matic-top-load-liquid-detergent.jpg?tr=w-80,q-80",18-08-26,,9.9,Valid,Valid,Moderate
260,BB_0082,Henko,Henko,Competitor,Not Team Thai,"Henko Matic Top Load Liquid Detergent, 1 L",Liquid Detergent,1 L,1.0,l,1000.0,,Top Load,200.0,150.0,15.0,,Mass Market,25.0,25.0,4.3,246.0,Moderate,Valid,Valid,Available,100,Excellent,False,BigBasket,BigBasket,https://www.bigbasket.com/pd/40237249/henko-matic-liquid-detergent-top-load-nano-fibre-lock-technology-999-germ-protection-1-l/,"https://www.bbassets.com/media/uploads/p/s/40237249_3-henko-matic-liquid-detergent-top-load-nano-fibre-lock-technology-999-germ-protection.jpg?tr=w-80,q-80",18-08-26,15.0,,Valid,Valid,Moderate
261,BB_0083,Bb Home,BB Home,Competitor,Not Team Thai,"bb home Super Matic Front Load Liquid Detergent, 3.2 L",Liquid Detergent,3.2 L,3.2,l,3200.0,,Front Load,750.0,409.0,12.78125,,Mid Premium,45.0,45.46666666666667,3.2,139.0,Moderate,Valid,Valid,Available,100,Excellent,False,BigBasket,BigBasket,https://www.bigbasket.com/pd/40332550/bb-home-liquid-detergent-front-load-32-l/,"https://www.bbassets.com/media/uploads/p/s/40332550_5-bb-home-liquid-detergent-front-load.jpg?tr=w-80,q-80",18-08-26,12.78125,,Valid,Valid,Moderate
262,BB_0084,Ariel,Ariel,Competitor,Not Team Thai,"Ariel Power Gel Front Load Liquid Detergent - Lavender Freshness, 3.6 kg",Liquid Detergent,3.6 kg,3.6,kg,,3600.0,Front Load,855.0,684.0,,19.0,Premium,20.0,20.0,3.6,56.0,Low,Valid,Valid,Available,100,Excellent,False,BigBasket,BigBasket,https://www.bigbasket.com/pd/40344991/ariel-liquid-detergent-front-load-with-lavender-freshness-fragnance-removes-7-day-dried-in-stains-in-1-wash-inside-washing-machine-protects-colours-dissolves-faster-36-ml/,"https://www.bbassets.com/media/uploads/p/s/40344991_4-ariel-liquid-detergent-front-load-with-lavender-freshness-fragnance-removes-7-day-dried-in-stains-in-1-wash-inside-washing-machine-protects-colours-dissolves-faster.jpg?tr=w-80,q-80",18-08-26,,19.0,Valid,Valid,Low
263,BB_0085,Bb Home,BB Home,Competitor,Not Team Thai,"bb home Front Load Liquid Detergent, 1 L Bottle",Liquid Detergent,1 L,1.0,l,1000.0,,Front Load,255.0,185.0,18.5,,Mass Market,27.0,27.450980392156865,3.9,285.0,Moderate,Valid,Valid,Available,100,Excellent,False,BigBasket,BigBasket,https://www.bigbasket.com/pd/40316718/bb-home-liquid-detergent-front-load-1-l-bottle/,"https://www.bbassets.com/media/uploads/p/s/40316718_4-bb-home-liquid-detergent-front-load.jpg?tr=w-80,q-80",18-08-26,18.5,,Valid,Valid,Moderate
264,BB_0086,Tide,Tide,Competitor,Not Team Thai,"Tide Power Gel Freshness Boost Top Load & Front Load Liquid Detergent, 1 kg",Liquid Detergent,1 kg,1.0,kg,,1000.0,Front + Top Load,159.0,151.05,,15.105000000000002,Mass Market,5.0,4.999999999999993,4.1,261.0,Moderate,Valid,Valid,Available,100,Excellent,False,BigBasket,BigBasket,https://www.bigbasket.com/pd/40273790/tide-matic-liquid-detergent-top-load-removes-stains-gives-fresh-fragrance-850-ml/,"https://www.bbassets.com/media/uploads/p/s/40273790_4-tide-matic-liquid-detergent-top-load-removes-stains-gives-fresh-fragrance.jpg?tr=w-80,q-80",18-08-26,,15.105000000000002,Valid,Valid,Moderate
265,BB_0087,Unknown,Unknown,Competitor,Not Team Thai,"Swachha Matic Liquid Detergent - Suitable For Top & Front Load, 5 L Jar",Liquid Detergent,5 L,5.0,l,5000.0,,Front Load,975.0,975.0,19.5,,Premium,0.0,0.0,5.0,1.0,Very Low,Valid,Valid,Available,100,Excellent,False,BigBasket,BigBasket,https://www.bigbasket.com/pd/40302456/swachha-matic-liquid-detergent-suitable-for-top-front-load-5-l-jar/,"https://www.bbassets.com/media/uploads/p/s/40302456_1-swachha-matic-liquid-detergent-suitable-for-top-front-load.jpg?tr=w-80,q-80",18-08-26,19.5,,Valid,Valid,Very Low
266,BB_0088,Surf Excel,Surf Excel,Competitor,Not Team Thai,"Surf Excel Matic Front Load Liquid Detergent, 1 L Pouch",Liquid Detergent,1 L,1.0,l,1000.0,,Front Load,209.0,209.0,20.9,,Mass Market,0.0,0.0,4.7,27.0,Low,Valid,Valid,Available,100,Excellent,False,BigBasket,BigBasket,https://www.bigbasket.com/pd/40281923/surf-excel-matic-liquid-front-load-removes-tough-stains-safe-on-clothes-1-l-pouch/,"https://www.bbassets.com/media/uploads/p/s/40281923_1-surf-excel-matic-liquid-front-load-removes-tough-stains-safe-on-clothes.jpg?tr=w-80,q-80",18-08-26,20.9,,Valid,Valid,Low
267,BB_0089,Unknown,Unknown,Competitor,Not Team Thai,"mugi Ultra Liquid Detergent, 1 L",Liquid Detergent,1 L,1.0,l,1000.0,,Not Specified,230.0,230.0,23.0,,Mass Market,0.0,0.0,4.4,67.0,Low,Valid,Valid,Available,100,Excellent,False,BigBasket,BigBasket,https://www.bigbasket.com/pd/40031610/mugi-ultra-liquid-detergent-1-l/,"https://www.bbassets.com/media/uploads/p/s/40031610_1-mugi-ultra-liquid-detergent.jpg?tr=w-80,q-80",18-08-26,23.0,,Valid,Valid,Low
268,BB_0090,Ariel,Ariel,Competitor,Not Team Thai,"Ariel Matic Top & Front Load Liquid Detergent, 1.5 L",Liquid Detergent,1.5 L,1.5,l,1500.0,,Front Load,320.0,320.0,21.333333333333336,,Mid Premium,0.0,0.0,1.5,359.0,Moderate,Valid,Valid,Available,100,Excellent,False,BigBasket,BigBasket,https://www.bigbasket.com/pd/40189424/ariel-matic-liquid-detergent-15-l/,"https://www.bbassets.com/media/uploads/p/s/40189424_1-ariel-matic-liquid-detergent.jpg?tr=w-80,q-80",18-08-26,21.333333333333336,,Valid,Valid,Moderate
269,BB_0091,Ariel,Ariel,Competitor,Not Team Thai,"Ariel Matic Top & Front Load Liquid Detergent, 1 L",Liquid Detergent,1 L,1.0,l,1000.0,,Front Load,215.0,215.0,21.5,,Mass Market,0.0,0.0,4.3,3416.0,High,Valid,Valid,Available,100,Excellent,False,BigBasket,BigBasket,https://www.bigbasket.com/pd/40151783/ariel-matic-liquid-detergent-1-l/,"https://www.bbassets.com/media/uploads/p/s/40151783_5-ariel-matic-liquid-detergent.jpg?tr=w-80,q-80",18-08-26,21.5,,Valid,Valid,High
270,BB_0092,Henko,Henko,Competitor,Not Team Thai,"Henko Matic Front Load Liquid Detergent, 1 L",Liquid Detergent,1 L,1.0,l,1000.0,,Front Load,230.0,220.0,22.0,,Mass Market,99.9,4.3478260869565215,4.3,120.0,Moderate,Valid,Valid,Available,100,Excellent,False,BigBasket,BigBasket,https://www.bigbasket.com/pd/40237251/henko-matic-liquid-detergent-front-load-nano-fibre-lock-technology-999-germ-protection-1-l/,"https://www.bbassets.com/media/uploads/p/s/40237251_4-henko-matic-liquid-detergent-front-load-nano-fibre-lock-technology-999-germ-protection.jpg?tr=w-80,q-80",18-08-26,22.0,,Valid,Valid,Moderate
271,BB_0093,Godrej Fab,Godrej Fab,Competitor,Not Team Thai,"Godrej Fab Front Load Liquid Detergent, 800 g",Liquid Detergent,800 g,800.0,g,,800.0,Front Load,120.0,120.0,,15.0,Budget,0.0,0.0,4.3,16.0,Low,Valid,Valid,Available,100,Excellent,False,BigBasket,BigBasket,https://www.bigbasket.com/pd/40359938/godrej-fab-front-load-liquid-detergent-950-ml-pouch/,"https://www.bbassets.com/media/uploads/p/s/40359938_4-godrej-fab-front-load-liquid-detergent.jpg?tr=w-80,q-80",18-08-26,,15.0,Valid,Valid,Low
272,BB_0094,Godrej Ezee,Godrej Ezee,Competitor,Not Team Thai,"Godrej Ezee 2-In-1 Liquid Detergent + Fabric Conditioner - Front Load, 2 kg Pouch",Liquid Detergent,2 kg,2.0,kg,,2000.0,Front Load,450.0,450.0,,22.5,Mid Premium,0.0,0.0,4.3,111.0,Moderate,Valid,Valid,Available,100,Excellent,False,BigBasket,BigBasket,https://www.bigbasket.com/pd/40198317/godrej-ezee-2-in-1-liquid-detergent-fabric-conditioner-2-kg-pouch/,"https://www.bbassets.com/media/uploads/p/s/40198317_2-godrej-ezee-2-in-1-liquid-detergent-fabric-conditioner.jpg?tr=w-80,q-80",18-08-26,,22.5,Valid,Valid,Moderate
273,BB_0095,Godrej Ezee,Godrej Ezee,Competitor,Not Team Thai,"Godrej Ezee 2-in-1 Liquid Detergent + Fabric Sanitizer - 99% Germ Protection, For Regular Clothes, 500 g",Liquid Detergent,500 g,500.0,g,,500.0,Not Specified,120.0,120.0,,24.0,Budget,0.0,0.0,4.3,312.0,Moderate,Valid,Valid,Available,100,Excellent,False,BigBasket,BigBasket,https://www.bigbasket.com/pd/40198320/godrej-ezee-2-in-1-liquid-detergent-fabric-sanitizer-500-g/,"https://www.bbassets.com/media/uploads/p/s/40198320_2-godrej-ezee-2-in-1-liquid-detergent-fabric-sanitizer.jpg?tr=w-80,q-80",18-08-26,,24.0,Valid,Valid,Moderate
274,BB_0096,Safewash,Safewash,Competitor,Not Team Thai,"Safewash Front LoadÂ MaticÂ Premium Liquid Detergent, 1.5 L (Get 500 ml Free)",Liquid Detergent,1.5 L,1.5,l,1500.0,,Front Load,220.0,217.8,14.52,,Mass Market,1.0,0.9999999999999948,1.5,186.0,Moderate,Valid,Valid,Available,100,Excellent,False,BigBasket,BigBasket,https://www.bigbasket.com/pd/40110664/wipro-safewash-matic-front-load-liquid-detergent-1-kg/,"https://www.bbassets.com/media/uploads/p/s/40110664_13-wipro-safewash-matic-front-load-liquid-detergent.jpg?tr=w-80,q-80",18-08-26,14.52,,Valid,Valid,Moderate
275,BB_0097,Ariel,Ariel,Competitor,Not Team Thai,"Ariel Power Gel Front Load Liquid Detergent - Lavender Freshness, 900 g",Liquid Detergent,900 g,900.0,g,,900.0,Front Load,219.0,219.0,,24.333333333333336,Mass Market,0.0,0.0,4.2,71.0,Low,Valid,Valid,Available,100,Excellent,False,BigBasket,BigBasket,https://www.bigbasket.com/pd/40344989/ariel-liquid-detergent-front-load-with-lavender-freshness-fragnance-removes-7-day-dried-in-stains-in-1-wash-inside-washing-machine-protects-colours-dissolves-faster-900-ml/,"https://www.bbassets.com/media/uploads/p/s/40344989_7-ariel-liquid-detergent-front-load-with-lavender-freshness-fragnance-removes-7-day-dried-in-stains-in-1-wash-inside-washing-machine-protects-colours-dissolves-faster.jpg?tr=w-80,q-80",18-08-26,,24.333333333333336,Valid,Valid,Low
276,BB_0098,Genteel,Genteel,Competitor,Not Team Thai,"Genteel Matic Front Load Liquid Detergent, 4 kg",Liquid Detergent,4 kg,4.0,kg,,4000.0,Front Load,650.0,604.5,,15.1125,Premium,7.0,7.000000000000001,4.1,17.0,Low,Valid,Valid,Available,100,Excellent,False,BigBasket,BigBasket,https://www.bigbasket.com/pd/40341397/genteel-matic-front-load-liquid-detergent-4-kg/,"https://www.bbassets.com/media/uploads/p/s/40341397_3-genteel-matic-front-load-liquid-detergent.jpg?tr=w-80,q-80",18-08-26,,15.1125,Valid,Valid,Low
277,BB_0099,Henko,Henko,Competitor,Not Team Thai,"Henko Matic Front Load Liquid Detergent, 3.2 l",Liquid Detergent,3.2 l,3.2,l,3200.0,,Front Load,480.0,374.4,11.7,,Mid Premium,22.0,22.000000000000007,3.2,248.0,Moderate,Valid,Valid,Available,100,Excellent,False,BigBasket,BigBasket,https://www.bigbasket.com/pd/900459237/henko-matic-matic-front-load-liquid-detergent-32-l/,"https://www.bbassets.com/media/uploads/p/s/900459237_1-henko-matic-matic-front-load-liquid-detergent.jpg?tr=w-80,q-80",18-08-26,11.7,,Valid,Valid,Moderate
278,BB_0100,Safewash,Safewash,Competitor,Not Team Thai,"Safewash Matic Liquid Detergent - Front Load, 3000 ml",Liquid Detergent,3000 ml,3000.0,ml,3000.0,,Front Load,715.0,643.5,21.45,,Premium,10.0,10.0,4.1,55.0,Low,Valid,Valid,Available,100,Excellent,False,BigBasket,BigBasket,https://www.bigbasket.com/pd/40327530/safewash-matic-liquid-detergent-front-load-32-l/,"https://www.bbassets.com/media/uploads/p/s/40327530_2-safewash-matic-liquid-detergent-front-load.jpg?tr=w-80,q-80",18-08-26,21.45,,Valid,Valid,Low
279,BB_0101,Elo Clean,Elo Clean,Competitor,Not Team Thai,"KIKGERM Elo Clean Front Load Liquid Detergent, 3 L",Liquid Detergent,3 L,3.0,l,3000.0,,Front Load,499.0,499.0,16.633333333333333,,Mid Premium,0.0,0.0,4.0,1.0,Very Low,Valid,Valid,Available,100,Excellent,False,BigBasket,BigBasket,https://www.bigbasket.com/pd/40345899/kikgerm-elo-clean-front-load-liquid-detergent-3-l/,"https://www.bbassets.com/media/uploads/p/s/40345899_1-kikgerm-elo-clean-front-load-liquid-detergent.jpg?tr=w-80,q-80",18-08-26,16.633333333333333,,Valid,Valid,Very Low
280,BB_0102,Safewash,Safewash,Competitor,Not Team Thai,"Safewash Matic Liquid Detergent - Top Load, 3000 ml",Liquid Detergent,3000 ml,3000.0,ml,3000.0,,Top Load,635.0,476.25,15.875,,Mid Premium,25.0,25.0,3.9,40.0,Low,Valid,Valid,Available,100,Excellent,False,BigBasket,BigBasket,https://www.bigbasket.com/pd/40327529/safewash-matic-liquid-detergent-top-load-32-l/,"https://www.bbassets.com/media/uploads/p/s/40327529_2-safewash-matic-liquid-detergent-top-load.jpg?tr=w-80,q-80",18-08-26,15.875,,Valid,Valid,Low
281,BB_0103,Ariel,Ariel,Competitor,Not Team Thai,"Ariel Power Gel Top Load & Semi-Auto Liquid Detergent - Lavender Freshness, 900 g",Liquid Detergent,900 g,900.0,g,,900.0,Top Load,195.0,195.0,,21.666666666666668,Mass Market,0.0,0.0,4.1,134.0,Moderate,Valid,Valid,Available,100,Excellent,False,BigBasket,BigBasket,https://www.bigbasket.com/pd/40344988/ariel-liquid-detergent-top-load-with-lavender-freshness-fragnance-removes-7-day-dried-in-stains-in-1-wash-inside-washing-machine-protects-colours-dissolves-faster-900-ml/,"https://www.bbassets.com/media/uploads/p/s/40344988_7-ariel-liquid-detergent-top-load-with-lavender-freshness-fragnance-removes-7-day-dried-in-stains-in-1-wash-inside-washing-machine-protects-colours-dissolves-faster.jpg?tr=w-80,q-80",18-08-26,,21.666666666666668,Valid,Valid,Moderate
282,BB_0104,Safewash,Safewash,Competitor,Not Team Thai,"Safewash Liquid Detergent, 2 kg",Liquid Detergent,2 kg,2.0,kg,,2000.0,Not Specified,330.0,330.0,,16.5,Mid Premium,0.0,0.0,5.0,1.0,Very Low,Valid,Valid,Available,100,Excellent,False,BigBasket,BigBasket,https://www.bigbasket.com/pd/40327531/safewash-liquid-detergent-2-kg/,"https://www.bbassets.com/media/uploads/p/s/40327531_1-safewash-liquid-detergent.jpg?tr=w-80,q-80",18-08-26,,16.5,Valid,Valid,Very Low
283,BB_0105,Henko,Henko,Competitor,Not Team Thai,"Henko Matic Top Load Liquid Detergent, 5 L",Liquid Detergent,5 L,5.0,l,5000.0,,Top Load,700.0,521.36,10.4272,,Mid Premium,26.0,25.52,4.9,20.0,Low,Valid,Valid,Available,100,Excellent,False,BigBasket,BigBasket,https://www.bigbasket.com/pd/40361462/henko-matic-top-load-liquid-detergent-5-l/,"https://www.bbassets.com/media/uploads/p/s/40361462_1-henko-matic-top-load-liquid-detergent.jpg?tr=w-80,q-80",18-08-26,10.4272,,Valid,Valid,Low
284,BB_0106,Unknown,Unknown,Competitor,Not Team Thai,"Frosch Liquid Detergent - Aloe Vera, 1.8 L",Liquid Detergent,1.8 L,1.8,l,1800.0,,Not Specified,899.0,899.0,49.94444444444445,,Premium,0.0,0.0,1.8,11.0,Low,Valid,Valid,Available,100,Excellent,False,BigBasket,BigBasket,https://www.bigbasket.com/pd/40102127/frosch-liquid-detergent-aloe-vera-18-l/,"https://www.bbassets.com/media/uploads/p/s/40102127_4-frosch-liquid-detergent-aloe-vera.jpg?tr=w-80,q-80",18-08-26,49.94444444444445,,Valid,Valid,Low
285,BB_0107,Unknown,Unknown,Competitor,Not Team Thai,"Safed Smart Zymes Liquid Detergent, 430 ml",Liquid Detergent,430 ml,430.0,ml,430.0,,Not Specified,70.0,70.0,16.27906976744186,,Budget,0.0,0.0,4.6,5.0,Very Low,Valid,Valid,Available,100,Excellent,False,BigBasket,BigBasket,https://www.bigbasket.com/pd/40316667/safed-smart-zymes-detergent-liquid-430-ml/,"https://www.bbassets.com/media/uploads/p/s/40316667_1-safed-smart-zymes-detergent-liquid.jpg?tr=w-80,q-80",18-08-26,16.27906976744186,,Valid,Valid,Very Low
286,BB_0108,Surf Excel,Surf Excel,Competitor,Not Team Thai,"Surf Excel Matic Top Load Liquid Detergent, 2 L",Liquid Detergent,2 L,2.0,l,2000.0,,Top Load,430.0,430.0,21.5,,Mid Premium,0.0,0.0,4.5,35.0,Low,Valid,Valid,Available,100,Excellent,False,BigBasket,BigBasket,https://www.bigbasket.com/pd/413133/surf-excel-matic-liquid-detergent-top-load-2-l-pouch/,"https://www.bbassets.com/media/uploads/p/s/413133_1-surf-excel-matic-liquid-detergent-top-load.jpg?tr=w-80,q-80",18-08-26,21.5,,Valid,Valid,Low
287,BB_0109,Sunlight,Sunlight,Competitor,Not Team Thai,"Sunlight Matic Liquid Detergent With Colour Shield, 2 kg",Liquid Detergent,2 kg,2.0,kg,,2000.0,Not Specified,300.0,225.0,,11.25,Mass Market,25.0,25.0,4.5,29.0,Low,Valid,Valid,Available,100,Excellent,False,BigBasket,BigBasket,https://www.bigbasket.com/pd/40324700/sunlight-matic-liquid-maintains-brightness-of-100-colours-2-l/,"https://www.bbassets.com/media/uploads/p/s/40324700_4-sunlight-matic-liquid-maintains-brightness-of-100-colours.jpg?tr=w-80,q-80",18-08-26,,11.25,Valid,Valid,Low
288,BB_0110,Ghadi,Ghadi,Competitor,Not Team Thai,"Ghadi Smart Lavender Fragrance Matic Liquid Detergent, 4.5 L",Liquid Detergent,4.5 L,4.5,l,4500.0,,Not Specified,499.0,451.0,10.022222222222222,,Mid Premium,9.62,9.619238476953909,4.5,31.0,Low,Valid,Valid,Available,100,Excellent,False,BigBasket,BigBasket,https://www.bigbasket.com/pd/40357784/ghadi-smart-lavender-fragrance-matic-liquid-detergent-45-l/,"https://www.bbassets.com/media/uploads/p/s/40357784_2-ghadi-smart-lavender-fragrance-matic-liquid-detergent.jpg?tr=w-80,q-80",18-08-26,10.022222222222222,,Valid,Valid,Low
289,BB_0111,More,More,Competitor,Not Team Thai,"More Light Extra Power Liquid Detergent, 5 L",Liquid Detergent,5 L,5.0,l,5000.0,,Not Specified,599.0,399.0,7.979999999999999,,Mid Premium,33.0,33.3889816360601,4.4,163.0,Moderate,Valid,Valid,Available,100,Excellent,False,BigBasket,BigBasket,https://www.bigbasket.com/pd/900458193/morelight-extra-power-liquid-detergent-5-l/,"https://www.bbassets.com/media/uploads/p/s/900458193_1-morelight-extra-power-liquid-detergent.jpg?tr=w-80,q-80",18-08-26,7.979999999999999,,Valid,Valid,Moderate
